age,monthly_income,employment_type,years_employed,existing_emi,repayment_history,risk_label,approval_status
28.21791921348493,27994.100048186912,self-employed,5.040420328235761,14714.97344781254,0.8996714153011233,high,not_eligible
51.59949063671967,83939.67902747942,self-employed,6.350670982827268,6128.0203643185605,0.8361735698828815,low,approved
38.40606191226783,42654.46111376264,self-employed,12.376255437371045,7810.963685081572,0.9147688538100692,medium,not_eligible
23.376364967692567,33843.16841184526,self-employed,3.325227119939635,9832.665664024624,1.0,medium,not_eligible
44.63399903436569,82865.07949026937,self-employed,14.983219604000825,8586.156046562837,0.8265846625276664,high,not_eligible
29.23251017072243,58115.17591824719,student,10.828740669113476,4896.681787559836,0.826586304305082,high,not_eligible
46.92646491782504,20519.93223956503,salaried,2.826054585794748,5277.850209669412,1.0,medium,not_eligible
21.57330018170628,47012.54676949757,self-employed,3.940414494545264,3766.5908936542514,0.9267434729152908,low,approved
47.33962941965897,22708.93212034813,student,7.927772265271569,3977.5431539590154,0.8030525614065047,high,not_eligible
43.687099535677056,12567.335905052618,unemployed,3.916180214811793,1115.8442624054398,0.9042560043585964,low,approved
43.3096751717643,62638.46872707283,salaried,3.118761366150381,3965.0360509127067,0.8036582307187538,medium,not_eligible
51.92163526885157,54333.02469979647,salaried,8.89014505861881,4044.9552026544748,0.8034270246429743,low,approved
45.725622470482605,68897.95193177697,self-employed,12.380419293711284,1986.5356251632186,0.8741962271566034,low,approved
51.77166749001491,56352.79918834891,student,12.216205450418132,5580.21074515581,0.6586719755342202,high,not_eligible
51.19804718219307,55722.33061202075,self-employed,9.331617717037684,1946.4409553044534,0.6775082167486967,low,approved
45.12211405419031,74000.81942529594,self-employed,9.952316232171018,4510.546521631619,0.7937712470759027,low,approved
23.342383135946854,72940.46386242502,student,11.550812648191346,4408.195460698667,0.7487168879665576,high,not_eligible
53.08445326211335,82357.51253672432,student,13.847133177967365,1667.6694092617681,0.8814247332595274,medium,not_eligible
22.7439054065158,39383.43330531059,self-employed,9.213560826899077,7743.614941613364,0.7591975924478789,medium,not_eligible
28.72899753084764,51033.64863698828,self-employed,2.9627861161165683,9781.343061490685,0.7087696298664709,high,not_eligible
20.0,80316.0,salaried,5.0,1535.5544738815775,0.9965648768921552,low,approved
31.191128895919665,37904.60720613232,unemployed,11.61092214375244,4285.860531157967,0.8274223699513464,low,approved
18.96417165581948,61815.08575090906,unemployed,8.319263415027583,4626.661175467103,0.8567528204687923,medium,not_eligible
56.02501379956455,88563.99331449335,salaried,12.395634827030996,7616.411402747976,0.7075251813786543,high,not_eligible
39.98561133259725,65162.01023809855,self-employed,13.220282941322482,4575.318955696252,0.7955617275474817,low,approved
49.309066040528016,43258.37183279393,salaried,8.799756210804244,6482.679803941734,0.8610922589709866,medium,not_eligible
48.96741156896375,63965.40720413869,self-employed,13.091395687577968,646.9465343195164,0.7349006422577697,low,approved
47.53046058663945,53296.4816102232,self-employed,9.238709016366586,9006.362315099002,0.8875698018345671,medium,not_eligible
34.35525502428666,75316.33722762033,unemployed,0.0,6026.761334274122,0.7899361310081194,medium,not_eligible
39.2058676439844,28966.16562770403,salaried,0.0,6172.04415914022,0.8208306250206723,high,not_eligible
29.15938276628942,28972.372119040887,unemployed,8.263000156563724,10418.860991969603,0.7898293387770603,high,not_eligible
44.49998327674857,37685.59728505217,student,14.35269955327834,1615.4066697563346,1.0,low,approved
40.90543085336165,66544.88254626124,self-employed,12.197808889942385,2434.348083867011,0.8486502775262066,medium,not_eligible
45.41701727050796,81299.67609312142,self-employed,9.873400378763774,8570.703572817085,0.7442289071044099,medium,not_eligible
25.63882712754331,91715.58963446002,salaried,6.609942441933718,1450.7567527834306,0.9322544912103188,low,approved
40.106939127914046,56123.89250229717,unemployed,4.143184431795457,3415.238459096948,0.7279156350028977,low,approved
56.0,65609.0,student,4.0,2638.7948802392484,0.8708863595004755,medium,not_eligible
44.032739979894245,27613.92312420423,salaried,9.908051758923694,7786.342823248236,0.6540329876120224,medium,not_eligible
18.36979607269137,25808.41487795904,unemployed,13.286581478770865,3653.2888191952584,0.7171813951101569,low,approved
26.59666491296608,53801.83602426743,self-employed,3.246689223760722,4496.775633098059,0.8696861235869123,high,not_eligible
44.6817517009004,10105.479647684737,salaried,0.0,7059.583902371013,0.923846657999541,medium,not_eligible
55.700440090914284,98169.19254578472,self-employed,3.0629425171002835,7550.179843561302,0.8671368281189971,medium,not_eligible
18.632035679944668,74636.76901500911,salaried,11.814649548242606,7331.280901791358,0.8384351717611759,high,not_eligible
24.230029655147227,60362.72397196267,self-employed,1.9537829737208088,942.3289793893216,0.8198896304410711,low,approved
39.48589060044652,101929.71641703488,salaried,8.130175470863847,10539.074419835239,0.7021478009632572,high,not_eligible
31.05812624558497,92653.87726639496,salaried,7.415653337512329,14110.658871116146,0.7780155791605291,high,not_eligible
50.78931489193333,90745.4054080091,student,7.794503011374661,5398.589519211409,0.8039361229040212,high,not_eligible
47.269631919658366,58746.45559399093,salaried,4.923357481302007,9366.807056882175,0.9557122226218916,high,not_eligible
38.91437975183349,84002.21418127733,unemployed,2.048565360762973,8701.539237515306,0.8843618289568461,medium,not_eligible
40.23277013135875,77763.39041565836,unemployed,4.781389475743147,1737.4010644242378,0.6736959844637266,low,approved
38.48359703834118,78682.92656315674,student,9.74760185338086,924.0228746562451,0.8824083969394795,low,approved
44.51524734872747,92120.60858942826,salaried,12.94582082146258,6805.728685307406,0.8114917719583683,medium,not_eligible
41.96780966016668,13787.6014947084,student,0.0,398.7458380417323,0.7823077999694041,low,approved
46.94785501262016,97849.14302971963,self-employed,14.597766759272853,6171.9188652113,0.9111676288840868,medium,not_eligible
18.85596123682345,18360.524886428462,unemployed,8.65433772350293,8084.461468966898,0.9530999522495952,high,not_eligible
52.122952861621066,48326.90914132498,salaried,11.261600744197072,7933.946537037186,0.94312801191162,high,not_eligible
23.91819175733141,45230.52949018877,salaried,7.500064537688536,9644.14991952961,0.7660782476777361,medium,not_eligible
30.630495604984567,95185.26900694388,salaried,6.009956426644808,8373.98776811922,0.8190787624148785,high,not_eligible
46.29190157964501,43957.42090639682,self-employed,5.043622483554381,9596.193246246337,0.8831263431403564,medium,not_eligible
19.605731093950578,42042.55663197434,unemployed,2.8290320264589432,8379.4759825652,0.947554512712236,medium,not_eligible
58.260977583309625,92203.28409059445,unemployed,9.28685758549322,1596.2445590987859,0.802082576215471,low,approved
45.91819474263078,15661.455060934735,unemployed,1.9855305791718512,3846.1299835920627,0.8314341023336183,high,not_eligible
49.340485917470446,26277.210703698973,unemployed,2.839969322931509,2486.1691183157714,0.7393665025993972,low,approved
23.67701621704624,68525.93459569031,salaried,1.0510894613326334,6298.332656303274,0.7303793375919329,medium,not_eligible
42.36814798177304,29844.729405608505,unemployed,2.963282487944653,9547.06388543917,0.9312525822394198,high,not_eligible
29.151339823039496,15781.4744982361,salaried,11.90394020821172,11728.105437275666,0.9856240028570824,high,not_eligible
50.74373400397037,85222.61140115117,student,13.88331709276024,2663.6365673527453,0.8427989878419666,medium,not_eligible
41.49364051705285,29167.31033851074,salaried,0.0,2917.581993062928,0.9503532897892024,low,approved
19.274605228815545,63427.9183884286,student,12.783541217649963,6701.837250496865,0.8861636025047634,high,not_eligible
42.76076990952201,37349.876980842135,student,14.04876835542182,1674.5908040045333,0.7854880245394875,medium,not_eligible
27.446899990182786,14317.56011657937,salaried,12.33304419589727,14279.082798237056,0.8861395605508414,high,not_eligible
24.19448834547279,88858.1184214037,salaried,7.000075681748383,3234.776613410832,1.0,low,approved
27.908057980990755,51912.98923942002,unemployed,2.0101562951688727,4080.870926414371,0.8464173960890048,low,approved
49.81380789751302,83155.33339536573,unemployed,7.126028165745378,4856.720671810872,1.0,low,approved
29.602900755086424,15629.60948059481,salaried,12.314066900808704,3850.274994527252,0.5880254895910255,low,approved
53.47488051939314,58953.284844799295,self-employed,11.746264715765212,5890.929611793893,0.9321902504375223,low,approved
49.76876284766887,48044.91614409893,salaried,8.75031376896658,3481.9582990124313,0.858704706823817,low,approved
59.534943380806666,26029.84385863087,student,5.1326981275497685,1669.95889660387,0.8200992649534132,low,approved
48.2639534244932,87289.16731909639,unemployed,8.021803042313488,12950.01897317141,0.8591760776535502,high,not_eligible
40.81597867321283,65751.55938885023,unemployed,1.0073309425540855,6881.091785640989,0.6512431085399106,high,not_eligible
43.155762715303176,71728.00301181932,student,9.923450584686693,5643.34899138391,0.8280328112162488,high,not_eligible
39.335100464042135,56490.2049819176,unemployed,4.017805479539347,4451.481513636689,0.8857112571511746,low,approved
31.401120579890826,93817.55304913977,unemployed,12.994857002718993,14656.87445496228,0.9977894044741517,high,not_eligible
48.749434218199866,42397.751205862856,student,8.175422723587847,3933.0688814555733,0.7981729781726352,medium,not_eligible
38.2598961099073,64525.19067735104,unemployed,0.9065952974639868,3278.7511259578914,0.7691506397106812,medium,not_eligible
19.741346855312003,60872.538006972136,salaried,3.2025298476773547,7166.211666336526,0.7998242956415463,medium,not_eligible
40.26800119338538,57238.58726204908,unemployed,0.9976480705074396,1758.9649060774727,0.9415402117702074,low,approved
47.001042065808825,87506.86510188966,unemployed,8.399106574893585,3752.6822552241615,0.8828751109659684,medium,not_eligible
53.88687994440821,14228.705714536803,student,6.8573117117726365,2243.1049944492993,0.7970239796232961,medium,not_eligible
59.35895765444539,13956.867305662165,student,4.27267024211597,1500.4492745509338,0.9013267433113356,medium,not_eligible
51.24263668431112,27149.556714586488,student,6.606182733678367,3176.68977322151,0.859707754934804,medium,not_eligible
20.80960975634051,23254.09178452722,unemployed,14.92107778806746,2926.8582448718075,0.9468644990532888,low,approved
60.56275102488877,65192.726321810886,unemployed,6.349306479831447,7841.743522996805,0.7797946906122647,high,not_eligible
27.204881488000456,56534.74770178401,salaried,5.456537880705175,5670.118122639914,0.8172337853402232,high,not_eligible
45.978193370810025,17924.20173170274,unemployed,1.8405502669128804,6263.324808957277,0.8107891846867842,low,approved
21.771652956644783,61103.99655642079,student,12.338566427358169,535.973658587385,0.7036485051867881,low,approved
30.681104219236538,72436.68249231948,self-employed,9.43154917100306,11483.860695446485,0.8796120277064576,high,not_eligible
43.649307853866375,64323.39458089951,unemployed,5.991117370065018,7238.969846677505,0.876105527217989,medium,not_eligible
33.397262128915216,32201.818644341,unemployed,7.865208867596007,6611.651806637732,0.850511345664246,high,not_eligible
49.63860311670699,48442.83944311959,salaried,9.526668718333504,4891.059249983162,0.8265412866624853,high,not_eligible
19.525551355248822,67163.45590437517,unemployed,7.847899007761145,4891.715029722078,0.7084629257949585,medium,not_eligible
19.48388995702328,80368.85473461104,salaried,0.0,3695.8499124678215,0.807935467723464,medium,not_eligible
25.61217594558932,88733.32749113353,salaried,7.298874591509949,4155.572281301648,0.815728548347323,medium,not_eligible
24.026913162717868,43686.0589933414,salaried,4.100240281883869,8129.31023715803,0.769772273077838,high,not_eligible
40.60975815701398,81053.98574323062,self-employed,2.134663266289301,1977.6357987252306,0.833871428833399,low,approved
51.62304397660917,51576.85217191099,salaried,2.916337926775536,12045.713757816296,0.8904050856814538,high,not_eligible
20.681351711077355,63900.78591978576,unemployed,8.277837492786556,11197.579788193172,1.0,high,not_eligible
57.04602107344461,79712.37696692663,salaried,6.391509266194706,7953.215356814046,0.8674577812831838,high,not_eligible
56.49006963396626,12982.923515470797,student,4.087828275357354,522.1289508104122,0.8757550390722764,low,approved
22.518140478398447,54306.17575352048,salaried,8.689810419429435,3755.614348279562,0.8425554084233833,low,approved
22.079391989769395,84118.51991166137,salaried,6.950964368369865,2989.199102648127,0.6581228784700959,low,approved
50.48209067073047,95169.230143538,salaried,2.125383036878852,1472.2087943039214,0.8473486124550783,low,approved
24.723994036338617,28750.66637441776,self-employed,3.231270567945544,2834.6929222943427,0.8560230209941027,low,approved
55.87864093779172,87892.42261108682,unemployed,12.267446816370931,5163.401585218784,1.0,low,approved
23.81712689237613,59534.60083241965,self-employed,3.097756166416226,3282.1792346370157,0.8307639035218877,low,approved
26.75409085794085,27893.28068176241,self-employed,5.421368361251703,11257.808208215623,0.8801547342333612,high,not_eligible
33.305632477998,83893.78726672533,salaried,9.710730834222645,1207.263557798511,0.8465288230294756,low,approved
43.65258561824415,21365.075770234896,salaried,2.8028876034651264,8961.549262889319,0.7331321962380468,medium,not_eligible
22.44751360422304,37982.31607608396,salaried,12.753693116643944,5398.640870763417,0.964282281451502,medium,not_eligible
19.45074739436696,39091.23919024188,salaried,13.25396649581134,1769.2937408977048,0.9251933032686774,low,approved
42.32055095238791,89908.1413378191,student,11.366476767909337,1412.7679437986694,0.9291031947043048,low,approved
40.92581851600381,69199.42291404845,self-employed,14.14316385623923,6041.458451893998,0.7590612545205261,low,approved
42.73478340944794,41598.98879505674,salaried,0.0,9353.577309650915,0.99027943109361,high,not_eligible
32.446145059655,70135.71172198198,self-employed,11.115013964733436,4410.868250077498,0.7098148937207719,low,approved
44.40332245623771,32359.236288091503,self-employed,14.702992535398453,2204.266769247244,0.908685709380027,low,approved
42.493935334016754,20898.26285373754,student,7.637889781342867,1557.0883517675911,1.0,low,approved
59.33959648022547,21247.32268740477,unemployed,12.201114112710863,5602.543796312933,0.7509463674869311,medium,not_eligible
50.97187088847517,80836.15845739134,self-employed,4.838169485606839,6242.039184418401,0.7933702270397228,high,not_eligible
29.16104176864719,99737.2065413949,unemployed,9.01159412684009,4608.706851877381,0.859965136508764,low,approved
52.30490651351697,64152.99359248595,unemployed,11.101859060384683,2913.3283784189216,0.7996524345883801,medium,not_eligible
21.49735024055501,87313.68409245955,unemployed,0.9248395667783228,4545.778818104388,0.6949336568933867,low,approved
60.108556931851936,56420.98465727957,self-employed,0.0,7993.315902803738,0.8568562974806027,medium,not_eligible
36.601168851498414,59315.50173870681,self-employed,1.9489162130554,3430.8051260675174,0.7437696286273895,low,approved
41.238890896485685,61427.24666977043,self-employed,2.14322944308345,7415.9057519844755,0.8973592430635181,high,not_eligible
25.50710591355408,33808.72571694521,unemployed,12.644945646304087,14639.825752028026,0.7580575765766197,high,not_eligible
27.52065194161497,49577.47205765991,student,12.747794757071686,1600.201716516427,1.0,medium,not_eligible
49.31656074487093,56517.71012803312,student,11.43185295812723,1228.8527650104754,0.7716746707663763,low,approved
47.30206627877803,37463.51156157816,student,13.821327711337144,3007.5973990904467,0.8177938483794325,medium,not_eligible
18.563165332625367,55099.57093492765,student,1.8934491619602325,5133.168658987881,0.9313517217369668,high,not_eligible
30.93435361722059,71780.11010020037,self-employed,10.207560713052231,3722.3023138475464,0.7269135683566045,medium,not_eligible
54.217339686234574,54176.46384581241,student,12.654187370600358,326.0657210804017,0.8727459934604129,low,approved
48.46001453080872,87121.96269437233,salaried,13.974752627828266,2164.888367057316,0.9807142754282429,low,approved
40.14672336640324,76580.4551819418,student,4.111695890564124,2182.460452932918,0.6892516765438772,low,approved
58.48150527725125,14857.454411799918,salaried,4.922605390704047,12419.400572513183,0.8684633858532304,high,not_eligible
20.36408317687459,56259.13458861954,student,2.048793561196174,3691.4545809603833,0.8759882794248424,high,not_eligible
30.51734523029201,74360.73844697254,self-employed,10.19812240447705,14304.819141560189,0.928182287177731,high,not_eligible
29.252271872226284,101958.7216496943,unemployed,8.802970443785991,6088.73322543101,0.7263049289121918,low,approved
33.54862787866102,13485.721357007207,unemployed,0.9596733034018716,3693.197435322582,0.7179543386915723,low,approved
40.22844930727464,51554.36345890649,student,11.701628066438388,5291.085714124671,0.9021941565616898,high,not_eligible
23.492520369715823,36658.29733653562,salaried,12.455454045595284,1268.5223747093644,0.8796984673233186,low,approved
40.72510991086156,84957.47093389551,salaried,8.984433632669301,7216.869671777652,0.8750492850345877,high,not_eligible
25.5622596285716,31681.57143092727,unemployed,11.169483460485068,9070.66443284578,0.8846448209496975,high,not_eligible
29.284901249089785,14704.683815299482,salaried,11.560766401373789,3727.5386980297376,0.7819975278421509,low,approved
40.64600751215238,79000.53165719786,self-employed,1.9865045335742555,998.8794910004954,0.8732253697161003,low,approved
46.93943809855807,89126.08991436582,salaried,14.169786721437918,2982.6084290435056,0.8793072473298681,low,approved
52.7159249546105,26998.18384605212,self-employed,0.0,4307.712160966364,0.7785648581973632,low,approved
56.9024938205931,105908.19652370884,salaried,7.28878323216711,5074.221286083997,1.0,medium,not_eligible
28.937157845722552,41827.45483200827,student,3.999772048865915,1500.627915509749,0.8973832920911787,low,approved
59.23557435758047,25062.339051296964,unemployed,3.30801559568756,6918.030055771611,0.7308696502797352,low,approved
27.26928109879374,27276.90862183949,salaried,3.956258211941492,4366.510417124013,0.915655360863383,medium,not_eligible
53.60720154665235,39352.52168595645,salaried,6.358876078612853,4634.672854643528,0.7525318329772679,low,approved
36.77951373304681,77534.63016937146,salaried,5.898650798496885,5379.599740497792,0.9287084603742451,low,approved
44.71241087880025,86284.70510216088,unemployed,8.140405362303927,12997.315331083617,0.9658595579007404,high,not_eligible
20.41615947668281,11755.797312334336,unemployed,6.383223201091736,5177.525469086669,0.7679317681648289,medium,not_eligible
31.196487574276084,66618.8258602724,self-employed,9.845273986489945,9216.288256086786,0.9463376129244322,medium,not_eligible
43.463233393110826,50186.50520522329,student,11.46143814761516,1395.3261945424717,0.8912780926936498,low,approved
19.929121860397974,87269.48115315483,unemployed,0.9364830639673284,13915.025001087053,0.932206015999449,high,not_eligible
26.48474743952906,53897.907246412346,self-employed,14.017912298116148,4268.660568585163,1.0,high,not_eligible
22.74435664499713,49868.91683048725,self-employed,11.396605469260743,9779.930760758867,0.8254611883997129,high,not_eligible
56.698207790761046,57536.14204888672,student,11.354512302779993,1284.7557830140233,0.7746263835642511,low,approved
27.2272767194574,53096.255982578,unemployed,1.0790038639658466,7911.960419496241,0.7610485570374477,medium,not_eligible
51.31636161707155,21632.98433165325,student,8.885368298802614,1298.8280172259433,0.7684189715034562,low,approved
37.57948634760092,47432.47144134872,self-employed,10.798076757981672,5075.230182818315,0.8422898290585895,medium,not_eligible
35.777796891280595,61647.22607729302,self-employed,0.9757489460140404,7433.588971851509,0.8841151974816643,high,not_eligible
21.28823336976417,60398.814806589246,salaried,9.60439683862552,8699.234900408654,0.8776690799330019,high,not_eligible
34.20292460530404,60472.83955095496,self-employed,4.600508875275437,3885.0253818732126,0.9327183249036024,low,approved
35.315221486157014,49108.22858279681,self-employed,11.401926650869006,4420.994208013739,0.8513001891877907,low,approved
20.005221017692524,57067.09897160664,student,12.750636647137448,1524.1082370328977,0.9953534077157316,low,approved
17.850043195195187,56529.36977065002,student,2.081459635147409,2801.841760598968,0.8235343166762044,medium,not_eligible
51.45941085744149,95455.19633846672,unemployed,8.717113248487282,6841.042093931367,1.0,high,not_eligible
35.431184651741304,44576.936061013264,student,11.891494006962116,1382.820228515063,0.9125667347765006,low,approved
54.0,80313.0,student,10.0,3764.342194731506,0.7642842443583717,high,not_eligible
36.41890043543075,71505.67994551038,student,12.33081888228171,1226.283704409343,0.7429107501938887,low,approved
32.27621012130098,70995.293136405,unemployed,4.115589105505936,9435.634412162482,0.8982472415243186,high,not_eligible
57.05782284545326,67755.16523273174,unemployed,14.478012258332514,4047.216253691175,0.8276537214674149,medium,not_eligible
43.69410670806427,95286.65053259888,salaried,2.902491892380952,5462.3980144208845,0.9214000494092092,low,approved
18.832909327743543,74385.56859899216,salaried,0.0,4021.8330620657757,0.8973237624573545,medium,not_eligible
43.48353634616601,23915.05673847576,self-employed,10.94181603022715,10912.481189969025,0.8427171087343127,high,not_eligible
52.18251818824197,92342.9625651366,unemployed,8.684382809556569,6750.135344612568,0.7653206281931595,high,not_eligible
40.62286747920064,93385.84759243476,salaried,2.73766679237385,867.037187773539,0.6985152775314135,low,approved
32.42393190218529,80221.64286565596,salaried,9.416263969211077,2546.6805998491677,0.8053485047932979,low,approved
41.69577040466615,16453.361366445668,unemployed,2.9736538214069035,2424.4512092313216,0.9356398794323472,low,approved
31.69505016162937,64803.95557668815,self-employed,5.301561260622011,3538.9659620402967,0.8714093744130204,medium,not_eligible
41.524389171697166,11036.900756298272,salaried,0.0,10076.067293302025,0.7254261221288012,high,not_eligible
19.379680005801053,12000.047949748398,unemployed,6.4336466554709855,8627.722890671746,0.8673180925851182,high,not_eligible
45.0,59689.0,salaried,5.0,3427.786325322864,0.8885317379728837,low,approved
52.30456863233593,37488.58748257176,student,8.735985076850195,1487.3320951613582,0.7616142563798867,low,approved
58.21975066291623,13824.47468506802,student,6.920857498908499,2255.480320994147,0.8653725105945528,medium,not_eligible
29.42548661332382,50489.47294953822,salaried,12.791541814592488,2841.2220394885853,0.8558208718446,low,approved
56.63899335903978,62214.87861286259,unemployed,6.563499496484425,4296.4872350992955,0.7357029702169376,low,approved
45.54477075403834,26782.700949939463,student,6.142395130346181,1340.2288697750207,0.8857787360348283,low,approved
45.74969316787341,62887.70930908896,salaried,2.853571425089648,1710.045566916929,0.9060784526368234,low,approved
28.44692935926697,16116.020311747838,salaried,13.055641416174382,3397.0516166674875,0.9583051243175276,low,approved
50.469036864444206,22549.957528525912,student,8.521432044045852,1746.6262644425265,0.9553802052034904,low,approved
61.40501051477719,12998.696724879086,unemployed,2.162578162896402,10450.771734666941,0.7122330632042908,high,not_eligible
42.86714043812695,44145.18163526721,student,8.199995713116397,3892.523061178874,0.7562174960084878,high,not_eligible
32.5938822929108,13042.722596726346,self-employed,6.158230115455035,4726.311243244021,0.901503526720866,low,approved
45.03118503909743,64777.86471175242,unemployed,10.35194330750284,6951.148540779124,0.9013785950912208,medium,not_eligible
18.202583068675583,108842.02802077249,salaried,11.175475570362073,1486.1193755446218,0.9015047686306048,low,approved
53.03953544811863,21028.1232881857,unemployed,10.580108011852728,7907.42748861072,1.0,high,not_eligible
37.05112810867304,61703.22941147771,student,13.138617680283264,4122.636285351106,0.9070890510693168,medium,not_eligible
55.90575011781768,90390.69810635631,unemployed,8.348795386796601,3076.5425786630653,0.96355656401806,low,approved
43.34990321402293,43707.83955878788,salaried,9.835403785921615,5963.036908810558,0.9454001763493204,medium,not_eligible
19.48247571761567,69526.09695832102,unemployed,8.085136496740242,6934.019251222146,0.9151391251305798,high,not_eligible
51.14193481677677,83370.17842290115,student,9.499673839859756,7725.643286171313,0.8184730755359654,high,not_eligible
18.0,18716.0,salaried,10.0,5990.100907544809,0.9258969220493268,high,not_eligible
49.09273530161719,39634.05518861479,self-employed,4.705276620052037,11169.6622574395,0.7727174785462427,high,not_eligible
49.40214050630821,85115.9217315487,unemployed,9.607225763702822,4815.397940521766,0.8263181393259991,medium,not_eligible
30.17756261209688,100247.18540432228,unemployed,8.79362267775742,6471.312509094065,0.8014636452170896,medium,not_eligible
54.81630387328701,12245.382404167774,salaried,10.841286051424506,5852.470468714248,0.8581874139386322,high,not_eligible
19.008461163346976,12594.521922490963,student,3.830512028443558,4232.785183455069,1.0,high,not_eligible
24.43816907130577,74922.31105988703,salaried,1.0050840216850772,2083.1304611937085,0.6632734807408251,low,approved
44.52986100926317,28129.951720558467,unemployed,3.385397467588793,9367.857135571954,0.9186260190374512,high,not_eligible
55.11703037318809,86166.5949514932,salaried,9.147681402656827,3842.1637029347376,0.6887284128810348,medium,not_eligible
55.907621472878034,67721.62574501116,self-employed,0.9731900604036128,4001.268629670113,0.8028068134210566,medium,not_eligible
38.44389261727737,68421.61186832392,self-employed,12.881476019432323,11001.933973959636,0.9588950596967366,high,not_eligible
41.59262659196578,58209.34172513848,unemployed,0.9152666087092262,2578.5286223906332,0.8564280019095463,low,approved
21.293968570320807,40909.87821457408,self-employed,4.328746267953668,8434.507490036376,0.7422255222070694,medium,not_eligible
19.0,76690.0,salaried,0.0,5841.509643954172,0.7784696290740032,medium,not_eligible
50.62217971990764,43808.5294962098,student,9.540657449146964,7133.178087478684,0.9179597748934676,high,not_eligible
51.67990156253667,52720.21259939459,salaried,9.733226993476707,6577.089386788377,0.7769633368282863,medium,not_eligible
39.00391484623975,79693.48772915834,unemployed,0.0,889.600133468746,0.8716458589581975,low,approved
19.17989634474995,65781.44895391217,salaried,2.999749380024098,6673.34066239797,0.8545571839903814,high,not_eligible
17.445139516904817,23643.89652860299,unemployed,14.790692984503508,2427.7191089405396,0.7848399652394182,medium,not_eligible
55.47473720745699,53629.03571091016,self-employed,0.0,8562.66143070492,1.0,medium,not_eligible
39.64575224287732,29854.61819975498,salaried,0.0,5147.733907276747,0.9133919022318012,low,approved
18.95093339139694,13298.690471617832,student,3.650959953029435,3845.6404621108823,0.6474857413342392,medium,not_eligible
35.152257749552895,81023.54682926311,salaried,3.8732411734962304,4484.595717999326,0.8686454314769427,medium,not_eligible
19.9472787918187,65719.55785877077,salaried,6.227104047859233,6611.802723221043,0.7838213535231612,medium,not_eligible
58.13738363393495,100242.36098418968,unemployed,9.484465736983502,2330.639443009279,0.9352433334796224,low,approved
32.202648615900124,12568.129033582933,self-employed,5.8684837460707335,3306.4264410742267,0.7707479261567299,low,approved
36.8278967619866,68476.2718038137,student,12.553143303640043,2525.350849528335,0.83852635585331,medium,not_eligible
41.92288853566191,26432.07404165106,self-employed,10.574764254319044,6498.699713115529,0.9004987278980456,medium,not_eligible
34.342286960802575,57422.5314261856,self-employed,1.9451839224837493,6803.400468071839,0.936575519417012,medium,not_eligible
28.159799452815665,35879.84485597502,unemployed,1.9636135394129008,10076.248703385696,0.7299703592944223,high,not_eligible
46.0,33328.0,self-employed,14.0,3566.3320725063923,0.8165498764159052,high,not_eligible
62.15389419840071,107736.90996197642,unemployed,9.222247087099266,8589.103464188905,0.8025054688839044,high,not_eligible
50.63955309719952,55904.26195295949,student,12.788081229093674,1185.7894931306205,0.7846670767426288,low,approved
53.91690257561351,80289.88542217686,student,9.040485553305558,562.7518357614445,1.0,low,approved
40.319638258870896,56971.199149870845,self-employed,1.9848723135246795,4020.064282895104,0.8904981710960955,low,approved
38.59145800543485,82837.45788227652,unemployed,7.879223270613273,6390.2633936681195,0.7239116045664955,medium,not_eligible
30.866143328550123,52684.09266072365,student,9.846937622341631,4539.484632221827,0.9417861947054776,high,not_eligible
30.2069312828254,17042.206635287606,salaried,12.589791194730978,6108.613895449293,1.0,medium,not_eligible
48.26217738564005,63195.913521910166,self-employed,11.469541899390038,2288.500772217643,0.9532465260551146,low,approved
28.851705660945647,22370.625067077868,self-employed,1.8726217966788024,2719.734751481018,0.6980630034045986,medium,not_eligible
43.945302758216926,13137.24858961886,student,0.0,1502.6723430514053,0.8015765927133749,low,approved
54.0,33093.0,salaried,4.0,805.893149172836,0.9766911149186622,low,approved
29.578169671550423,54182.5384838522,unemployed,8.682749890941126,6131.144600872156,0.7792330534381219,high,not_eligible
41.65216356842489,75854.04179015802,student,10.636787628170746,7417.2911122495225,0.8943819428146228,high,not_eligible
29.38868166974296,58752.49006179611,unemployed,8.358452389958522,10992.951546717093,0.9274634053429336,medium,not_eligible
28.40969039077912,35894.31094767851,salaried,10.72649847287251,2719.022274520291,0.7573069528421916,low,approved
25.047297470406697,58373.13867766317,self-employed,2.033960530979084,5326.700582200159,0.84404746439382,medium,not_eligible
43.769929742538864,88287.75221783615,unemployed,6.842486612284089,10642.505035716033,0.5258732659930927,high,not_eligible
43.87304137557325,17134.790280941146,unemployed,2.063748330446307,9574.530996724607,0.747561235866571,high,not_eligible
23.31211175743973,56348.10533429172,salaried,9.533844126462318,6207.974360071398,0.824743184860684,medium,not_eligible
24.82545227871466,61877.6470317743,unemployed,1.0237047102988044,2302.475574244461,0.725221681803515,low,approved
24.126061435875705,56240.606624969325,self-employed,14.349401088638825,2317.534080992038,1.0,low,approved
55.52815323865438,12616.526842518198,student,4.047148458169092,3963.640679448541,0.7069858622039367,medium,not_eligible
56.45607822286416,93968.49362901528,unemployed,11.019894466358837,3770.7565173731155,0.8059955513303017,medium,not_eligible
45.64574699684355,22837.613755808303,self-employed,13.671671493759549,7601.592651106888,0.8630740577286091,medium,not_eligible
43.18227621823956,75415.57892904987,student,4.163117438518565,2509.931158334523,0.9941273289066116,medium,not_eligible
31.65449213705076,48372.96789978504,student,3.9493434125650126,1478.8548954993748,0.706413784882056,low,approved
52.61248790905991,34749.28241586388,salaried,3.6905878543238217,2807.733720231994,0.966316375215496,low,approved
26.26842232761976,39335.68195888938,unemployed,12.23820852691986,4557.526077128573,0.8510233061019586,high,not_eligible
32.97979662161326,11933.24635074799,self-employed,5.816770001987601,5789.429041468265,0.7518491348952049,medium,not_eligible
18.707360962114187,61779.82203236747,salaried,8.64529752514274,6736.516015350745,0.8962103474263271,high,not_eligible
51.25080090901572,13235.26369604398,student,3.838560653119128,6657.033595968237,0.869905969557347,high,not_eligible
39.78447644371595,64053.34942548754,self-employed,2.086843097922104,4573.963967847554,0.7899783122841205,medium,not_eligible
19.8910736253239,70263.80905918294,salaried,6.022439259245913,8022.243291678625,0.8569802084990019,medium,not_eligible
45.96301990736784,87803.10264278168,student,11.702139177997012,1015.4177590281072,0.8114686403138239,low,approved
38.15866101458065,44671.59599150601,self-employed,10.818635161921083,1460.3894517284502,0.8613517345251248,low,approved
41.0,80091.0,unemployed,2.0,6784.479352430373,0.9162130674521046,high,not_eligible
17.997866377939612,21075.881226685226,self-employed,8.53866901280692,6764.0135570361945,1.0,high,not_eligible
58.087811010524334,52234.238532455645,self-employed,0.0,6819.156836247924,0.726218450117315,high,not_eligible
17.826080141964383,17501.249910612165,unemployed,7.660416950510026,2077.2620878940934,1.0,low,approved
31.45429026529546,34841.24352167583,salaried,10.60224623449664,12473.447879704185,0.6547912200477498,high,not_eligible
33.73410429164848,55212.40714892823,salaried,11.873231122491685,5149.233292416298,0.8348214904964416,high,not_eligible
24.755072549032626,30793.497087606585,unemployed,11.460789173698457,1918.0546767328528,0.9088317206484576,low,approved
52.89072298161943,63143.34156792211,unemployed,11.5626237330963,5517.492200431645,0.8780991867735033,medium,not_eligible
58.7131495866994,36786.41112050798,unemployed,4.663400693730986,8049.2319435835925,0.7877300480179406,high,not_eligible
48.54714221074876,43514.395426635216,unemployed,13.082954245174122,1921.3399474890305,0.8291877749642724,low,approved
19.577016106363967,76914.13398314011,salaried,0.0,2849.2641740287113,0.8006999065341167,low,approved
44.050488084777015,43150.00107366266,salaried,0.0,5940.315461706595,0.7910635243055788,high,not_eligible
22.934095262238937,41462.41973940036,salaried,12.311074056494192,2842.750629529467,0.9349602097021024,low,approved
42.355914553184455,24373.78484403356,salaried,14.266085050626677,7100.466386378741,0.8857015485965047,high,not_eligible
18.098143218289373,14653.643467577387,student,7.574520665693929,1685.823962013868,0.7807090404739345,medium,not_eligible
23.071698476370088,102077.83201371923,salaried,7.217472063539329,8225.827719817644,0.9399599875433252,high,not_eligible
45.83092134296347,45264.48694573017,salaried,0.0,5616.365331293876,0.8807299520876609,high,not_eligible
51.10359551253805,82848.1626892408,self-employed,4.825563893350765,2142.1545879694568,0.931286211883896,low,approved
36.53793139146804,36379.71475080113,unemployed,12.53836372953054,4393.90231055978,0.9129628841923612,medium,not_eligible
40.92910887257535,13009.151401087296,student,0.0,1517.455599272262,0.7671004989077927,medium,not_eligible
51.43448013945997,75170.62990011412,student,14.140473444944249,5608.674095292104,0.793981895980303,high,not_eligible
22.54788026343873,27288.77811220628,unemployed,12.044814065130083,5200.628499673629,0.924729360512326,low,approved
46.93429006591466,108166.14364441014,unemployed,11.479628151471756,9557.641243495558,0.9110370265433464,medium,not_eligible
47.66455242099891,83664.07727299517,salaried,14.163612827170192,5273.571986381205,0.8479098406035852,medium,not_eligible
19.327264245965026,67615.19091967349,salaried,5.163413184250614,5486.871851626352,0.8617327383308782,medium,not_eligible
55.255785811966106,61658.10364209988,unemployed,6.13666546828251,6682.271929327996,0.9777664895788424,low,approved
55.93599218344958,102891.54596582522,unemployed,13.087034327609024,7897.1855758044085,0.790842861116417,high,not_eligible
40.05138009133787,90801.8581659633,salaried,11.79896558589301,11242.804952047687,0.9047097381170036,high,not_eligible
41.8460377656332,89393.20118160962,unemployed,8.56038379650679,13238.075424055398,0.8297807347566106,high,not_eligible
49.0,66179.0,salaried,2.0,5040.599863751968,0.828231879677278,medium,not_eligible
34.601223535049854,36905.58120369582,unemployed,12.012598355020454,4484.860907312582,0.959877685198719,low,approved
21.6355075732776,76781.1822745147,self-employed,13.044226259100746,1557.8148415601147,0.9325416348988028,low,approved
23.153790613409672,47671.469194167,self-employed,10.75997739311747,2890.7322418928616,0.931350963600064,medium,not_eligible
22.071208795946823,76672.98512507141,self-employed,13.404417444031129,4676.21561690386,0.9805478807154328,low,approved
23.1055677862458,13943.086487384004,self-employed,12.122766379207338,4017.151963723884,0.8521003841632759,low,approved
24.768067126563448,31209.40178292923,self-employed,5.167935245084405,6607.484110997802,0.9181952971294964,high,not_eligible
28.71144090463238,18649.556355425208,unemployed,10.92955503966366,8549.00436072436,0.8189733243406544,high,not_eligible
42.9397630879967,13188.13401818311,student,0.0,1802.8577482600826,0.8824166352488442,low,approved
36.52395460054412,41696.35276276326,student,12.040306021325026,1323.106371498086,0.8369856945632315,low,approved
50.65130502051019,28391.777842752545,self-employed,0.0,4539.354602624959,0.8596995964992717,low,approved
33.339354555891454,53694.03393873351,unemployed,4.207206384897058,9411.022873226842,0.9095157025436912,medium,not_eligible
19.338605967602355,22058.185107907844,self-employed,8.190337723201896,13398.970350815925,0.7681779316766527,high,not_eligible
24.835619108431,66341.30454232107,salaried,1.0357056855416809,5616.708903893488,1.0,high,not_eligible
40.39558941395757,45413.39073250607,student,8.878785478943552,1682.9631021330238,0.7493982618500298,low,approved
25.820655835381263,33184.12002870305,self-employed,4.911449068848391,10998.937517636445,0.7285811387212268,high,not_eligible
39.39650053869415,74804.40431716219,student,9.494823746808397,6450.760033701953,0.9658110873500068,high,not_eligible
35.502134150429264,64375.12994071594,student,12.00159485421572,2596.5063913228078,0.9291662693962937,medium,not_eligible
47.1864390525323,35166.928369772555,student,12.762698662681604,3431.5554418572137,0.9124119817052156,high,not_eligible
19.0,20729.0,self-employed,8.0,7239.808655413257,0.912834550926428,medium,not_eligible
40.83525712646093,28872.00322232587,salaried,0.0,1003.8996110629273,0.8487753227153085,low,approved
41.46116334075796,22833.371705772657,salaried,7.292057314548517,7669.0768032423075,0.7602745628514168,high,not_eligible
31.246243473826823,91633.687218909,salaried,6.35008887872883,2499.7573283750085,0.8575804558193726,low,approved
46.96119993636983,87016.3469043548,self-employed,14.36091354338464,7493.468746829473,0.7822838288487888,medium,not_eligible
57.30195949417788,23654.50114018098,unemployed,8.885482781874005,13794.682827238115,0.9475119733417752,high,not_eligible
29.99492182376823,12339.1164761383,unemployed,1.0106722604206302,7020.966197023117,0.8352942618497861,medium,not_eligible
32.817495702032645,75170.70044749213,salaried,9.74165893599696,5220.7036172359985,0.7674502803207488,high,not_eligible
54.72810134821836,13074.758613413416,student,4.013053768291842,5426.271064276397,0.8178614158347006,high,not_eligible
62.12368234126828,22200.7812534485,unemployed,3.1302118974259274,7514.42205964873,0.8912931454275624,high,not_eligible
31.682019090955944,57729.95094569471,unemployed,9.557214665064985,4228.494848464925,0.7936275447196025,medium,not_eligible
55.31405817634234,57784.08801758791,student,11.267369706257808,813.3285199893394,0.7677779604433568,low,approved
23.037736734651705,32293.25014693403,salaried,8.939481143578444,8808.377172241699,0.8743687211491912,high,not_eligible
40.15423279845695,41286.87059011716,student,8.373621286040116,1585.6593680458163,0.8744966571108722,low,approved
45.30752161889836,22232.18293599957,student,8.896981605811218,2563.1646299938056,0.799305682462887,medium,not_eligible
54.62948559601737,44272.034863927445,student,8.466884257449935,4361.900034958356,0.8028961694381677,high,not_eligible
40.59694361260629,61035.81046797911,unemployed,3.8869412410152897,2780.560043727568,0.8732049937357637,medium,not_eligible
37.38775256499517,58452.68814008634,unemployed,0.9353559087879076,5359.5519026754355,0.7051915658502675,medium,not_eligible
42.2168658738453,90573.9573728312,salaried,2.914561285651247,3982.282387540432,0.7092536225623445,medium,not_eligible
51.31258785221298,16491.3901170081,self-employed,9.61846967888781,3028.2303150958924,0.7781555778747564,medium,not_eligible
50.93934999453886,60591.14477557039,salaried,1.8563317550108185,1392.8826995507422,0.8286552848288152,low,approved
43.66942600211728,22126.96147211671,self-employed,13.725003554007676,4997.9130459882435,0.8810907565598004,high,not_eligible
26.591702393361203,28501.84071273372,self-employed,5.093162481939203,5999.759015092441,0.9975356216949552,high,not_eligible
25.169535538400908,28743.8742491534,unemployed,12.628489136092709,7893.306176317105,0.935765962320202,high,not_eligible
26.0,56214.0,self-employed,3.0,8075.559195013737,0.8340061470036573,high,not_eligible
32.180751578909025,43468.21436840864,student,4.089876154130537,3777.5316268499837,0.8480983792097311,high,not_eligible
30.27981789685264,12123.612640389383,unemployed,0.9487598857596324,5859.090502886992,0.7497470635362191,medium,not_eligible
37.13042669872407,39308.11992652696,self-employed,10.858629922901306,5161.974486745863,0.848148686400761,medium,not_eligible
24.85920686112849,41272.96817171086,unemployed,12.180154213280398,3315.2053337607226,0.8211341361079861,low,approved
21.80319383350221,41983.27103326428,salaried,12.750699627015017,7496.237892651398,0.882271856033809,medium,not_eligible
40.17564682969024,29277.595560246755,salaried,0.0,4151.971592872986,0.7672769056447677,low,approved
50.23949006186963,62712.29691202974,unemployed,10.030232712928562,11431.263415757243,0.9019346514241172,high,not_eligible
32.18899244731857,47721.81987809846,student,4.12751734361703,4579.837602540043,1.0,high,not_eligible
37.0,41616.0,student,12.0,3850.8144147546823,0.8391239851543142,high,not_eligible
43.92853028513881,44827.418028888045,unemployed,11.66797631093374,2774.2399677639387,0.8901711722098942,medium,not_eligible
44.54407969947581,67757.22391301466,salaried,1.9401099040556813,6570.526809322764,0.9190143991711112,high,not_eligible
49.59480726392593,64768.30302449138,self-employed,13.925854028209343,7379.277278018769,0.8098779528114164,high,not_eligible
50.42361624677275,17253.437238980216,self-employed,10.532031019430812,5232.5595305054285,0.8724092481810417,high,not_eligible
36.12801429689712,62416.06329624103,unemployed,3.9441349504130407,11850.06319426091,0.8512592400781794,high,not_eligible
48.2825508931794,76792.30231087431,student,9.188084997543182,548.5743864505646,0.8597676098548831,low,approved
22.16076837177601,78707.34429065081,self-employed,12.596539931417428,9295.438456321932,0.7726990216144534,high,not_eligible
41.24024109636188,65569.15851444658,student,9.682647718324214,1943.4044760953873,0.8524510174258942,medium,not_eligible
37.938849766904646,45026.80092568751,student,11.77881084006374,1672.4558035755936,0.8997998291245449,low,approved
18.774117650344422,60470.62490689993,salaried,8.533592093719104,7633.313407934136,0.995114360779504,medium,not_eligible
48.813832841083325,86654.56157923164,self-employed,14.23807701602906,1804.7024523935386,0.9459270826085208,low,approved
30.64069666415474,58347.584944423776,unemployed,8.421705943917676,5065.730123362944,1.0,medium,not_eligible
39.86428003519028,87232.19998297276,unemployed,8.480573779555787,7458.567146517738,0.773265243711195,medium,not_eligible
49.84014854756408,87260.86418230526,salaried,14.330834352927722,7623.445051542378,0.9372320636720678,high,not_eligible
38.10627866935283,44852.40624851886,student,12.801563853651867,761.2002362028118,0.8683342005738351,low,approved
55.559653224733445,88691.01647842089,unemployed,7.532335637809094,4275.323087077319,1.0,low,approved
47.81147411997182,9907.071341217754,salaried,0.0,5128.490493007309,0.7691701714644849,medium,not_eligible
54.99100648777173,74492.74590181331,self-employed,5.083049436108656,2101.135388528302,0.7660278157819224,low,approved
51.38559474873733,12544.211199548074,student,3.7564196713288456,186.89643358752338,0.7900607354555977,low,approved
20.708069689617805,59366.93216997477,salaried,8.60823133437324,6273.0710202414,0.6376104275690193,medium,not_eligible
34.77228455853931,72878.29724525168,salaried,5.994311675111491,3353.0571951687775,0.7974244978319238,low,approved
49.25536904869017,14913.730554895295,self-employed,10.34849822321862,7095.7474042760305,0.7740867338446302,medium,not_eligible
56.33282886329699,13330.46755163981,student,3.900039690324611,3288.464661521728,0.8650393786476207,high,not_eligible
24.800440160983253,34467.52309683542,self-employed,3.1117823505428066,12548.642840106899,0.8841755975777159,high,not_eligible
21.81844600731998,69315.36957427615,salaried,6.198110261291385,1112.0819695198068,1.0,low,approved
56.68315908921049,63320.7961644118,student,3.914571033518464,5129.193822039365,0.9450423838186052,high,not_eligible
35.438797951540515,63672.60196577284,self-employed,5.271261961000414,4794.650956214701,0.7923096344337597,low,approved
54.44778565505533,22109.12227422025,self-employed,14.831316051784354,4810.042930864647,0.7601585328651642,medium,not_eligible
43.92859796899177,75117.83691263814,unemployed,1.9401412396571684,12600.591434565129,0.8991919171506506,high,not_eligible
54.031362425424135,53662.24734599761,self-employed,8.544084890114549,6493.969768696403,0.7179766792979357,high,not_eligible
49.568454417972,84837.3593599474,student,13.03487802728088,1599.3208398812742,1.0,medium,not_eligible
36.49816186158143,13805.644801789296,self-employed,14.124938169250251,3454.524675377242,0.9679440120721288,low,approved
50.66691932483164,23068.666483575213,self-employed,12.843269223880691,5590.318091886856,0.8030824347895295,low,approved
22.35335475416854,45307.81706290104,salaried,12.541612015639608,8070.731989934195,0.6786865470909123,medium,not_eligible
24.491849238030763,60144.375191903855,self-employed,1.9185052261516224,3879.7912109537147,0.9853872374165412,high,not_eligible
52.0283386146282,61554.83830970725,salaried,10.455025910228567,4210.1537550296,0.8385460154747382,medium,not_eligible
62.69425364156263,71891.3083717362,self-employed,5.506040084874945,6000.636024340864,0.9737816311973462,high,not_eligible
34.54641606498885,61694.52548393927,self-employed,5.157880432001692,10230.111259327467,0.6905572341205632,medium,not_eligible
60.69217254443922,23530.889912696817,unemployed,3.1355885801033474,6375.447634622627,0.7900624977046227,low,approved
19.98811819297435,102051.3296916349,salaried,10.10230894869745,1839.519154041738,0.8505243699718182,low,approved
25.9785084464306,52501.41150855407,self-employed,13.502428368684988,2339.4134978345583,0.8546980593764741,low,approved
26.30715166630666,74539.11220599868,salaried,1.031470284750284,13986.488072381573,0.8049934528520756,high,not_eligible
56.51693159776978,25873.35261047711,unemployed,8.224225109012195,7039.344236958648,0.91228499323475,high,not_eligible
40.23524163885194,64534.59427015351,student,0.0,265.17601057661153,0.7432379570617406,low,approved
20.596873105464443,93575.12791179908,unemployed,0.9735420281473424,4197.508111593454,0.8357620514978706,medium,not_eligible
51.047816331527656,84440.32332347106,self-employed,6.313528097045733,1957.2063317258321,0.8620295631711898,low,approved
37.33132535852585,85197.91892124283,unemployed,0.0,8150.542870933186,0.9014438834058748,high,not_eligible
29.48747030285921,89725.2719282349,unemployed,9.37349865990604,3377.5493870958526,0.921161487808889,low,approved
43.312268981916766,86532.84049045084,self-employed,9.983095672778122,9440.797566361673,0.737535790816213,high,not_eligible
19.12904713553736,22450.71716087756,self-employed,7.7486639105208015,3506.5189264058718,0.6965885829264378,medium,not_eligible
28.819631383917468,50080.06787224347,student,11.534369428661762,1332.4430103370228,0.9777676821898508,low,approved
44.416730339291504,56548.71005567212,salaried,3.0061409377736767,4844.642628749658,0.8832314011979592,medium,not_eligible
43.49179063954964,30179.385550953662,unemployed,2.850590134769604,9383.02714646553,0.7751513463443446,high,not_eligible
46.94880284474751,17030.45386873973,unemployed,1.886182549491984,3703.6324284551774,1.0,low,approved
48.12295456018266,95511.79218645944,student,11.942192547036216,1394.6980028356202,0.8615674634292858,medium,not_eligible
61.68819375626936,90200.83748556778,salaried,13.149360301183416,5615.973123307358,0.9679297184063826,medium,not_eligible
30.50268746189423,32047.75428103932,salaried,10.169191667634369,7189.48041824214,0.8567518481410109,high,not_eligible
21.04412405380342,66686.99206019854,salaried,5.732086329645367,4811.184038162338,1.0,high,not_eligible
20.020089373366545,42933.90419611843,unemployed,2.74996168012274,13725.581292028532,1.0,high,not_eligible
32.929211994213496,12110.26121070657,unemployed,0.988543548654662,4017.518880156779,0.8251035851520926,low,approved
34.389217937809576,64720.829566072745,self-employed,4.753696445144387,3192.6766026375226,0.9471570950954356,medium,not_eligible
17.834071525653727,99163.30371296025,salaried,11.343215919692843,7490.536332245469,0.9145375949585148,high,not_eligible
37.71584391420341,70144.74746270853,student,3.932242664835122,1789.4923484202718,0.9868631557532348,low,approved
24.637264862192858,37021.8766653851,self-employed,10.435725176527974,9125.685247793,0.7535076539419895,high,not_eligible
36.02777057591941,67063.78819112775,salaried,6.260326276982046,5686.58938965713,0.918605145999844,low,approved
43.96919664113496,91186.31046377632,student,1.9229137188509304,372.18872097068623,0.9558424486849588,low,approved
60.46593088372636,47038.74732647581,self-employed,0.0,4293.243619099281,0.6741260513576885,high,not_eligible
30.186119580483243,91690.85994093388,unemployed,9.308878362348864,5926.3881126385795,0.7316741487334224,medium,not_eligible
38.06466262482393,54038.92262080624,unemployed,0.8722705184682575,5520.761749463472,0.6460767822239899,medium,not_eligible
23.739103965984064,16882.815064625578,unemployed,10.907497790300985,6674.700529261443,0.8230593165555442,high,not_eligible
33.504078150958435,73367.22519711865,self-employed,9.552149551536353,7472.868645659079,0.9217542255795962,medium,not_eligible
24.80644788024735,16094.86627359809,unemployed,11.151241364832336,3295.569740108106,1.0,low,approved
25.37858335527181,43035.26902254593,unemployed,11.739729408814055,2046.4326121169518,0.8574094780419775,low,approved
30.16269802844421,89854.32210328661,salaried,9.795150093331868,4560.688657837169,1.0,low,approved
59.84398159376702,12784.905217452242,unemployed,1.91430464838345,5329.301535776765,0.7119898541785108,medium,not_eligible
54.54102015706437,51253.26029054546,self-employed,0.0,10000.237731043626,0.6796617560644845,medium,not_eligible
51.95750266330504,59404.724696037534,self-employed,11.203990636267832,10252.070573123823,0.8444452301103381,high,not_eligible
28.08540332424908,61574.31347285249,student,11.541003781203484,6049.08063441514,0.8884065448939307,high,not_eligible
31.38654095219725,89720.5797027842,unemployed,13.618606761646497,7573.086794452818,0.8467305251905907,medium,not_eligible
42.985803204190354,82266.5433552248,student,12.133423071257184,1617.66208314712,0.6432557899960123,low,approved
45.593709196701184,60069.58269417845,salaried,4.970122619436822,2954.9834715299635,0.8410879960487211,low,approved
21.121657085312275,62041.82474684296,salaried,9.040070546692023,2442.5694222845555,0.7195530499495146,low,approved
55.71184379535464,82633.97496627404,student,13.564157516063414,755.2811058270844,0.9169672548830038,low,approved
40.23747203890504,94152.5718772894,salaried,4.7234409856997885,4127.437219177816,0.8866598246096848,medium,not_eligible
33.18611190778645,13913.159208977038,unemployed,1.033196226716144,3057.7221951493702,0.7560120213672644,medium,not_eligible
53.29316378432544,46095.29810223364,salaried,11.249527545993672,1024.284931794946,0.7986133082663306,low,approved
40.67609488617913,13638.6091252911,unemployed,3.9568259105334738,2982.283569595548,0.7440786478111048,low,approved
27.90715479478823,33317.93840722255,salaried,8.31545836874798,1715.6836163586327,0.8437320902726828,low,approved
21.159982288547383,42746.884434458494,self-employed,4.148873588977985,4736.2183762485965,0.9455142320501236,high,not_eligible
51.82177170461664,54616.69725530647,student,11.881089782933609,211.8642529125954,0.7514273953664456,low,approved
29.429170143850737,22188.09992917695,self-employed,1.8136947394606404,5945.329205163367,0.9004046515517844,high,not_eligible
43.5338420648934,21154.96873277372,salaried,3.07434681013567,4658.952818668874,0.7969742381627559,medium,not_eligible
40.88621013807384,88330.54761615941,student,11.765635421391902,1827.8134987955173,0.7707127167737655,low,approved
22.497765956007413,15821.88660951489,self-employed,11.625706044102747,13492.977663817668,0.8392969640045442,high,not_eligible
24.293625563700875,83241.26769720708,self-employed,12.591286239682384,6752.467145582741,0.7464757677580626,high,not_eligible
23.46607515085086,47009.0172581209,self-employed,12.560456763039678,4653.5757401843075,0.7946350694652817,low,approved
28.290882110862608,31758.78303148594,salaried,10.969910303560985,6146.284452564435,0.7302122107411151,medium,not_eligible
40.85535427865016,79008.81759437657,student,9.32862566074677,2834.740689965045,1.0,medium,not_eligible
57.31025760805611,62419.85607173982,unemployed,5.811803078620042,1785.962039550615,0.8535263551971728,low,approved
51.02299405977989,25933.326914160785,student,6.106502385715098,5443.279276440977,0.7800274492007414,high,not_eligible
20.24081236545815,40850.13681071263,unemployed,2.9208580387115344,7075.114199056351,0.8713979910734222,medium,not_eligible
60.29610877955982,23505.71019759885,unemployed,2.961534108123056,10489.442017755153,0.838767195030917,high,not_eligible
20.25647617629626,40315.54567950951,salaried,12.662121212985106,6002.801469640538,0.8279030400466777,medium,not_eligible
28.29525436859421,50406.5298063118,unemployed,2.1433806173452083,10823.003559877181,0.9114166700043425,high,not_eligible
51.91957362168058,28396.22606029613,student,6.027887109666294,6710.576692792184,0.9257507710047304,high,not_eligible
28.67407403543136,75959.47714922158,unemployed,4.063086001943023,4611.153660819442,0.7969498852389473,low,approved
23.92550304105216,40205.89819087638,self-employed,9.96349711705042,5031.911981485277,0.792418175935532,low,approved
59.28622572894469,22605.48527187052,self-employed,12.341490910941776,6630.59508067941,0.8224948302848356,medium,not_eligible
18.8345052101853,79934.27831320316,salaried,0.0,2143.44037559201,0.6198078835264414,low,approved
40.67656050289889,59544.395751255375,self-employed,2.00287210381888,13697.492485965433,0.6984808937801448,high,not_eligible
61.17730678298105,95106.61267319064,unemployed,11.942776913845137,1827.2032233943378,0.9866874267444524,low,approved
47.40642813521811,55599.93237567654,student,11.837754690373249,3430.5745846235827,1.0,high,not_eligible
17.7066254941042,14181.781011519948,student,8.154649793154935,2065.300974657704,0.8250963960443621,medium,not_eligible
40.08988876688293,62362.31083221408,self-employed,12.631518850848398,3544.893711003679,0.9076556963055766,low,approved
56.2741155871482,86688.82458728646,student,8.23765734937752,4434.699272952235,0.8811250154543536,high,not_eligible
24.19774384126919,26552.497135558064,self-employed,5.169958311319109,9781.342064811271,1.0,high,not_eligible
50.57607668651709,42961.72049778274,student,9.399464519189872,1418.1702678222184,0.9619574911434576,low,approved
40.57883010057392,60092.547391352375,self-employed,2.189028441032548,8645.600815370219,0.8372082408519234,high,not_eligible
25.64883827301768,57198.437523397406,unemployed,0.9986898012592346,4329.562806136806,0.7544459559399574,medium,not_eligible
45.28080462253912,100205.93855695055,self-employed,13.468729556058724,3640.9213368438186,0.6893553679742427,high,not_eligible
48.92204578237209,21276.4218043572,student,8.383115270314594,1177.0188251073573,0.8703463635867222,medium,not_eligible
44.96507027003301,91279.35305516032,salaried,13.694984031398263,6206.419576488763,0.7743649254715697,medium,not_eligible
26.39552641875656,56432.66207487517,student,11.821010023290151,3282.2139622322693,0.7077746290402326,medium,not_eligible
21.47638388460565,83960.0428701109,salaried,0.0,10902.789666591103,0.7853427115757473,high,not_eligible
43.499120973548,79508.19301666417,student,9.347965187730894,3914.806511157167,0.7418451996385604,medium,not_eligible
38.6139390640688,69237.66270410386,self-employed,0.9753997772361288,4936.68585945542,1.0,low,approved
52.871680573026616,75232.41634334264,student,10.686599938138198,2906.374941835431,0.938163975694945,medium,not_eligible
37.05000140529754,13159.81037957434,student,0.0,3912.385750865827,0.8492027358683383,high,not_eligible
43.036380400796446,43717.13117255843,salaried,0.0,2267.1383660996953,0.9979944138890026,low,approved
40.56339371957159,65076.48307277334,self-employed,1.970684035546868,6108.462348863997,0.8577368307647618,high,not_eligible
44.02074157953136,22504.98187351343,salaried,3.115905137191115,2001.2890601305246,0.7638715798671736,low,approved
26.75563207258761,62039.978770007685,unemployed,1.0235726718537317,2256.210275345745,1.0,low,approved
19.37655350792216,58356.77055421556,student,12.958459267799698,3977.9849595845308,0.9038910043684658,high,not_eligible
20.712982462609755,68477.49900629127,salaried,6.150507210378777,5355.116580675934,0.7462753845673543,medium,not_eligible
60.98254461382889,59803.36242528045,student,3.898224922945216,2457.104191084154,0.8309661321916392,medium,not_eligible
23.458637520757403,15576.104763809626,self-employed,11.989113432099757,6463.050647434088,0.7624381746615243,medium,not_eligible
50.2554232525419,16540.54915514172,self-employed,9.825711438177697,8652.139361510013,0.7117200269035664,medium,not_eligible
52.622595119553424,12605.157441995916,student,3.982764430883036,2731.3724860937314,0.942617754753164,medium,not_eligible
58.51203695459179,22948.41260741641,unemployed,2.915329637714771,5476.22990104688,1.0,medium,not_eligible
21.964031472068683,65738.15627543222,student,10.86990370726882,6231.272134582363,0.7101432426180858,high,not_eligible
29.665424534521684,34302.97040290408,salaried,10.493452237957628,2606.6017487170734,0.906296923669057,low,approved
35.28654681324136,45189.26170249312,self-employed,11.85851363281991,5128.305760241937,0.7849357430878173,medium,not_eligible
32.27234933272868,67616.19514527437,self-employed,9.97314225769756,8046.539267966593,0.8012874616235304,high,not_eligible
43.875080801056285,103805.55626572658,salaried,3.085887661388693,3987.966207878673,0.7907606075761131,low,approved
24.705751095428816,42237.90655696352,self-employed,9.658254380270266,5293.67577195877,0.7636009230320184,medium,not_eligible
20.73932642548272,17578.84362799963,unemployed,8.200878275676944,2213.3597502936414,0.8548521627944827,medium,not_eligible
60.17716431167979,20023.840691004847,unemployed,10.913306763279856,5115.478343144789,0.7669049883588962,high,not_eligible
32.06690628625616,77530.32745867605,salaried,10.126526585814249,3036.0686230564143,0.8770456825779839,low,approved
55.43337767176972,12725.60833064978,student,7.06088249575967,253.4957808374771,0.8449761890550863,low,approved
23.92423064542943,40780.06878288764,salaried,11.90402369275948,5096.765554238632,0.826105195313359,low,approved
56.60232907036949,65901.9293820462,student,4.006932913371537,1505.5251952252177,0.7592436337958401,medium,not_eligible
53.25728738794274,64936.619234785154,self-employed,0.971620843546502,3837.9707439346566,0.7923228669431667,low,approved
43.04727205115863,68998.9445130113,unemployed,5.943027830049253,8050.567214002469,0.9255391225825756,high,not_eligible
38.23801610937693,80769.26090350038,student,3.681574905546097,445.76334919374193,0.9000917187624381,low,approved
55.10525687309257,49838.578392463765,self-employed,0.0,6078.220580884571,0.7522444755201448,high,not_eligible
16.251156759040633,19265.95121510496,salaried,9.817385958219266,6572.800322158511,0.8599332305429226,medium,not_eligible
21.208751851265266,76430.97211693002,student,11.282393973506268,1720.9709592764334,0.9251387123371788,low,approved
18.32676016059559,100235.94067741452,salaried,11.317970748220027,10111.961355926644,0.6830594718878628,high,not_eligible
30.214297417268995,61895.59964451817,student,11.28211584817632,5377.200977501686,0.9043360192379934,high,not_eligible
41.1133466562313,107500.76476049024,unemployed,10.885600982174584,6799.143276663661,0.7837376241054153,high,not_eligible
38.00972338263417,107507.16047587726,salaried,2.924290151579253,2510.5368437967622,0.907059866859316,low,approved
62.29789115183158,47178.00960832723,salaried,11.18338434704104,5644.560344840262,0.7736740843457482,low,approved
56.81594895904778,36723.97394964456,unemployed,4.874717387539355,3005.8377604798093,0.6695117899335481,low,approved
35.18759602183707,91437.96566310887,salaried,4.245220953610534,3611.017367492744,0.6872457562116837,low,approved
43.44975568751352,102191.25813856882,salaried,2.891516550510297,5365.498431533062,0.8548084946661382,medium,not_eligible
57.31103241727827,89101.10984927487,self-employed,5.925239201574085,8414.881745628387,0.8759722501721482,medium,not_eligible
49.21080438687054,59930.818760641225,salaried,4.984289711055716,4786.738994997785,0.7595683374895591,medium,not_eligible
55.45413672175233,32760.170616988897,salaried,4.440913278122235,6644.218624835601,0.9138592458777374,medium,not_eligible
24.764178699057386,38875.0737351548,self-employed,9.495217096731457,466.7306209945239,0.683847993773104,low,approved
26.117230443437816,40842.30328856338,unemployed,12.510005334964166,5377.443402128572,0.8433920201352684,low,approved
56.69532624325031,55506.90761810079,self-employed,0.0,9818.817349765277,0.7288983800237543,medium,not_eligible
22.626297281750617,89205.17484659434,salaried,7.69132326613785,4103.4181005352675,0.784816389219784,medium,not_eligible
49.214707241465,60377.10770378906,self-employed,12.12335892047982,1740.1122112013722,0.8547398671316414,low,approved
22.235650612067225,13987.055361124792,self-employed,12.16973936702411,1056.3070388317917,0.7639586634716047,low,approved
46.214810472173205,87529.43115617032,salaried,13.602710509432288,4338.185656601385,0.8115444455770174,medium,not_eligible
53.89903922862817,58179.36798159454,salaried,2.9892078258736428,6830.381675472338,0.950629280921444,medium,not_eligible
48.4028031438768,26560.395751018284,student,6.021033143471453,4142.90622882187,0.7923108130476851,medium,not_eligible
35.3927190483016,66519.03277074861,student,12.401793777457565,5600.833564241968,0.933569211206514,high,not_eligible
38.725614571244286,89973.32743965538,student,12.143015083299078,4594.317410539669,0.7370293145342381,high,not_eligible
51.050646894484736,66059.43805816343,unemployed,11.525012767678634,2999.083960211343,0.9029804177915284,medium,not_eligible
40.03597667785605,69189.152655921,self-employed,0.940274415152632,2390.0269445183294,0.99415686206579,low,approved
19.205731477563944,53936.03195470974,salaried,8.127210884084182,4451.132776741883,0.6028355499872711,low,approved
19.35488300989176,81713.99191491796,salaried,0.0,5029.106306169509,0.7703104744529523,medium,not_eligible
30.11035483814313,52570.874393567625,salaried,13.67079630057376,5426.537650315186,0.907707212718054,medium,not_eligible
25.608848039691583,56718.61864763079,unemployed,0.956583829324352,3752.9249427743976,0.8296954613957007,low,approved
44.731517649273,24207.88793807504,salaried,14.98538624763353,3480.201226208332,0.8871145873371309,low,approved
55.34697254448783,26833.548666735944,unemployed,9.006091560457286,8604.107854902399,0.7896014813284179,medium,not_eligible
52.73900674748758,59214.54316620893,student,11.496917042992155,4949.179935549166,0.85865897874729,high,not_eligible
48.63877964631018,51659.61223993805,unemployed,11.25781758166992,8496.574716996227,0.834432276460792,high,not_eligible
45.2092462988933,54303.95175773189,salaried,3.2576959932267053,2486.7159920950535,0.9667782061659808,low,approved
55.52207124443804,33722.11509722548,salaried,4.140842077390057,5231.009890339507,0.8754420843301213,medium,not_eligible
21.375252060656308,37949.15982019737,salaried,12.85405446467326,4363.3539762418295,0.8837602662075202,low,approved
49.61101222942269,60128.76472045303,self-employed,13.8605840902712,1866.6068637232352,0.8088123033877532,low,approved
50.0,97142.0,student,12.0,4809.964932645188,0.8012393775927507,high,not_eligible
42.05447301184496,12164.043491241026,unemployed,4.22323561481444,6152.655805854113,0.8067441812180379,low,approved
29.115803312660056,87133.36860509837,salaried,7.007322775579366,3675.808100192472,0.8894452142378296,low,approved
24.52905586647168,26460.10453651448,salaried,4.087802988027409,8303.578458960561,0.8079015519179736,medium,not_eligible
44.27551108336302,91370.70460544984,self-employed,14.025106234141312,5119.5832963244975,0.8789774856896413,medium,not_eligible
33.781488558916394,96087.66544200576,salaried,6.815835306708374,2361.2733372618395,1.0,medium,not_eligible
20.706691551620697,43468.94836995283,self-employed,3.68568710038627,9149.00995571715,0.9371124703431692,high,not_eligible
42.34764724011068,92735.73554010168,salaried,3.0773381862686766,10631.19624663191,0.8173976467832159,high,not_eligible
58.11844937408463,57279.00755088684,self-employed,10.569498613375442,8673.36076940049,0.9701213922163944,high,not_eligible
20.62460234232297,38129.247385498544,salaried,12.860636362671116,4621.487825744495,0.8091924626978448,low,approved
32.692209947103294,11250.339700624938,self-employed,5.8800707487709545,7761.570242676801,0.6461875464822145,medium,not_eligible
50.82667757960003,30611.99359713828,self-employed,0.0,6100.722043793997,0.7491913689082595,medium,not_eligible
30.338350000993906,62432.31529758921,self-employed,4.991559629149883,2636.792393209819,0.6629208078974144,medium,not_eligible
51.10401475014669,96939.32820585548,student,12.360082893904384,1255.204524362497,0.8148486515958691,medium,not_eligible
33.53829209135003,46558.26907363182,student,4.216730803775367,2381.0756054885064,0.8518418379189552,medium,not_eligible
59.1590352183218,79893.90513218302,self-employed,5.405059473774543,10037.335344721618,1.0,high,not_eligible
55.38317665340264,91461.47025983952,student,7.775504872393497,1420.727220021844,0.8826927373764163,medium,not_eligible
28.26876031077482,15465.930460168043,salaried,8.130882108679716,8754.831316536181,0.8280899471191135,high,not_eligible
18.973187606521734,82787.7613068881,salaried,0.0,8223.989035334609,0.9329405581183488,high,not_eligible
50.73041921110255,88275.41630060563,student,11.801981518209786,7368.574246753827,0.6288864690992114,high,not_eligible
56.20348243223237,91742.64667899549,salaried,13.773433264056177,8459.983197373625,0.8735614558108565,high,not_eligible
25.50524228896477,57756.71463960489,self-employed,2.9590672122472386,2449.210868619134,0.9270865193886968,low,approved
20.506981734751253,61739.293582130864,unemployed,7.66037996365875,5971.377541348723,0.7021413754220158,medium,not_eligible
49.949814786022806,66810.68421732345,salaried,2.1241043122956875,6178.084366268635,0.9643754043206928,medium,not_eligible
29.320313022136023,33110.25819216899,salaried,11.094564206539676,4291.295063235202,0.8838496407494414,medium,not_eligible
18.2413574327222,53501.17560769113,student,1.9407264473649728,1526.369799281923,0.8084712086099198,medium,not_eligible
31.21436013348727,93573.9128337276,salaried,6.559411876749678,12584.081580892296,0.9132781866106284,high,not_eligible
50.01108925692853,34380.58107300774,salaried,3.99389961061604,11313.132628136664,1.0,high,not_eligible
50.232365713361055,60436.59592234512,unemployed,11.107006346463583,6909.421970287811,0.8681866255058495,medium,not_eligible
29.873432227736043,15009.484021148235,salaried,11.858859717377552,5041.341542987177,0.8748220586300336,low,approved
19.965415665386267,71088.08207242966,salaried,2.897179518453921,7807.934024927493,0.8040639100459755,high,not_eligible
44.88565092260422,66878.89414061375,unemployed,10.663441480371898,3369.660560349054,0.7650155630535208,medium,not_eligible
23.55528365719461,58698.74463431676,self-employed,1.9241184250337304,4630.422371215807,0.9330335816544244,high,not_eligible
42.36064379598122,94499.91641115608,self-employed,14.09888646811965,4792.504839109693,0.7643916174091132,high,not_eligible
26.034787062177458,16586.71646693094,unemployed,10.666089011864502,3066.5199646696356,0.8571566237219392,medium,not_eligible
17.564750362546363,45006.18110737428,student,14.400668113561965,5862.226171111631,0.8022342553234884,high,not_eligible
32.06056490461638,73361.10198307305,unemployed,4.406821112455619,765.3545825287457,0.8978979825746392,low,approved
38.91389913231493,61742.95703380612,self-employed,0.995846349670768,10742.187073267967,0.8833662105286948,high,not_eligible
24.36666818602517,57098.70136733232,self-employed,2.8887077874148708,3258.843411725843,0.95375399442579,low,approved
47.37302663578515,61525.82561040828,salaried,12.498091548217165,2613.1246580966863,0.7989983601145253,medium,not_eligible
42.670183505874185,21186.163700560497,salaried,7.258433401553694,2162.6395010365814,0.8230125064706628,low,approved
38.500055434370665,12737.749546084278,self-employed,14.3418889883455,4955.26007577655,0.7521236284217693,high,not_eligible
55.60508489434713,50150.68856426823,self-employed,0.0,10829.998972993944,0.8055706739923888,high,not_eligible
54.29965339097614,47351.14169388029,self-employed,0.0,5492.870346271071,0.8877300493044852,medium,not_eligible
51.00904277516116,88456.30681339595,self-employed,6.114488665018006,6132.128104314519,0.9256988616645352,medium,not_eligible
54.92030013420357,78121.37653875691,salaried,13.419095148250983,6636.984236420621,0.7577834675822375,medium,not_eligible
23.538869575376868,50558.37510527173,salaried,3.789802282097075,8487.401910693374,0.936960592010566,high,not_eligible
28.845824840078205,104766.0261695509,unemployed,8.699472470096058,2334.613014756757,0.9855637858804952,medium,not_eligible
44.13805447822972,10239.051304973922,salaried,0.0,3049.8760423001954,0.89134349032237,low,approved
28.70219887500373,23230.59849421019,self-employed,2.049678633302706,4371.110534738606,1.0,low,approved
38.08628985550068,85610.18413269702,unemployed,8.302305255374423,1948.0324008626362,0.7726210800896427,low,approved
40.06709977443743,40059.625152667286,student,9.219856919293546,2875.8015309080347,0.7255345296688582,medium,not_eligible
44.9408663191027,16341.543382618956,unemployed,2.177512680681406,5918.839779289183,0.6721279751095721,medium,not_eligible
39.06274279864056,15020.550927837125,unemployed,3.1147225623156727,1799.4913656131343,0.9996044311489184,low,approved
50.77774880832175,19996.35216755152,student,8.529403014162565,5291.120530221796,0.9154365656354058,high,not_eligible
17.250627675906657,11851.98732665898,student,4.169669865939064,6877.129345492751,0.8444415329089545,high,not_eligible
18.3007841545596,71658.07354065291,salaried,0.0,8141.241639900112,0.877996862631982,high,not_eligible
39.91978558812572,21062.59028844285,self-employed,13.662052561240747,7614.273376115388,0.7374510952701623,medium,not_eligible
56.96268620432189,37701.72471177517,salaried,6.156350961589552,4040.1207476048676,1.0,medium,not_eligible
19.586780380002587,83776.03695132911,salaried,5.509382079439371,3692.4040614336664,0.8629221181975227,low,approved
50.89597692904657,60689.58722464211,salaried,3.1026384292390228,4754.212746973943,0.8609394794604893,medium,not_eligible
28.353591436984185,97312.461599293,unemployed,9.664318040300598,4891.745323814412,0.9225766623898692,low,approved
34.8825443667961,88132.89756637315,salaried,11.252831235519157,2885.0455414240932,0.8981009231736713,low,approved
50.837513524389855,80011.57942260474,student,14.423602665645646,3952.4642690812357,0.8723884024279132,medium,not_eligible
19.469036547177467,72096.31732823687,salaried,3.1122281992919185,4299.999429372432,0.7709525544554687,high,not_eligible
56.65354677762317,50770.02485714577,self-employed,0.0,4299.363638819399,0.8971468357135995,medium,not_eligible
52.03784615206777,107232.36924501344,unemployed,11.51240723784905,5383.820723914807,1.0,medium,not_eligible
18.980018957256625,76379.77926701654,unemployed,8.379173800554897,3785.817130489132,0.9845420046154978,low,approved
45.82963595612425,45581.601878926056,self-employed,5.257135766217408,8775.134138114561,1.0,high,not_eligible
21.9896925388757,56179.32961896557,salaried,9.256812024775543,7259.665773567683,0.7988784323568815,medium,not_eligible
38.9434898193355,82072.38336761053,unemployed,0.0,4507.9141960772295,0.7510395179741419,low,approved
50.83841837004872,82438.93222211604,salaried,5.442782171144203,8566.252731726378,0.8374213079900351,medium,not_eligible
31.740208659396867,61015.01862814225,unemployed,3.772928904107309,6197.8450859829745,0.8555724912288695,high,not_eligible
51.90349241786394,35014.13764512045,salaried,3.925706650298679,3230.471003431127,0.9594191518470948,low,approved
36.864042150924384,76946.88002414191,student,4.183907042959145,656.234580291623,0.680753537028518,low,approved
29.188423497474307,33801.36875171597,salaried,7.890256141640842,7316.814687826224,1.0,high,not_eligible
43.746913693725816,22540.14149144284,self-employed,13.344805535986788,3885.6210829177653,0.8341992101421011,medium,not_eligible
16.881957128279588,13908.113815693852,student,8.43068366274428,1513.4607651764873,0.807311893005258,low,approved
27.98585266198093,15938.642201373714,salaried,12.54791583543875,4667.812262805701,0.7487895624739832,low,approved
31.537825121815416,99437.75315800722,unemployed,8.590343362536911,4002.159158051085,0.684514332813423,low,approved
50.425886536854456,17335.85816398876,self-employed,10.581085141655327,4163.948044878384,0.9323170583961916,low,approved
21.66183089832656,41741.60878273317,self-employed,4.22113236938532,9828.621560293093,0.8573317967188404,high,not_eligible
51.29276632625238,29508.572864037167,self-employed,0.0,6403.842685893643,0.7210039100258946,low,approved
37.35152381463721,49515.59306822353,unemployed,11.336274920642207,3867.228190454257,0.7204921227936384,low,approved
33.26873001397336,66707.95230695461,self-employed,4.807136996189245,8617.387258355524,0.8164215300709872,medium,not_eligible
22.461705989413307,62171.88759726794,student,11.675130290739288,1405.8454902448368,1.0,medium,not_eligible
55.784669029072646,94525.54747610776,salaried,6.7040886434598175,6087.482656858659,0.8240408648636395,low,approved
52.18232244809317,16532.149476855557,self-employed,9.727081203251132,4605.932650967266,0.6996857046881894,high,not_eligible
16.800156855212037,80040.71957508285,unemployed,11.365588668593196,4246.570482086439,0.8254256935914055,medium,not_eligible
30.027528177092385,100070.01877198358,salaried,6.054271973640063,2825.1661739119277,0.8227276430252329,low,approved
24.968230024314487,94715.98341590866,salaried,6.7010197925509765,3198.8572999830185,0.5803113357058428,medium,not_eligible
55.152197735387645,21295.608239927384,self-employed,14.1270572340104,4364.907686027249,0.8445705133482188,low,approved
25.392622241864046,90787.98082676288,salaried,6.770675625635625,4716.183922404462,0.8269065469791321,medium,not_eligible
25.34109510160882,32061.494539349496,salaried,9.233424305604537,5191.809021330148,0.9196206364813418,low,approved
47.04972831048136,45100.55696883026,salaried,8.818233687200875,3530.233227612027,1.0,low,approved
52.981236387668446,13628.737274578778,student,3.864149735528591,702.6080749096693,0.9626565029547758,low,approved
27.54981744869029,55853.50879570625,student,10.540503608067976,1388.4436813341074,0.8231111309445169,low,approved
53.28285553554512,99560.98922846543,student,8.351656553214477,6227.132996296817,0.739347409125833,high,not_eligible
48.29453089443688,61471.49905935461,salaried,2.037872051433218,9038.832620792331,1.0,high,not_eligible
19.36885295699299,25488.552179723127,unemployed,12.972923942106496,1998.5487213630372,0.8559218434014488,low,approved
61.441530467895696,46759.06328294821,self-employed,0.0,9587.520387736942,0.8513929291912946,medium,not_eligible
27.10831573832491,18189.10959447663,unemployed,10.984473832309856,11429.272527461872,0.8475874912889997,high,not_eligible
53.42505246751393,39741.86094953145,salaried,5.769303358507187,9154.6720315259,0.8698084760767855,high,not_eligible
23.86462580412024,74475.40765267394,self-employed,12.14868338650768,6972.613513401986,0.8355639588076057,high,not_eligible
29.16306412480165,51226.73282441196,unemployed,2.045373011914658,12039.026577852123,0.7926337993119763,high,not_eligible
18.03600754408176,65566.86781758112,unemployed,8.10912451463685,2828.442451561499,0.7953141058759607,medium,not_eligible
24.80615921510393,31880.688411753305,salaried,9.139950891301847,4293.049824127552,0.8467246729784002,medium,not_eligible
59.42255445960559,57248.77922895882,unemployed,6.12611312156087,5682.709630774356,0.7956575228866235,high,not_eligible
52.35202248610453,65723.916346514,unemployed,11.236680053496778,2881.2440147229254,0.7787154217322836,low,approved
50.371982328254205,29360.924688523024,self-employed,0.0,1116.7731774690362,0.8606430227691897,low,approved
40.30195818315288,64828.71892285402,self-employed,1.9192048422984904,4338.2764285589665,0.8245022782579144,low,approved
38.66206145467292,59166.96566919451,salaried,2.6813287602795763,2316.5419587098795,1.0,low,approved
45.17262190449798,87393.5896276137,self-employed,13.90659274959689,9035.121362452683,0.5849030191606988,high,not_eligible
36.938876669352176,60137.24596675127,unemployed,4.108060576892661,2063.1492747637776,0.9591506851922462,low,approved
19.380580453674515,43656.42774651988,student,15.329203875772766,2860.335281697167,0.9746085192497628,medium,not_eligible
33.369728999932875,62878.93704984947,self-employed,4.78936306572706,6270.192189759269,0.642660976759185,medium,not_eligible
20.06944653707276,77889.43011762411,salaried,5.45813137501675,8886.570181135226,0.8157312405919651,high,not_eligible
17.824046810930987,72057.9568662147,salaried,0.0,3191.7504139664006,0.8128559134004208,low,approved
19.121093534399964,72030.26535869588,salaried,0.0,4547.982012895452,0.7092488305282179,high,not_eligible
43.10791345411539,37587.17006587552,student,14.06665587506354,466.2456944548182,0.7722183312409124,low,approved
25.82200284173708,75814.46350514982,salaried,0.919688174882708,6490.30256741787,0.7389424154534171,medium,not_eligible
24.036637132627213,93030.38743179465,salaried,6.556054814244827,7278.42591528821,1.0,high,not_eligible
43.53500173882672,30260.23838951352,salaried,10.44339212400214,2491.101117501594,0.943567839314746,low,approved
57.15475182947065,89308.21851555281,unemployed,7.332397923883036,749.9404103218056,0.977155509499416,low,approved
56.70824311371966,96847.05733498132,student,8.04777486162434,6713.785221424966,0.9221672064043236,high,not_eligible
53.382506042062175,19912.156008447648,student,8.05505181699969,6435.07369729888,0.737094822878277,high,not_eligible
56.437636459768015,41371.59957050204,salaried,5.9821965330465,3324.7719489548263,0.7975479733720227,low,approved
46.686118673049535,29143.63566239305,salaried,10.3556578635332,10671.47032748075,0.8989374561227917,high,not_eligible
29.25577841302349,73741.21655351887,unemployed,3.8452120366053175,5816.143930124115,0.7277872191108055,high,not_eligible
19.832552933813428,99621.42879243706,unemployed,0.9900507768107344,9733.00859895601,0.9212998430172388,high,not_eligible
53.92752377226603,32806.69390482734,salaried,3.899834987099446,9793.70864179546,0.8259674601841864,high,not_eligible
54.55381450978096,62504.57365715017,self-employed,11.552465279195808,4276.944211663382,0.8125179192450402,low,approved
28.2409912697845,13781.974562248166,salaried,7.604321043868345,8481.746776930495,0.9210959968203491,high,not_eligible
42.84971848253265,76728.89205472486,student,8.38296903216862,2055.0919784979596,0.8944263311486039,medium,not_eligible
41.16169510042505,12492.053180883764,self-employed,12.787282816276134,3674.2738937050294,0.813903383418092,low,approved
20.25638828167351,40315.90442164296,unemployed,2.9829737167988046,2297.3974349682308,0.9659329803364248,medium,not_eligible
47.1768044518027,22890.64279397617,self-employed,13.326887403629756,4122.125506862117,0.7418936672400103,low,approved
52.174411009855774,13025.179070291457,unemployed,2.0270246174248205,10044.823871101118,0.9115935606944264,high,not_eligible
41.20694926023306,84689.67816809789,self-employed,1.9219274233051613,5636.719886098454,0.9093101257968385,medium,not_eligible
52.53570092262113,29144.196418684,self-employed,0.0,5081.294839195292,0.819045356068601,high,not_eligible
19.645439491301417,14169.086327471152,student,3.5806552077536504,3240.504877506789,0.8826133022242117,medium,not_eligible
45.26816113592981,79583.24529434407,self-employed,9.75173700409004,10672.144455836275,0.7248886423614697,high,not_eligible
21.98550817908909,70671.23334565466,student,11.53731874382976,4660.657402847386,0.94240270192069,high,not_eligible
24.46686241108528,15528.038777879883,unemployed,10.000425569395851,10278.163783850112,0.831509786355701,high,not_eligible
37.83798363131248,48817.19002371978,unemployed,11.231825267612743,5110.093226921897,0.7977276979480961,high,not_eligible
41.783527593124944,98801.37021741414,salaried,7.658513674253429,4525.062289433485,0.9549009225836887,medium,not_eligible
20.76832445588779,44703.44722553104,self-employed,4.080492276669653,5552.922193398438,0.7795656309457241,low,approved
30.633518563967392,71947.081082145,unemployed,4.045123034585962,4359.3155543758985,0.709153870363644,low,approved
39.578749549562254,30208.2856080101,salaried,0.0,8179.561065986472,0.6943370826476096,high,not_eligible
19.75817770298189,20839.89050090327,self-employed,7.86004672864415,5869.542902942704,0.910600995134564,high,not_eligible
24.3045130564506,31157.96221191189,unemployed,11.193215550528826,11638.844181774351,0.7219570647503717,high,not_eligible
41.39119526813858,106979.59484274995,unemployed,10.349522353405884,832.4147583145074,1.0,low,approved
52.26640557906455,74627.26776115158,student,9.568468743238636,2238.7103342063288,0.6418070592116277,medium,not_eligible
45.39941163552961,87298.51655864356,student,12.427618507035849,2425.1293276873635,1.0,medium,not_eligible
35.608438919584145,69045.63306227689,salaried,5.9673435696831225,5303.994221499084,0.8711017467202619,high,not_eligible
28.01583918625878,18368.769541281035,unemployed,12.099280292470134,4739.2793039871995,0.8403286888129607,medium,not_eligible
56.10042527270074,99592.7256420042,self-employed,3.119214665068232,5371.264292697799,0.795508091319105,medium,not_eligible
45.74733948013356,67968.17890781371,unemployed,4.997603838474266,3074.351682627397,0.8899136114352071,low,approved
58.80002136010425,33033.13815435182,salaried,3.843322499465767,8950.661736405982,0.8462365297575152,high,not_eligible
19.737359429885792,76242.53456861536,salaried,0.0,5738.6665827426805,0.9603301882016522,medium,not_eligible
35.32247505137241,65119.22770744789,student,12.425835155796754,3466.059091389702,0.861422764866204,medium,not_eligible
33.872343357738174,60735.65670618047,self-employed,4.687512104155757,3211.93456719072,0.8650301761461877,low,approved
41.64566837915481,22064.83325490371,self-employed,13.421208473044272,4640.575276996781,0.8136387787786143,medium,not_eligible
46.49570557474097,84313.93129617252,student,3.023554248185844,1576.189224023373,0.8443054376278932,medium,not_eligible
40.35251380136011,82183.92020693998,self-employed,1.8986271056287576,2348.450593609588,0.8807801768892058,low,approved
41.15670237969111,21504.787132950376,salaried,3.135609047239765,4386.429227047475,0.6789831607343374,low,approved
46.757057849430254,89817.78100976425,unemployed,8.036852723292935,7789.839640334185,0.7151814577894287,high,not_eligible
27.25951074783322,15935.2496759973,unemployed,11.033092798932936,9291.812642454648,0.9243264094022716,high,not_eligible
16.886878722711767,73711.80113899232,salaried,0.0,4855.1862208292005,0.8670865438127942,high,not_eligible
29.19662225146809,77248.59694926304,salaried,10.624255252261008,12840.754860460354,0.8316016663647321,high,not_eligible
30.880619291002773,46278.31300100878,student,3.6277704405893343,839.6927726871269,0.8518433933065392,low,approved
23.72896131496972,67212.7733483262,student,10.847524026899606,2019.8853462835418,0.8847581705361671,low,approved
31.625595933877666,31301.485450606662,unemployed,6.775922145685239,3693.3489993314192,0.7960240319690638,low,approved
46.09940627897849,32494.67020606773,salaried,9.798650697421646,2646.4198112721497,0.7721695274597687,medium,not_eligible
41.73720546604955,93678.9316333904,student,12.416700744073792,3722.9131348558785,0.8695845255097682,medium,not_eligible
43.66053027554033,63352.43844892508,self-employed,11.875098806921027,3144.105763386917,0.7521627222384968,medium,not_eligible
56.24987921484296,93684.92061588918,unemployed,9.12524283194855,6151.966727673005,0.8908252755714472,medium,not_eligible
25.51886002819777,73759.30197848304,salaried,1.0374561698722204,2510.9557671114794,0.6797416395762159,low,approved
39.72989840171061,89778.58272263313,salaried,15.145675176677374,3101.6251844459684,0.9529155637325644,medium,not_eligible
26.77678730844848,56566.40708376699,student,10.47797444815801,3287.197938738281,0.8972597482413043,medium,not_eligible
19.355565369286417,81720.90048839437,salaried,0.0,3242.4402949422038,0.8756029734313875,medium,not_eligible
50.06553716871788,59758.43881269342,student,12.270855575485946,6775.008207095373,0.9482690983945514,high,not_eligible
47.54155241525922,44930.77798293366,unemployed,13.053288387480812,3423.1733743403315,1.0,low,approved
54.583776436048,35576.71549736352,salaried,5.809138194484199,2843.090284793423,0.9514370065018132,low,approved
39.35996333383438,66666.72460195467,self-employed,1.024019933804657,2930.707240346722,0.6659125768668355,medium,not_eligible
45.3629194241804,92081.23633822352,salaried,13.273039271120313,5640.873085347956,0.7220423033264298,medium,not_eligible
49.25498684773527,82511.06124226103,unemployed,9.072009093789536,9451.81094391931,0.787518142230432,medium,not_eligible
33.32516426651932,61405.925850702806,self-employed,5.188098540479049,6442.390199088457,0.8526091050210833,high,not_eligible
33.80193278076055,86281.72147604758,salaried,4.414625886107773,7049.656791847507,0.9017659020469124,high,not_eligible
26.3341905398076,51843.96883530741,salaried,5.038441048279296,4978.577525245519,0.7774256186846534,low,approved
48.05675806109576,83492.07393686924,salaried,2.920391070056044,6536.697164115631,0.8686766764477079,high,not_eligible
28.380514856450247,12515.524777428447,unemployed,1.0437798114982215,4840.137876245957,0.7744617067646677,low,approved
33.29802024304156,58632.00491213803,self-employed,1.837698436395488,2988.608385266184,0.7888482197008051,low,approved
37.3268578373928,60935.88592400229,self-employed,1.9826777537136668,8044.26455630526,0.7093338903151778,medium,not_eligible
37.54460879888427,91301.4972151324,unemployed,1.883191542656756,4845.164566439391,0.7576766753889095,medium,not_eligible
49.98751127531757,18998.99095970072,student,7.708693694655809,1292.7068326837689,0.7148315394383666,low,approved
37.2973339836778,41909.32847307863,student,12.705421045798817,1594.7558371247567,0.7524126747022667,medium,not_eligible
54.16915290256922,77653.04114563578,unemployed,7.373700245788752,1074.654843325665,0.955364179660784,low,approved
30.96199068585033,11532.619058034725,unemployed,1.0029597254813487,1938.8607860285324,0.7550601111168057,low,approved
61.27406297010013,71944.15663197359,student,3.7987965968839,5408.115012744153,1.0,high,not_eligible
51.61982245807935,60130.718173351706,unemployed,11.210220409582526,8511.607357327935,0.899331790088089,medium,not_eligible
19.033348803633032,58359.49933051199,salaried,8.145182634359777,9640.628893478173,0.8684836123694873,high,not_eligible
38.81270248891335,92297.44633343972,salaried,7.754856254457025,2165.004466299647,0.7641642219818786,low,approved
37.07954936093948,83497.0524855689,salaried,10.969611497433467,6808.16336850548,0.9200309879408992,high,not_eligible
48.357645131866505,32281.181560623096,salaried,10.009911058602883,9751.315155522661,0.7924362173762226,high,not_eligible
53.02500226349588,13322.263225199828,student,3.78340986826297,1325.00349142661,0.8622009814645362,low,approved
42.5417139219228,97565.51402223825,unemployed,10.879065559213224,10574.395083805197,1.0,medium,not_eligible
19.132406933543432,85292.59319898023,salaried,5.072360276458324,5770.003900373798,0.840394010027535,low,approved
27.0,15539.0,salaried,8.0,8246.606735801131,0.9649273326285676,medium,not_eligible
21.805155809581745,60020.61041286841,student,11.016442331763091,1318.8276014616602,0.7796823574874112,low,approved
29.597891002312743,59307.5981753996,unemployed,9.0694215292553,5972.330725589662,0.8465011509503038,high,not_eligible
17.857575102858146,80694.37626849207,salaried,0.0,4858.4440824612,1.0,medium,not_eligible
24.217379306942643,61521.08922570664,self-employed,2.107658024334933,3744.215791753216,0.7873032942212232,low,approved
50.4205877385525,43060.09654154513,salaried,12.12522564075609,6315.681922356024,1.0,medium,not_eligible
27.68408295085836,59134.65144529351,student,10.516226845166988,1548.1895792897394,0.9207751935455476,low,approved
60.03702394533593,95714.14703279418,self-employed,2.9140463783384885,7643.9610233059475,0.7937533224105732,medium,not_eligible
42.28342853233527,41326.307393489325,student,9.286804853049563,3451.093726565525,0.913240773905552,medium,not_eligible
19.90740611751195,23483.957652800986,self-employed,7.821269929861255,6771.41915627402,0.947255444962673,high,not_eligible
61.33472044505543,26703.55287250812,unemployed,8.234841376104663,11456.245301196472,0.9121809962217196,high,not_eligible
21.55010137627767,45533.06165333225,salaried,13.0563740105284,6397.08771500556,0.6929775280109544,high,not_eligible
58.54621731716774,63532.24522113915,unemployed,14.065595447780735,1811.6716445218772,0.7772862824175131,medium,not_eligible
48.64823843565435,80362.00771295467,self-employed,5.230932271393307,5868.062657916604,0.8252481364448495,low,approved
43.14358036293165,49591.368227424486,student,11.600260863887554,5783.05892211397,0.8425566570899954,high,not_eligible
44.4584452685932,21388.94759130016,salaried,6.903426900697824,2436.913359178964,0.9120672097550676,medium,not_eligible
49.0,58747.0,salaried,3.0,4392.238964289094,0.8677701000933253,low,approved
42.19143168240176,12661.536053683523,unemployed,3.84112024409532,5319.704824869559,0.7164655641289899,medium,not_eligible
61.08098859378026,83084.6503155566,salaried,6.148657793664896,10240.826365350378,0.8880197851005963,high,not_eligible
41.13337579250347,60846.59625875379,self-employed,1.8627292341370056,7959.468799321706,0.9110585745283823,high,not_eligible
50.47799516193398,93189.72842363712,unemployed,12.974118586960415,3632.668287488565,0.905979044793104,low,approved
51.15619323381682,13423.342345989717,student,3.820282952894333,3158.3801458032954,0.9580780725554622,medium,not_eligible
33.64929609714344,63010.0321069695,student,12.424111608904935,1300.6867065951292,0.9333922154548904,low,approved
42.71669475404908,71984.79680574391,self-employed,9.594520037033725,5103.656282279331,0.8959180079228437,low,approved
29.007808168112977,31514.620912366005,salaried,11.20937887564926,3923.092517952754,0.8429834288541352,low,approved
27.271848813065468,57271.32062707806,salaried,4.695291103202276,5405.20384355492,0.6839039066484008,medium,not_eligible
47.28680119829042,16104.437241550797,self-employed,10.116753012698938,5458.835908138707,0.8929618219132586,medium,not_eligible
39.87989245345141,41093.98520157692,student,8.202841712673292,1424.47331105597,0.870768768716311,low,approved
19.986597535488787,61659.40214382725,salaried,5.88243982195498,3009.38837319072,0.8771578837195373,low,approved
52.33815006550596,54373.74189921529,self-employed,8.204278331382215,3124.0760228130675,0.7223251424179691,low,approved
32.29286303832101,38836.62341841049,student,3.9728974025893375,1679.9901947202277,0.7418943459591737,medium,not_eligible
55.48935852249256,85943.40859957138,unemployed,8.601106202272398,4040.915722668144,0.9553152853332904,low,approved
57.498064516886046,12972.068358843711,unemployed,2.115981111826818,4466.746723204117,0.8460444846143345,low,approved
43.02274975011451,95974.18198214524,unemployed,8.137727113382052,6625.76904916433,0.9181500697372624,high,not_eligible
17.072335301102665,13695.377748560011,student,8.100722964193151,6552.762125839484,0.8528318376130462,high,not_eligible
39.57831638712548,57129.15325519864,self-employed,2.0569464446471986,2288.854105362838,0.8529756139495746,low,approved
56.49674549905168,85814.94521273285,salaried,12.592142953103098,1752.332608519472,0.9438283805975998,low,approved
36.88338142259404,41586.26921845668,student,11.693836844396731,3210.4139927856077,0.7983955271782626,medium,not_eligible
35.87965538041389,39974.18107228856,unemployed,11.793478827723096,9337.283853798766,0.8596120776940983,high,not_eligible
42.09495800436424,54016.79922052776,self-employed,2.028153489856757,9506.987353448198,0.8037724711294957,high,not_eligible
23.741666338155245,41416.18912836471,self-employed,9.780381315404602,3877.9021715928598,0.8065503772567684,medium,not_eligible
53.71773108250461,55850.1528938715,salaried,12.260593202974167,4262.06899514569,0.819082787653136,medium,not_eligible
59.230639759539805,13220.295996913186,unemployed,1.8936499231722672,7241.549894172646,0.8722133771633712,high,not_eligible
18.572280039480464,80155.62929056142,salaried,0.0,4387.53054911062,0.8021251378336522,medium,not_eligible
42.45360565464602,88308.03105842638,self-employed,9.751397154813224,9185.13771721672,0.975575612557352,high,not_eligible
43.218493765262906,96013.8164489037,salaried,2.936085441937524,5469.199118026172,0.7605392697780495,high,not_eligible
57.69752957551045,83814.70040018017,self-employed,4.996381465247594,12783.777251203604,0.831312835583864,high,not_eligible
18.80169783165038,56842.970815232606,salaried,8.11996407425962,9179.462034718257,0.8060268941725824,medium,not_eligible
37.39659780473553,63958.267663684375,student,0.0,2728.88781127811,0.9946977884353732,medium,not_eligible
40.185343623943616,53164.64864979587,student,11.251760753676258,1300.5082241856826,0.8696554776511575,low,approved
40.98062632410617,28035.628318524763,salaried,0.0,4401.997863788796,0.9531844539468636,medium,not_eligible
49.51272710036291,60172.77320333884,salaried,11.363215202391403,4594.02263558306,0.7014439626963027,medium,not_eligible
19.96901776597534,17519.440008877926,unemployed,7.797892702672357,7603.06682837523,0.8767050265869258,high,not_eligible
59.81692918647939,64008.65282171264,unemployed,6.265401531262779,4864.270932143392,0.9389630795623436,low,approved
58.99740929466467,41096.471355908165,salaried,6.520014797647634,3527.4406978963043,0.8582283989275424,low,approved
39.31367054406166,29967.32054811221,salaried,0.0,3570.2661779102486,0.9565480375065352,medium,not_eligible
41.69342093369556,41270.045822670654,student,8.967074815028447,4134.660874761286,0.7982711549899628,medium,not_eligible
39.13778769822076,24392.37344957973,self-employed,10.728481495221097,2583.886442689491,0.990934744018558,low,approved
17.152067737447204,79126.02684263943,unemployed,10.90107382587428,7884.12320062802,1.0,medium,not_eligible
56.795660071677766,12714.192715157593,unemployed,2.1343225415527707,2967.9434726581812,0.8137161439560341,medium,not_eligible
41.815062548157705,100606.69231247966,salaried,8.11424168953569,7037.192992382076,0.8054497478599227,medium,not_eligible
57.33370009442594,24440.20632136057,unemployed,2.791641457100217,10422.687640029342,0.99533844771177,medium,not_eligible
57.239360893110025,11416.587151288044,student,3.770178500359681,4650.324433276429,1.0,high,not_eligible
54.700563914522704,84369.29973410937,salaried,7.921361732250011,6057.985479703057,0.7977139972846732,medium,not_eligible
49.35260135995033,64579.08096200053,unemployed,10.353616326518248,2463.233513580055,0.8079813182904143,low,approved
37.605423640203725,53068.31479506595,self-employed,1.9398892110171748,5802.719838965242,0.8218215391139493,medium,not_eligible
58.96558815936411,99509.55536564102,salaried,6.693899380399564,4886.399174642217,0.7155549488965722,medium,not_eligible
50.54880008039602,98591.66827924324,student,10.691001739806191,1701.0830875964602,0.7581348053515802,medium,not_eligible
21.53882498074378,42491.51771165832,self-employed,4.24552475150853,7940.177632233686,0.7495859233247932,medium,not_eligible
19.222246700417607,62205.51150712466,salaried,3.263571714914168,4470.717563087164,0.7732202434895872,medium,not_eligible
40.46789969016226,63891.85978710003,self-employed,12.155990961407444,5159.952729060433,0.8465315112613219,low,approved
47.90632078433436,40170.79070780145,student,14.3566516706314,3650.982799253082,0.873421473253652,high,not_eligible
23.31264347908898,44321.4978714931,self-employed,3.9682624708783134,5938.755948482381,1.0,high,not_eligible
58.20259011254108,48567.87133907208,salaried,11.767399083362225,10507.352565395955,0.7501645959261208,high,not_eligible
27.2212555169118,27347.299140965755,self-employed,4.972143295116958,7245.232718609206,0.9484322398476585,low,approved
56.85035137480311,11771.796359287364,salaried,10.82081998588511,1913.4851098621425,0.8286011155774491,low,approved
21.54625563747732,43961.039024575584,self-employed,4.262863223897207,6242.007689424263,0.8450536290347567,high,not_eligible
57.39173007366704,88894.46615210542,salaried,14.032878276828043,4848.579959810659,0.9174819492166604,medium,not_eligible
29.11304887492044,84705.13067612077,unemployed,12.43672903699883,8127.425383694179,0.7377277978437701,medium,not_eligible
26.84662568988685,85189.32544949373,salaried,7.174344417091191,8385.452885581035,0.888240974618405,high,not_eligible
45.16896502067759,96781.03445899562,self-employed,13.867401997178298,7665.882799752103,0.8666452208213056,medium,not_eligible
19.123204779174063,13592.847255538156,student,8.40483095156485,3724.700418881963,0.8992451264008149,medium,not_eligible
53.89175966688936,28508.58833827768,self-employed,0.0,4177.311562256395,0.8789168643907818,medium,not_eligible
36.005520216591776,65428.383538899056,self-employed,0.9598264701594964,3914.05324836327,1.0,low,approved
56.320456081379206,13787.762965739486,salaried,1.973688146556652,1682.781571969695,0.7862260015748683,low,approved
35.0928589789454,68734.68756432453,student,3.980414166459627,1382.8747171229622,0.7969003044998182,low,approved
37.57854703322492,51896.16640080558,unemployed,3.8036880779390088,8813.718046162721,0.7876859473575235,high,not_eligible
32.674703689269954,89215.6045325011,salaried,4.242871862511966,4441.725430183895,0.7944522880839745,medium,not_eligible
37.77796665110908,53403.786064803135,self-employed,2.069209719696288,8417.224990454379,0.7862612872693482,medium,not_eligible
48.92167846907469,94956.73982156698,unemployed,9.401660160605,5347.3138401246,0.9689016531107552,high,not_eligible
44.48004403628707,9320.191094662308,salaried,0.0,5541.679263381524,0.9920504247989854,low,approved
24.20149566081988,39738.08354464402,self-employed,10.195267185730357,4981.742464865177,0.7929253706250523,low,approved
26.16738419185616,54846.870852299,salaried,4.999449372581248,2852.6368270874436,0.7667644426895771,low,approved
44.88626515815851,22713.616843703807,student,9.176163738314273,7527.106464881662,0.8971415556386404,high,not_eligible
32.95123621543434,78112.77938066202,unemployed,3.585715793637434,5963.459179523865,0.7947776955719028,high,not_eligible
26.08941801083645,48351.26737514476,salaried,4.105875801022494,3998.924299497973,0.9132931817755512,low,approved
29.5689095523866,29236.48913820075,unemployed,7.588946922204731,7298.62680397961,0.87029230208513,medium,not_eligible
43.39161021865515,31860.24377336241,salaried,10.123972999826002,4209.445092603015,0.6984255885002768,medium,not_eligible
26.54248350526864,46019.56565725444,salaried,3.644783449508869,1657.7015485959441,1.0,low,approved
55.75518446292668,59377.97530706114,self-employed,10.811436940058291,10225.752949733665,1.0,high,not_eligible
33.05260297463379,12359.875799249963,self-employed,6.280329797937987,2225.5995427366843,0.7887211309515614,low,approved
45.165893476161344,42742.13549226124,salaried,8.469292996279224,4047.3401068715575,0.8112298440064015,high,not_eligible
51.04098321875493,28542.418714249543,self-employed,0.0,11317.933677228168,0.8785865390724905,high,not_eligible
40.78165580939751,63109.59793907552,self-employed,1.9238931741796224,2676.619584969493,0.8834456789987025,medium,not_eligible
21.052940415427315,20101.281652003523,self-employed,7.630553300344493,2614.3145927796545,0.9158544272672832,low,approved
53.51090007575382,18143.06328102623,self-employed,10.370056631942331,2935.98412078483,1.0,low,approved
17.49007474116976,42900.529886315,student,14.211746786809927,1612.7712598988774,0.832305277250595,low,approved
27.61172921860152,62628.93925663971,unemployed,0.9622923201358744,2088.3082088055726,0.7701702755461546,low,approved
28.66503962733562,33308.8493079339,unemployed,1.91817859518908,4186.237467038016,0.7120680771985473,medium,not_eligible
59.87730247300069,73878.56509879143,unemployed,13.48896696639586,6898.909363840326,0.776906996005808,medium,not_eligible
43.5403589085506,76491.49945668688,self-employed,10.176045435855697,2324.6492158244714,0.8466873027126203,low,approved
55.358804022177246,81855.77436058952,self-employed,5.317790430729041,7316.093170693721,1.0,high,not_eligible
17.97943760764836,93547.71949760268,salaried,10.970253498364972,3633.123635418131,0.7982388700963828,medium,not_eligible
50.12585488698856,36491.37169998376,student,14.114675357841108,825.974580982565,0.8723787951638898,low,approved
18.529862352926664,12003.479745464556,unemployed,5.945329144221812,1151.2031521604267,0.8483577103927248,low,approved
31.229326101179844,70275.61988194905,self-employed,4.955577136103194,9086.395583139834,0.9688393273448084,high,not_eligible
54.71063168976884,13770.75120045707,salaried,2.051887155213231,5117.472321927768,1.0,medium,not_eligible
42.774094532707046,100567.35398866616,unemployed,7.885433068791067,3591.752983471089,0.7969131227079679,low,approved
45.61196322151565,92351.1724937045,self-employed,14.000872388721907,2069.312067990901,0.8010560557481777,low,approved
20.732404688000106,86322.88643293045,unemployed,0.9286883501238272,7916.112722444516,0.9544160877069072,high,not_eligible
51.95804218558909,22597.32235625659,student,7.943470002635202,1710.7577146977683,0.9181891489626312,low,approved
20.44549537699981,38978.32542597157,salaried,13.268287072683943,4328.775462744561,1.0,high,not_eligible
47.4561297212999,84830.26241730299,student,2.968241741757832,4576.202286681247,0.9083928185325963,high,not_eligible
48.13890428977645,28297.53681422404,student,5.804015751516928,4559.479166171073,0.814070790921294,high,not_eligible
53.54716100679576,37936.935531160336,salaried,5.440076257926641,5871.217912929677,0.9090654830692309,high,not_eligible
42.07867231313024,62325.26142495322,self-employed,1.8862437271447143,4293.009136288099,0.9608703580582908,low,approved
31.46322656523701,44645.24943798601,student,3.745638566037604,4919.222221009728,0.9320482181197364,high,not_eligible
40.13431879105259,51304.70778164293,student,10.58655997911949,688.8612259920759,0.9007274031107296,low,approved
18.13245068124205,94363.42400950928,salaried,9.662007819906862,3334.4913504772435,0.9566674689589154,medium,not_eligible
51.0,42711.0,student,9.0,287.0938168848457,0.9669295590445672,low,approved
49.79181918202087,56590.44422632165,self-employed,9.516534200958665,5037.063016453648,0.9882158991037528,medium,not_eligible
20.4659502771886,63836.14189183476,student,10.900655928082289,2341.808161638065,0.9148709887589642,medium,not_eligible
39.37846933207224,91526.91079820249,self-employed,2.06860157031972,9884.102039790774,0.8332881919683145,high,not_eligible
60.81417580002491,96149.72314288846,salaried,7.0461270266818765,12668.046227511659,0.8646713686433323,high,not_eligible
37.38083595432349,14143.390500133792,self-employed,13.527179182160996,1532.8989003065092,0.9706508966508356,low,approved
57.46674321930459,47050.09447499833,self-employed,0.0,5248.85266279482,0.7683064329012763,low,approved
19.0,66661.0,unemployed,8.0,10278.922677137387,0.8868673308872901,high,not_eligible
42.30347806230614,93371.89415489428,salaried,7.977893099787543,12690.994486690006,0.8106661187672639,high,not_eligible
51.38066291491725,63992.605465634166,self-employed,1.0100350968011305,7615.324371043693,0.8528744822934817,medium,not_eligible
22.566045022755333,14995.2081972977,self-employed,12.167315107055634,7527.668556111524,0.9778451862607298,medium,not_eligible
58.51649074674199,63282.01234360993,student,3.7405054971653753,6493.1968144112725,0.8691099068019903,high,not_eligible
54.74205072946726,104802.67080843236,salaried,6.810383489132797,9469.834239397314,0.8546436548156149,medium,not_eligible
20.89822336683049,59375.55259936239,student,12.696238580590236,265.55288328436427,0.714014385902008,low,approved
56.32498271351105,60796.20262515944,student,4.185274873838821,859.779692932932,0.924625356602722,low,approved
40.957458372437486,31676.497675063543,salaried,0.0,4782.530138421639,0.9145484181141076,medium,not_eligible
50.88092569506413,66714.55985348893,salaried,11.84526032518811,6409.515022019701,1.0,medium,not_eligible
45.617135183073465,84998.39290066833,unemployed,9.481356799850706,9917.92737139834,0.8192221765046999,high,not_eligible
28.2011347044683,33816.304694731625,salaried,10.47967144970888,2378.488542611558,0.8719150327663939,low,approved
42.96768056663283,81776.66428294207,self-employed,1.9395084811594605,11474.290592418678,0.8749383683710755,medium,not_eligible
61.87523292086242,26495.179477862734,unemployed,3.0072174067494224,3014.9565370011605,1.0,low,approved
53.58006533636542,81519.267134362,student,9.231995936132009,3609.576264263774,0.8404704467613048,medium,not_eligible
40.68531851158785,78613.07471408659,self-employed,4.013662744499348,1674.6977907533196,0.8779021525770339,low,approved
43.292983454351216,52519.13033903181,unemployed,11.099854942797062,9338.746796388841,0.910789650971654,high,not_eligible
46.98979074326156,47874.57062272311,salaried,8.794462173919422,2709.7267809972254,0.8686609123156358,medium,not_eligible
45.0402259205855,66359.45653204981,unemployed,6.43091447592328,8621.07395983508,0.8053566385449471,high,not_eligible
33.295966042943704,49957.120383240566,student,4.423438709961264,4197.206846050933,0.8694089992898307,medium,not_eligible
50.70510172425906,64788.37659107032,self-employed,11.945199092065163,10441.82567374195,0.9573631749859772,high,not_eligible
36.79419334186453,81489.2646063403,unemployed,0.0,8142.952721706476,0.7473484700588939,medium,not_eligible
31.843693280643457,16937.232360537604,unemployed,7.710184155439747,8509.697623828459,0.8632969674146875,medium,not_eligible
32.21522630170866,41190.71853574771,student,4.1468861750038055,7590.346012782013,0.7799879185060826,high,not_eligible
31.99583059174612,56110.31233179084,unemployed,8.94744680499446,7493.848588463026,0.9695046628924844,high,not_eligible
59.248342534293215,13036.542424476278,unemployed,1.9595500078715955,8141.68445961453,0.6976813095216226,high,not_eligible
34.90758794400462,30410.579758971813,unemployed,8.402603727150115,3537.8650611405374,0.7941078152728411,low,approved
39.10905772851137,80168.89658700561,student,1.977004208005788,877.4705094003183,0.8877211875064521,low,approved
18.137276880465265,42880.47895045023,student,13.933405576853586,1782.166247261222,1.0,low,approved
19.42496228821025,45009.91117123856,student,14.812346158132655,1216.4345805324492,0.8434249738927012,low,approved
24.23924620798791,43162.06623244765,self-employed,9.70520169188452,5824.671261487671,0.7944800473306801,medium,not_eligible
51.35220843537461,59693.92115018892,salaried,9.613966352984033,5171.204806834003,1.0,medium,not_eligible
44.64027526330355,91226.74387211382,unemployed,7.5039622511251505,14438.845336508011,0.7051986099583756,high,not_eligible
42.09098385878077,49139.122039824346,student,10.60802764661036,4208.670430669883,0.6301194043379917,high,not_eligible
43.35148055351336,58654.53094143455,self-employed,2.0657156911341232,946.4308568776817,0.8940014450053332,low,approved
21.88389893561262,39579.11607390795,self-employed,10.19952318515826,8615.88774193735,0.7997945775647388,high,not_eligible
20.52400549020007,67136.25137942751,salaried,6.3290453149966455,5937.838841334869,0.7478767182869286,high,not_eligible
26.722760193433672,50138.45956819145,salaried,4.336915538058008,3406.7566409024284,0.9208356447299352,low,approved
36.02654957912742,19182.40426058784,unemployed,7.212805181760546,8422.9826966089,0.8743800713771198,high,not_eligible
47.43005516536155,38035.369311126655,student,14.98618154686164,1504.3632374477181,0.7935921369263271,low,approved
51.67018534466153,19426.346777491905,student,8.410591521849042,2040.470205840914,0.7219695601329106,medium,not_eligible
20.08230230410431,13575.253607744276,student,7.940179848826076,6521.3064653118545,0.9372457328280144,high,not_eligible
39.72419670479552,16203.090382219134,unemployed,3.0757168340623244,7562.08438754736,0.915020117795866,medium,not_eligible
50.050064702986106,13559.333047625929,student,6.719154097457648,774.7664962714199,0.8400824136220617,low,approved
48.61825899361668,90371.40657747298,unemployed,7.464545697993741,8126.063748906418,1.0,medium,not_eligible
49.48646256943536,41590.27844186702,self-employed,4.932961102219916,3652.5090259255453,0.7429915233673847,low,approved
48.76161163481835,27425.99014574329,unemployed,3.1017557993796423,1988.2441469168984,0.6974474829075261,low,approved
50.34891479527371,95232.3329829909,student,8.808433679246448,2486.6449198012024,0.7808091930118756,medium,not_eligible
32.86346963872451,89913.16254603009,salaried,7.06508286846506,9104.417278388777,0.8454413983644502,high,not_eligible
16.949366889533522,19912.103158310176,salaried,9.86078465313009,7410.646267284717,0.8743339449322691,medium,not_eligible
47.06555778233344,60601.43464518299,unemployed,10.674339951901525,4068.7152295082305,0.825876394214367,low,approved
18.10096088736812,50780.16699393771,student,2.114646739188192,6665.057782610312,0.8852055396514297,high,not_eligible
51.90445024680149,36235.74354783693,unemployed,5.123553667920417,10810.563574150652,0.7248460575809555,medium,not_eligible
47.59549532071944,55890.05380090955,salaried,3.1898335012912824,6475.256221983471,0.994376460407326,high,not_eligible
44.89604134979402,87178.52602325499,student,1.9550697254667635,7398.81843841045,0.8417848821607431,high,not_eligible
58.76399753031643,23703.57902237944,unemployed,3.0156254612811964,2318.828996923571,0.9617295831588129,low,approved
20.659167606833044,39266.81204703502,salaried,13.292992524801337,4107.461778731569,0.8842725346377704,medium,not_eligible
47.39738593502321,15226.107101752868,unemployed,4.058625613849407,1922.5118489831102,0.8956753219153784,low,approved
44.47745801507473,34712.43304454874,student,14.417380813605078,1495.540360057716,0.9069767280232204,medium,not_eligible
40.55096640582633,89829.52781951273,salaried,4.679823635648975,6074.237348602655,0.8947708560017315,high,not_eligible
37.9891206655189,11855.40272035821,unemployed,3.868695613299997,937.130961768974,0.9142722759867544,low,approved
39.8745684094867,91015.3470943378,salaried,7.876300503349553,2209.9153103104,0.9829152530132432,low,approved
28.27495279924624,33385.74871437022,salaried,11.923579302806036,4677.137423633014,0.869652116970147,low,approved
42.977269902126736,89391.71953011927,unemployed,7.8843214817682625,1889.1680392125759,0.9209003757588512,low,approved
62.183533464454754,53794.18352168813,self-employed,0.0,9326.157736595282,0.8410264305712774,high,not_eligible
56.63001373341349,11923.535578089944,salaried,10.342547941101628,2090.089148964851,0.9940117215449472,low,approved
26.684625798249623,45583.143668586,salaried,3.8598446618881534,5169.123442109887,0.782360769794073,medium,not_eligible
45.34380418621664,81397.11800690526,self-employed,3.892124509181391,3311.551017989262,1.0,medium,not_eligible
32.724584187514694,68634.79175349302,self-employed,9.104251463613627,1868.8323545172693,0.8459842049355656,low,approved
55.63934809044855,95181.188160463,student,7.84885647290797,3895.2453297146244,0.7069224897881952,medium,not_eligible
56.49921452052028,61993.80258650016,self-employed,11.265743986992929,6439.64048234984,0.8628104414910789,high,not_eligible
36.30958826273404,15930.021721054016,unemployed,2.8413917340999166,3323.5638037699314,0.7818948342525119,medium,not_eligible
39.82487216103405,93704.17292281528,salaried,5.078187128042631,5254.144142505073,0.9340643548988724,medium,not_eligible
30.42003353020175,97545.27010952275,salaried,5.969161216353705,6750.268191581218,0.7847376020697608,medium,not_eligible
23.96047087833059,64547.496249018,self-employed,1.954935623965596,6184.205480725259,0.805381656678522,medium,not_eligible
47.0786320369363,59122.81288859824,student,12.240661651857607,1520.9296505734706,0.6610459269054468,low,approved
32.0,96831.0,salaried,6.0,7253.2703790333335,0.8047693680750923,medium,not_eligible
42.93538437124753,84448.53422915263,salaried,14.727973607103673,5846.508750296593,0.6076120673371043,high,not_eligible
20.93189547499249,72798.55398063446,salaried,5.580016991697384,5215.864576597254,0.6916097176514276,high,not_eligible
58.80552329633971,25307.153533128265,unemployed,8.528672255141586,2942.923475931754,0.9260414656144296,low,approved
42.53065183367998,69877.75235944332,unemployed,5.553363857654423,2374.512434328522,0.9285800158650832,low,approved
30.65804049653239,66131.20701750179,self-employed,4.905902001200214,4823.573484766888,0.8925457561784964,low,approved
53.11643350677881,82363.3503976917,self-employed,5.855454511418111,5294.479630151148,0.7533023856870786,low,approved
17.76316875033152,84994.0514744969,unemployed,11.035236244318057,6574.171710795025,0.845228864385802,medium,not_eligible
29.192598596257923,98404.70995041728,unemployed,10.51003412301946,2977.493808481471,0.8496397460909432,medium,not_eligible
43.57730647041673,95820.14251767246,unemployed,10.66746338074649,4811.313735149093,0.7341635310807457,medium,not_eligible
42.03167315261807,74637.75590564623,student,9.81699473087106,596.4882879585685,1.0,low,approved
21.236871397012106,89791.61088055106,unemployed,1.0430489392291191,3858.555142294426,0.9377362290575671,medium,not_eligible
30.301522008567787,22048.26396519664,self-employed,2.10186517159449,3114.0241356151887,0.8279035826170336,low,approved
21.471037809216384,44188.81024774973,self-employed,3.762041969041984,4717.586809443477,0.852688583899453,medium,not_eligible
49.24873229360618,40887.5907139556,student,9.734764793105594,3074.356548252832,0.8708382807947552,medium,not_eligible
29.26979777676993,56570.45190422498,salaried,12.490028026448169,6736.49253505786,0.6458265131575709,high,not_eligible
36.98045285334814,59649.685583494414,unemployed,3.691229980149516,12192.7479559409,0.8252822617479403,high,not_eligible
27.052267738332738,50382.76102584196,unemployed,2.034626382756003,4345.79983781488,0.7818015752002201,low,approved
20.725842751955923,97682.71489362228,unemployed,1.0170442927199743,9398.39566416049,0.7498379990105084,medium,not_eligible
36.94443477567559,42806.22021048705,unemployed,11.419783087288328,8867.964534887433,0.8218899707114045,high,not_eligible
50.03661158837707,99553.68940179812,salaried,2.0359168663849943,9545.454303440805,1.0,medium,not_eligible
41.2338579821212,103494.69768931012,salaried,5.0707685565187655,3420.551167740426,0.914084286126701,low,approved
27.11612910250948,57846.780187429584,student,11.668861604273374,259.72240198911527,0.7928821010217203,low,approved
23.546169718246173,28100.530393721285,self-employed,5.024081317086867,5803.827353983986,0.907258278135616,low,approved
32.94730530682373,58681.59551626242,student,13.285350407702692,3510.3494219276654,0.9899355436586,medium,not_eligible
55.92484644095578,49927.37987147551,self-employed,8.85640767893436,5348.738487714512,0.9424633682912767,medium,not_eligible
39.122981866414754,40452.65533007489,self-employed,11.04415134203287,7263.803287999944,0.8559630369920174,medium,not_eligible
55.52367653697356,99597.118574055,unemployed,12.209866436641391,4040.608310610838,0.7853063222294426,medium,not_eligible
22.561047237778883,43936.10515983096,salaried,7.969250564055217,5360.043314284287,0.9198223313613588,medium,not_eligible
23.506856615603464,32219.552570129206,self-employed,3.256487020607671,3675.0717401393526,0.8893485385421749,medium,not_eligible
33.40167981855125,15256.10912826135,salaried,12.826164064353184,9996.410508214349,0.9395193220027732,high,not_eligible
46.304003053966746,10855.558005969526,salaried,0.0,4624.650315025712,0.9135171801681968,low,approved
46.8850723914326,63575.47812268404,unemployed,11.184515056843834,4128.1887969069485,0.9549552715319336,low,approved
53.24931015015603,99861.20331923694,salaried,9.002970268585546,11613.953427186618,0.7964764788439431,high,not_eligible
36.9727973347321,91795.96205913936,student,12.183323941515363,514.5904721062857,0.9817394065634326,low,approved
18.20543223040068,70371.34793600206,salaried,2.851760798908787,5803.396395330114,0.86975996046924,medium,not_eligible
26.69498524028515,33328.1283797082,salaried,9.596074587588062,2735.28596544275,1.0,medium,not_eligible
39.94828367428269,68034.47030467501,unemployed,5.1057086616827085,4035.8590454304813,0.7810812181910431,high,not_eligible
40.05004052815967,78862.2685463421,self-employed,1.9495366488283328,1729.8134864663098,1.0,low,approved
44.9455882852483,23847.64485036782,self-employed,12.671588888742855,3734.474699372738,0.8697910783462648,low,approved
55.69265470086642,36142.81600559376,salaried,4.303200540000394,10968.720533472742,0.7848581996385552,high,not_eligible
23.930911946769275,59810.10039523325,unemployed,0.9652952742907496,6003.094121250606,0.8016114165945678,high,not_eligible
39.29788439304237,85556.37244940574,unemployed,7.70876090757907,10530.0428683951,0.817965269180568,high,not_eligible
25.591392780561986,16267.392663870049,salaried,7.850800135815504,2954.1749864942503,0.8924165946401916,low,approved
49.8393599986195,96740.2388690151,student,12.153142258413748,4147.909979734015,0.90228354880355,high,not_eligible
21.8022856202386,75002.30286151108,self-employed,13.11044132868835,6810.0479632204815,0.7926299996061421,high,not_eligible
19.849193818669708,11926.059949634551,student,3.819290098182849,5169.254493611439,0.8475645407739016,high,not_eligible
47.77040242671629,89400.65170657355,student,12.626926656374266,6519.831729386762,1.0,high,not_eligible
37.48992451274639,29864.24694738188,salaried,0.0,8779.419550376204,1.0,high,not_eligible
41.67942031424209,75120.67374382744,unemployed,5.069008883041698,5369.285572239614,0.8936323669674032,medium,not_eligible
40.77926906727188,78706.4171491374,student,4.035594533471667,3241.5736597224313,0.85380034781682,medium,not_eligible
51.43622257228871,90712.79721305984,unemployed,9.106326978308775,6749.322066974844,0.8620031326718262,high,not_eligible
19.617898428368736,67038.21103996607,salaried,2.731479379131069,4917.348024063164,0.9113517972730416,high,not_eligible
44.2302335801544,83585.07638195736,student,3.2546252577920853,6428.932242353396,0.7477207434801594,high,not_eligible
45.56071377219309,68992.21878346238,unemployed,4.919411884057003,14588.91222252337,0.8242623462576655,high,not_eligible
34.87608878973553,55659.83228678457,unemployed,4.07059268333043,5076.447745084295,0.683141592612241,low,approved
42.44898506652655,94577.28693439948,self-employed,13.197163847208742,12682.10385674203,0.8899223122605279,high,not_eligible
57.96850488073807,24078.71329580828,unemployed,2.932702858756196,5527.00946321775,0.914719593970274,medium,not_eligible
42.74196337882484,14855.29968632082,unemployed,2.8493441596903804,8948.362382053481,0.8016813537700626,medium,not_eligible
58.0,86213.0,salaried,13.0,4439.609635117731,1.0,high,not_eligible
20.71624356953048,78038.74790896274,self-employed,11.733895810628455,7137.781802017607,0.7274234336997658,medium,not_eligible
42.69812954769424,60400.00221455378,self-employed,11.547983045502225,6402.719916159382,0.703562511979018,high,not_eligible
45.28388773309471,42705.06720108516,self-employed,5.198431401031288,3230.870929378048,0.8724451818559972,low,approved
21.829868340910288,69800.715348047,self-employed,12.79282830496046,4867.234181789983,0.9547098302612156,low,approved
50.03111355180056,20209.80377916325,student,9.07422717156015,3624.4251564063106,1.0,high,not_eligible
56.88053236109501,65658.73950047708,self-employed,10.14060519921364,3475.0069156944714,0.8041115737131059,medium,not_eligible
50.93874527249267,84113.54016792215,self-employed,5.699763501271827,6136.289112198827,0.9578680833431296,medium,not_eligible
60.751749616261776,23141.929135856542,unemployed,2.992255267228254,4613.532540035872,0.8461491530499292,low,approved
46.20800869920316,47371.71407153567,salaried,8.923461866466438,9130.3882814297,0.832737270005918,high,not_eligible
27.923355048922865,16352.038821351483,unemployed,10.799672170375276,5202.336325887587,0.9383659937486672,high,not_eligible
51.90357557877932,57694.013483021896,self-employed,1.0187736320700325,8417.627067644093,0.915232287841342,medium,not_eligible
50.737671340811744,15959.70561545757,unemployed,3.9430971580594334,12396.756663805194,0.692360784301575,high,not_eligible
33.70728911962603,73917.70834753907,unemployed,3.894076536661044,6361.185299411677,0.9976540349725896,low,approved
33.67662177660036,60727.73923275259,self-employed,10.902532919813323,13600.616041007908,0.9880091354147452,high,not_eligible
58.48790462829568,11713.804841684852,salaried,10.258338541213474,10302.36778605658,0.7874437298490471,high,not_eligible
44.96137908487984,10258.766691107025,salaried,0.0,4833.028008778321,0.8895803533437409,low,approved
58.12354345640417,57754.70605913614,unemployed,6.193318822751943,2486.7194906175537,0.8994030186282739,low,approved
20.0,57202.0,salaried,8.0,2879.2316843895273,0.8760673765823906,low,approved
45.62785015642904,10590.62776677052,salaried,0.0,1295.8148374984326,0.794969484615458,low,approved
53.25661920362865,14718.064138836073,student,4.061836934671747,1569.0024616176297,0.7828376632061949,low,approved
41.11217247071176,14906.723230854815,unemployed,1.8269455165823445,3481.7432493102347,0.8474445929008555,low,approved
28.22821767101984,31418.48463964215,self-employed,5.0008962254115,12321.617744448728,0.9672729019259364,high,not_eligible
40.906256887984966,23553.27686770233,self-employed,11.095068276011592,12473.897267606782,0.9043600154594432,high,not_eligible
52.710518246054086,86291.68410273505,student,13.375153023479832,3145.046681048584,0.8129385667913894,medium,not_eligible
45.21791375210415,10429.317328753325,salaried,0.0,9510.083830557796,0.9271698710648344,high,not_eligible
19.53070482880733,14197.562308729674,student,8.485150306048688,4587.324181112272,0.5651457379369924,high,not_eligible
31.339310269267774,17788.729395146092,unemployed,8.454074188679042,7593.131397140333,0.9648765700372104,medium,not_eligible
26.01875357093206,54247.42037990315,salaried,4.586279990863119,2766.894357722049,0.6760286221221901,low,approved
39.10527871755912,16165.072631380866,unemployed,3.2044903456777645,4537.069531022409,0.8137559058596867,medium,not_eligible
18.884088749360355,53464.96510105463,student,2.011081128945543,4316.987566741664,0.7380330105373856,high,not_eligible
32.70037486066579,46798.29703314864,student,3.980217010371012,2642.782899272054,0.7205318524279094,medium,not_eligible
34.557475945609454,38698.350403060766,unemployed,12.005687668774346,6597.8272693818435,0.966082678737852,high,not_eligible
43.13529587171977,80789.84364269339,unemployed,4.988944926642493,8806.90528435088,0.8032298798688109,high,not_eligible
58.58198923519741,96459.29215512048,unemployed,11.033745360513048,8172.695359116169,0.8846503881730715,high,not_eligible
45.73635154175126,38873.71668111212,student,15.335172020928946,4054.6282153940074,0.8453079421120816,medium,not_eligible
36.87507421984528,71374.12765930108,salaried,5.6691241071259135,10332.90701213865,0.8977040827223122,high,not_eligible
23.202122126203392,40144.1022409688,self-employed,10.715115739200112,8896.162785942513,0.8576821891060256,high,not_eligible
59.58584363982494,58127.65910354,self-employed,10.400985762676791,4828.078665125949,0.721700777581143,medium,not_eligible
44.40602912498751,85306.87024535271,self-employed,9.771869644745795,3565.206607412709,0.949626681944714,medium,not_eligible
33.52158408346356,31995.195936121767,unemployed,6.701468559031868,2785.3154688981404,0.8006243416838688,low,approved
30.39501227465952,54930.5910068224,unemployed,8.492152879539892,3003.5838690837877,0.6943418101340249,low,approved
42.1269651215697,24928.345713828538,self-employed,11.53413990936905,4010.4218032977187,0.8071884839034087,low,approved
25.41982881399763,70894.26552279117,self-employed,2.033972502123429,7010.72893942023,1.0,medium,not_eligible
59.54484751064675,52442.11353140851,self-employed,0.0,8675.24864966355,0.9350221742113493,medium,not_eligible
53.81372555760655,14197.3845508614,salaried,2.0551217388862537,4188.499723061188,0.815134786559214,low,approved
52.032117276388014,89391.11923003972,unemployed,12.165334934748511,6590.982889265619,0.8150742295681571,medium,not_eligible
54.70918058261695,84806.77058797349,self-employed,6.132182003822887,4088.799534617584,0.8178364948782617,medium,not_eligible
43.71251559640398,68727.21858121191,self-employed,11.056453469185412,6801.6684955155315,1.0,medium,not_eligible
54.90874880937778,80104.79995105653,self-employed,6.156657499560511,8289.364540208133,0.8881935452231553,high,not_eligible
30.20359329527348,33220.998834364305,salaried,11.720462318435462,2723.0038672016026,0.8930041647191069,low,approved
24.26651776102141,50882.45939863959,salaried,3.887193835415887,2972.4150391654666,0.9530283454031844,low,approved
57.35342287219297,13237.972138759638,unemployed,1.9090198998411168,4447.025155702902,0.8738789159026513,medium,not_eligible
24.807664581611675,38144.368926739895,unemployed,2.1919495103231386,8581.395883389305,0.8240957854179297,high,not_eligible
36.51012207768566,86389.93626857239,salaried,12.666183797750586,10611.746075601664,0.8303650150915022,high,not_eligible
51.76412609448472,35206.261120698044,unemployed,4.864956919447075,5271.8491990167295,0.8428398740585936,low,approved
54.5104407892584,83727.25470378564,student,10.52690448461118,4627.198446884475,0.8462777763490158,high,not_eligible
33.407800209223424,95422.1394081848,unemployed,10.487343685800262,4840.528224574038,0.922762954363698,medium,not_eligible
30.36655094393132,33453.23547039158,salaried,12.439606564321004,2248.7659280605108,0.8551945885807299,low,approved
42.98287600669951,81991.21498445241,self-employed,1.9905882902484493,4314.947224568859,0.923264007721558,low,approved
23.18478794454793,62346.97028859765,student,10.759787582753178,5665.290411493569,0.8419283419891418,high,not_eligible
63.69077379235353,67062.09300022184,self-employed,10.401189627518072,4376.864827573187,0.8578635190316091,medium,not_eligible
32.93137734335755,85537.13841195582,salaried,7.318323453268401,1234.662494606827,0.6501799315467892,low,approved
24.87849942600809,34687.476718564205,salaried,8.06353261854629,9883.889013481592,0.9416327674702482,high,not_eligible
22.380499493726155,40617.34710111904,salaried,13.279389129463494,3437.4570985171176,0.8846488475897992,low,approved
25.741609385529323,39330.88814843461,unemployed,10.90049720707939,4340.646641728252,0.9498010109859653,low,approved
26.31074582906356,80687.78473760874,salaried,7.393260476117674,3629.7009534166104,0.560374462180631,medium,not_eligible
17.868525367519442,46204.208146948,student,14.66434979215692,4746.863639044928,1.0,high,not_eligible
57.51451568841024,61050.98613741797,self-employed,10.974917004692715,4160.795901848109,0.8360410371844826,low,approved
44.78362666471839,21829.698104109502,salaried,2.943120913906716,4885.201340498157,0.9608182816737516,low,approved
59.84087029060005,52593.79635452779,self-employed,0.0,6040.146326879483,0.7460094072874469,medium,not_eligible
31.34082789187337,35356.85307756759,unemployed,2.0770110566818096,6519.1725194637265,0.911277390506257,high,not_eligible
44.38544716508585,10902.092675709888,salaried,0.0,7521.321933768206,0.7446584436826343,medium,not_eligible
21.8625958585026,77488.07785173398,salaried,13.268071406636416,8452.214303314326,0.7876231039304195,high,not_eligible
51.77893107522703,63695.57442615541,salaried,1.763771609569156,2882.801605452214,1.0,low,approved
17.711894379849028,14349.428119250277,student,7.285979930081885,772.0842011623992,0.8309317599236653,low,approved
35.47788597438544,81817.49891116179,unemployed,0.0,6896.737721403371,0.8717432873179722,high,not_eligible
25.264123635865456,14348.813420551724,salaried,7.920942998908708,2410.652197007764,0.9370067730688754,low,approved
31.185485819160306,16630.713247279564,unemployed,8.501647404869946,1031.7773079674091,0.8995681887972604,low,approved
25.726552247813466,77950.29154959536,salaried,6.868496716906346,1365.6960176456378,0.8650418905143576,low,approved
42.24785099379916,94713.77741860862,unemployed,7.959241836640061,2750.788325313647,0.8864961002466225,low,approved
49.70847883410659,59861.57539406231,self-employed,9.437437169678033,9939.354319330896,1.0,high,not_eligible
25.122464217762094,29501.401324568506,salaried,9.631888220241672,2038.9691565271842,0.8442381202966415,low,approved
46.998721907641375,70542.27983301661,unemployed,12.04395093738461,10116.974156356617,0.8701099046714967,medium,not_eligible
26.114043259889755,51558.611388789206,self-employed,12.255060215223075,13056.884661747503,0.9550654396007612,high,not_eligible
29.832746326628527,21258.46148905165,self-employed,2.063226280123581,5594.324062383852,0.9605525932957985,medium,not_eligible
51.31499779650229,20279.7173970828,student,8.311668306928334,2033.4104940295206,0.968703030556038,low,approved
42.76499725591024,88419.40674720285,salaried,3.077787389792372,5473.774733741954,0.9138730222029184,medium,not_eligible
59.07846023446,52660.867884196494,self-employed,0.0,6915.009273772099,0.7356995087269516,high,not_eligible
39.29073261520734,96129.23016499204,salaried,8.39838513810877,6615.834929926432,1.0,medium,not_eligible
33.88370844134761,63218.52620635557,self-employed,1.8876690466756232,8064.331364087291,0.7353654606981311,high,not_eligible
25.859949148020984,88310.47698186763,self-employed,12.228013603777764,3257.5574390165193,0.8802635465239033,low,approved
43.866810197440586,99156.50069436611,salaried,4.664927080041215,9400.645457959003,0.7745724149980642,high,not_eligible
58.55214564075832,14818.123057067443,student,6.990567836066827,323.98799306232377,0.8435861653407007,low,approved
42.397803970794826,93556.11871109543,unemployed,8.781633781124917,6315.43131840977,0.882876241030348,low,approved
59.82708598122351,45814.87865941488,self-employed,0.0,3919.2742866114118,0.8821357215450273,low,approved
31.852059351983943,50787.62427021725,unemployed,9.57324543586472,5642.936505604652,0.8921920754235284,high,not_eligible
18.720910018174777,78365.20278060448,salaried,12.016531335375838,4200.538363127129,1.0,medium,not_eligible
19.565870158789927,40941.424633516486,unemployed,2.91694493930328,5142.882151837358,0.895353430151398,low,approved
46.085614157129584,60897.34262102476,salaried,2.953344601663201,2225.3337261462348,0.8255843364709351,medium,not_eligible
43.874494213812,23384.80117406994,salaried,6.999358026921746,1352.704995540402,0.9464087168288358,low,approved
33.879803517748506,78929.67576382666,salaried,10.597258046458268,11555.648678119498,0.968947048892464,high,not_eligible
60.14479403185533,89750.16819481456,unemployed,9.132936481165332,5923.74443378639,0.7272392184863007,low,approved
38.75828212944563,101897.54873088558,salaried,4.628117748213573,2911.9057569885927,0.9097400069849858,low,approved
39.70493303709744,12976.922554047544,unemployed,4.1709167573760775,1385.6194331087538,0.9201172742310898,low,approved
29.331940138561755,15293.643378543102,salaried,12.594626377980507,3622.340966444863,0.8202436496640008,low,approved
42.89321641552626,84848.33523848197,self-employed,13.536934507852443,1848.6441314805766,0.987570681331162,medium,not_eligible
44.42089297518803,57985.824931365336,self-employed,9.73755876577806,8326.921177202785,0.8349944412967473,high,not_eligible
19.76311752515319,12861.08461797685,student,3.9275631582993658,328.95590067763993,0.8625576453471542,low,approved
18.23028605561328,35218.56794149845,salaried,14.021764103379548,8715.299000638435,0.8326928175716131,high,not_eligible
31.4661318490703,12096.269020661884,unemployed,0.9458768567792176,4586.177270955635,0.8515579047581467,medium,not_eligible
60.59071226385205,50002.71616518385,self-employed,0.0,10266.885888849594,0.7403724913104798,high,not_eligible
30.863913093367472,48276.9817561319,salaried,12.88789718462118,7280.917321381586,0.7059949117405705,high,not_eligible
56.26690148399869,76926.66788640311,salaried,13.77000549169879,5240.519502483885,1.0,medium,not_eligible
43.08403903058845,21485.767260145763,salaried,3.30722639409824,9962.900399408798,0.7653038651681672,high,not_eligible
24.27168131902449,53984.846142853065,self-employed,14.384749163361075,3641.961527549996,0.7508607650543693,low,approved
48.523443860391005,66576.7172908428,unemployed,10.613498947732609,4111.13106514326,0.6346609886396285,low,approved
40.57141564623447,37930.60113019978,student,13.46511592329687,1305.0887958323951,0.7861038252310497,low,approved
41.59946031037607,84373.50586495968,self-employed,2.0271383534937364,7274.510965477855,0.7176910206592502,high,not_eligible
35.02945629790866,64273.39275911355,student,0.0,6715.9949680363725,1.0,high,not_eligible
42.25500422594872,95588.33320868944,salaried,5.148107346962124,6290.164709936011,0.9509817089342634,high,not_eligible
38.010216514530434,12608.761360630428,unemployed,3.822391266982625,9494.468845238242,0.7811849654822276,high,not_eligible
44.15940639547266,69914.50910968681,self-employed,12.72892939944298,1775.3005298350988,1.0,low,approved
53.99799693453671,99324.71542764542,salaried,7.755099239054651,1028.3027988073704,0.9481765486991592,low,approved
52.61906392232254,29743.665786381865,self-employed,0.0,8693.06790378497,0.8175168616491377,high,not_eligible
52.55827670735119,13313.327702354178,student,4.365051073748514,1807.2496959253172,0.6000594285126426,low,approved
35.32437886813727,53182.27169278201,self-employed,2.1617251161480224,6382.7895825965,1.0,low,approved
26.17020841836224,42632.15125405276,unemployed,11.612495499527917,13357.9742600107,0.7110427533236403,high,not_eligible
21.83858441665686,15422.599020289028,self-employed,12.641788006199535,4495.368034275303,0.6854601253043108,medium,not_eligible
55.42090767523516,91589.30700265404,self-employed,6.197270550968696,12589.174719916262,0.952257043200964,high,not_eligible
20.00162825100633,40170.74415989286,salaried,13.070057788297664,4134.0640729766765,1.0,medium,not_eligible
50.53857256500241,96320.74784278429,student,7.452175590516598,6116.226949371311,0.9884272818510518,high,not_eligible
31.94879235379034,21952.73569780677,self-employed,2.046216873208131,5322.234817151022,0.906390912005236,high,not_eligible
50.58609793091522,45656.381725751264,student,9.07975769972902,4376.881894441932,0.9094754341665284,high,not_eligible
18.79555918962881,21937.344469760912,self-employed,7.508416283376442,8069.042513703551,0.9353415558780308,medium,not_eligible
30.053693790050783,21605.907421046988,self-employed,1.9486375151226183,7658.408778987496,0.9258928589786763,high,not_eligible
43.413726643924754,64884.080326578485,salaried,2.983332037910277,4592.463449213876,0.8781191423969376,high,not_eligible
22.31254813109964,42175.30691424176,salaried,12.885654797700168,7966.878446468072,0.8604201103951876,medium,not_eligible
20.81263630031615,71026.27173340153,student,11.106605804257978,3758.01823583588,0.8437406872100477,medium,not_eligible
26.71246647435295,31075.269328121554,salaried,7.62082415063242,3909.2883199632374,0.7746035411133323,medium,not_eligible
43.25100835023007,67340.18524945702,unemployed,5.791907864697593,7909.538213152124,0.8219324923133225,high,not_eligible
44.86329667502897,63413.70492306678,unemployed,11.003415993615702,7404.305440846271,0.6807043185804614,medium,not_eligible
20.458078917007786,12662.771610006674,student,4.0260938635016,5660.642300453635,0.840166037320525,high,not_eligible
42.41989834403243,39890.79776711978,student,15.386644644987545,3533.516443636795,0.7511408892849082,medium,not_eligible
50.82072002144444,65662.4361305433,self-employed,13.033044278793051,7956.464396415818,0.7396410682784229,high,not_eligible
35.84405026057508,52338.51351831738,unemployed,10.887382997184869,7701.125968478323,0.8679894151153478,medium,not_eligible
39.3730834221674,16488.82744840301,unemployed,3.2166913536958663,644.291292089725,0.98920022863446,low,approved
39.45739115345262,84819.57614199357,student,1.9785178064500144,3661.5825460781775,0.9418316606002312,medium,not_eligible
56.0,13420.0,student,7.0,3891.5450386780017,0.6929499396376823,high,not_eligible
42.79728756418368,53276.8807267509,salaried,2.964021535840252,9862.597565869572,0.7510371863429662,high,not_eligible
29.8661164124694,16810.694988610518,salaried,11.343679804121145,4881.062526850357,0.9440771187988216,medium,not_eligible
36.736390747104,12489.01483425206,self-employed,14.757346736499596,3854.4284756276884,0.751751260646169,low,approved
46.02083663536733,89805.5137706924,unemployed,7.989054393396698,2395.8636288823086,0.8275366850002975,low,approved
45.28853725607699,33846.0863534516,self-employed,13.49310034326357,9619.065002032217,0.9050052099024553,medium,not_eligible
32.97956026112048,11299.134494493974,unemployed,1.0045188889533927,4281.294900276609,0.7531655545136364,medium,not_eligible
56.96509752645164,60628.06237354695,unemployed,5.991887401763217,6672.808575585718,0.860537550614596,high,not_eligible
53.57371952970853,28089.87919208649,self-employed,0.0,2972.386172666092,0.7165974505081796,low,approved
17.94042513757729,13582.903134138456,student,8.65814148328663,4462.008163426157,0.7898632356048786,high,not_eligible
43.949763300201866,101744.96969870634,salaried,5.4717866402868784,4311.891984690277,0.8819781934142537,medium,not_eligible
55.0,21411.0,self-employed,14.0,8827.096598578964,0.6907006266468331,medium,not_eligible
33.26751652463098,88301.14607895863,salaried,7.406799830236696,2377.096738828845,0.8940474737960399,low,approved
52.364712851178304,54905.059087325535,student,11.556302885283271,2689.371151311228,0.8480362201073318,medium,not_eligible
20.08948093699979,18646.30325072377,unemployed,7.20263303319122,2562.390976626789,0.9052489954417148,medium,not_eligible
53.24969245521195,30042.126062046023,self-employed,0.0,7692.0128469559395,0.8723914134064661,high,not_eligible
27.857296590188188,57647.6974527439,student,10.580838142841785,2818.5984132876415,0.9864140429973844,medium,not_eligible
44.93097694630731,60850.029592234045,self-employed,11.086377498787392,12236.840706790645,0.8625224502647907,high,not_eligible
38.813314984585936,57591.52980887472,unemployed,4.026833673364517,14994.641534964177,0.8070594458874747,high,not_eligible
25.71758129832736,54360.254046121205,self-employed,13.937598489526176,5673.867453260664,0.8622297503032283,high,not_eligible
34.24997724256338,98807.79255737756,salaried,6.179395266919375,9992.596403285654,0.9043298029036388,high,not_eligible
30.11401949860248,45253.564277749385,student,4.031376473232681,2289.048463822503,0.8548860070325704,medium,not_eligible
55.83415411121077,74317.40298229402,student,11.33546193511166,1719.2492749727353,0.8540591691203883,medium,not_eligible
23.314342591410828,14809.355152064229,self-employed,11.735899059866831,852.4972866921426,0.7798008312193244,low,approved
38.12954838598178,16459.735711951394,unemployed,3.0937548723137747,5096.660217606705,0.7837099082449052,medium,not_eligible
51.2383259949447,56578.99654715967,salaried,3.029840299192399,7757.007032272215,0.7097394728200306,high,not_eligible
32.27610618258264,83174.71430579461,salaried,7.242541859893224,3652.146928950896,1.0,medium,not_eligible
22.132157622700248,31653.433654362747,unemployed,11.7990641710775,6764.489961302873,0.7256136764608715,low,approved
24.67130653212306,28954.440409229752,self-employed,5.148761647541427,1972.319254972275,0.7807094802204092,medium,not_eligible
35.89730920851768,29830.51752263938,unemployed,6.382072286867028,5466.871952471298,0.7781592734430802,high,not_eligible
56.79527467024377,48750.25575281142,salaried,11.223342155685518,4637.877719056875,0.939492437694444,medium,not_eligible
47.03185863721881,77412.89054631151,unemployed,5.090679013799061,6587.978907578778,0.8205050321707972,medium,not_eligible
41.04691585929952,11734.049682106892,unemployed,4.021102827553233,8436.87928038671,0.9747742072673734,medium,not_eligible
26.36818988867473,87362.17980883944,salaried,6.905431365916547,2902.0399060497925,0.7826509375756131,low,approved
50.79533002371579,36956.33160817284,student,13.603146355141764,3763.7605001885127,0.8778994162223802,medium,not_eligible
49.63865297995313,86323.99492494433,unemployed,8.33256369855949,2443.697869974781,0.7664652946740242,medium,not_eligible
49.08971548578175,81197.36278019697,student,15.495069727477697,6029.350633553934,1.0,high,not_eligible
44.98109076815668,61939.95884804578,salaried,2.779072722057397,9917.512321462129,0.7312401580970487,high,not_eligible
41.10402593476349,95506.78111644198,student,12.348118912979851,6734.051026205503,0.8809820710227028,high,not_eligible
52.83570788815428,36259.671784091086,salaried,6.323590712770578,5706.383634644261,0.9133776880932098,high,not_eligible
54.766902152118064,56746.69508619932,student,11.335256622103092,1786.7679339653841,0.8913799097451498,low,approved
58.49335488059552,38189.00261079051,salaried,5.632354460986903,6745.651464125439,0.8314712341122291,high,not_eligible
31.100925247556148,50952.52213428976,student,11.332341175823863,1919.765221833929,0.8370179300266574,low,approved
19.236237305783103,61154.76739190765,salaried,2.927415576731354,3839.1610801516285,0.8543811471979109,medium,not_eligible
40.68234939261611,99478.3487137504,salaried,5.105135392731985,4305.225340162158,0.8352997998371511,low,approved
31.35352276869975,73436.96582755486,unemployed,4.057937081003058,4037.375367749347,0.946387911679491,low,approved
48.823959405506734,29829.03797446743,self-employed,0.0,6804.86178197347,1.0,high,not_eligible
42.95948933151834,89203.65019007237,self-employed,14.773143294446356,3297.3845384210595,0.7942508214992167,low,approved
59.68966634825289,58062.46622727485,self-employed,0.0,11046.808612504352,0.7130197020420922,high,not_eligible
55.94008280509414,45883.675890718805,salaried,11.274640281631449,4273.840119238102,0.8411717951648745,medium,not_eligible
41.97961887438484,23341.58521691489,salaried,6.978680461663416,4201.753722924634,1.0,medium,not_eligible
55.24363916616031,13604.4968934469,student,4.030144736249347,3968.641016237281,0.7696325432030269,high,not_eligible
36.76763541816938,86155.82156790592,unemployed,8.106771358432315,9387.971903334936,1.0,high,not_eligible
51.63182844287958,87255.02669067525,unemployed,11.727520974775782,8817.455409724414,1.0,high,not_eligible
41.55688240065889,58191.342168695344,unemployed,1.014774270861209,15675.760499993534,0.7946411758292005,high,not_eligible
50.59011178696036,49848.24061258294,salaried,9.10229720587255,2858.772122443123,0.9068983079185275,low,approved
53.627478686950106,99996.98365440164,self-employed,4.25272254887399,5431.289149984775,1.0,medium,not_eligible
17.82560823834013,26649.66537776788,unemployed,12.920858602467966,6837.3782766594595,0.8120872259012513,medium,not_eligible
21.37794041966018,60965.883365761,student,11.247049168974604,1489.8359500371248,0.8296419639897638,medium,not_eligible
37.54456547371119,43124.70310343883,student,12.623601396071734,5234.313575992184,0.7918319086051356,high,not_eligible
59.396574594455146,45066.30194277525,self-employed,0.0,5446.385830662316,0.7485243269307132,medium,not_eligible
44.14981394485387,35391.33607725892,student,13.875368012058372,1212.0361567580617,0.7850722454933993,low,approved
55.258699191403416,24134.09089574891,unemployed,3.148010425508556,7303.6852642571375,0.7276059733237743,medium,not_eligible
22.145539667205384,77463.38304244136,self-employed,11.95177326000359,5164.163389694641,0.8534083468259226,high,not_eligible
49.68010933734826,16280.285923366911,unemployed,4.065203128463115,4570.051052286377,0.7730026768941358,medium,not_eligible
38.80930251550811,66194.97257796257,student,0.0,1667.5719896548412,0.8733785911790748,medium,not_eligible
57.73260124507794,13208.772984208412,unemployed,1.912081584193326,9116.3860269486,0.6944104353796372,high,not_eligible
18.47789479107083,88641.89500706794,salaried,11.503654410249233,7527.479547207873,0.8830880232214456,high,not_eligible
40.66718786597607,51602.74450810487,unemployed,4.2063351558973645,2512.632770177647,0.9333528961608925,low,approved
26.92360613540784,52211.36533863188,student,12.030595637678598,6215.965090639629,0.6506264357428544,high,not_eligible
50.69242031723731,20108.573216143912,student,8.873532447386117,887.6233933311731,0.8874056569847572,low,approved
34.515694633242184,68501.25613928898,salaried,6.38478386136339,7378.970395379325,0.9727668992473292,high,not_eligible
37.07014449545756,60926.74479732205,student,0.0,6497.984754036355,0.7290358981308794,high,not_eligible
49.15568893534317,62346.18844347987,unemployed,11.065594971511713,14715.035708587913,1.0,high,not_eligible
47.875704698312575,57384.6392797284,student,11.813174395546802,386.71767823776804,0.8919019009366045,low,approved
44.227431606927546,40167.11454048743,student,8.455878288855972,2759.0127266801424,0.7794988144241591,medium,not_eligible
41.21815937909423,71280.24437520168,self-employed,12.16964016072852,3556.2423480790876,0.8444230922342294,low,approved
34.8114310216789,83699.88247767792,salaried,3.8592796656931054,2606.4613563764683,0.9058326912521724,low,approved
59.302404560130284,82884.40181358412,salaried,5.798369898465669,2619.860128155584,0.8576005391412411,medium,not_eligible
18.005771601952535,28286.157463203035,unemployed,14.446537756129302,6623.005667924199,0.9038755992446368,low,approved
17.868171119537447,84943.25886203225,salaried,0.0,8988.966740899226,0.7579326406920633,high,not_eligible
40.4810977931732,96083.99577039549,salaried,7.718307935091628,2869.9201770113527,0.8669360824036078,low,approved
23.545735940488527,29126.79384110729,self-employed,5.139664327882036,3676.4955953437934,0.708628550309502,medium,not_eligible
19.109175081978005,26222.93525138236,unemployed,14.445753363567643,5835.9685406691515,0.8388773938651299,high,not_eligible
27.0405915240518,68523.7450557727,salaried,0.9565201409235498,10367.851809650474,0.759609235853521,high,not_eligible
35.83625157482824,75221.28958014195,student,11.441130958984086,3468.0369244308426,0.7764470057410233,medium,not_eligible
44.0,81295.0,self-employed,10.0,14031.282384201239,0.9736093175210436,high,not_eligible
23.189661124078008,58254.309110767885,unemployed,1.0437915233531223,972.2135909120408,0.9591310120594267,low,approved
50.228495403731735,96819.91079385777,student,13.378278472780233,4784.493651790818,0.9109138120907176,high,not_eligible
30.685332023773025,16618.757984526215,salaried,10.9843308792872,5315.466075259446,0.740768723532742,high,not_eligible
18.356446570342943,24575.015403385467,unemployed,13.005170958478477,5265.057824775196,0.8183591550305198,low,approved
44.87376268895158,73158.11295331799,unemployed,4.624159694044744,5575.212957913989,0.9713097699979184,low,approved
21.26098125735346,42113.4760145629,salaried,13.153162700400006,4041.8056637074164,0.8641716913639904,medium,not_eligible
37.72346895532672,42843.68755237046,unemployed,12.117830015345785,10496.204854682375,1.0,medium,not_eligible
39.447603972266286,95870.65221217072,salaried,8.088860798050094,3678.629198555107,0.8893317839394371,medium,not_eligible
41.70189668745832,74574.88719958805,student,8.912007740976588,2429.2597387793658,0.8692049116490032,medium,not_eligible
26.151855280753544,41542.46392108935,unemployed,12.763948644464053,1808.1635362781803,0.8190883535797499,low,approved
20.2940346692004,68768.02675087277,unemployed,8.416562915200549,2631.9252699007516,0.8633540904782282,low,approved
23.49240265742784,44649.44441084408,salaried,11.655119164649571,11847.767811413982,0.8347530163619455,high,not_eligible
48.24522526983346,87255.75248496974,student,9.872269865182997,3331.668461542836,0.920810867668859,high,not_eligible
47.20809767658438,10479.411298504056,salaried,0.0,6882.149037622945,0.9456702316794584,medium,not_eligible
42.75878358237221,24559.01268270284,self-employed,11.735187127231766,4297.905435861649,0.771401053949205,low,approved
24.07138260866208,54636.74465166024,self-employed,2.883486989693104,4078.7916567691777,0.7168767046442222,low,approved
49.64170489104363,60109.36372839968,salaried,11.694062517357128,3688.7969343425057,0.6663794626896703,medium,not_eligible
35.855243928254744,38733.84184259406,student,12.429826181364184,3802.549517407865,0.9007991326912544,high,not_eligible
61.61116760142024,20495.8238217844,unemployed,11.57168107769436,3927.4585583293137,0.7396633393826126,medium,not_eligible
18.63575102958973,42925.25288592684,unemployed,3.060972791786932,7299.993938676573,0.6347109407047516,high,not_eligible
31.86597895409971,77260.85768800197,unemployed,4.444863644762083,1870.2109184118456,0.8888578604530963,low,approved
38.29449713029802,86606.08992449685,student,12.685489136740488,3558.334885015832,1.0,medium,not_eligible
43.17201931057791,63937.69412383185,salaried,5.034293575318856,6047.668593854331,0.8493929088460106,medium,not_eligible
30.891029242063137,97252.918562174,salaried,6.244846289076072,8806.710447069978,0.9338490774451642,high,not_eligible
21.60563513521821,73973.5806383443,student,11.973278989691682,5464.657906102299,0.8581829358547565,high,not_eligible
56.18788180355115,94592.86139180428,unemployed,11.991517237609823,8246.84635492563,0.8401110346808857,high,not_eligible
46.47561444768232,43985.2801729887,salaried,0.0,8036.900831796121,0.9419076482987768,high,not_eligible
41.47367793572376,53024.69234686982,student,10.8510778890057,6257.031593544197,0.8209725455811349,high,not_eligible
24.89804418472896,52772.0542949066,self-employed,13.10866190998092,7196.760235004205,0.8767392314071902,high,not_eligible
53.39149434082232,92062.34696745768,unemployed,12.044676078157838,7109.610370728948,0.8821697806196014,medium,not_eligible
42.91937887002158,77128.17730303008,self-employed,9.831447993595225,4139.93700327275,0.7831909546356951,low,approved
60.12879329826028,23215.26809002036,unemployed,3.1118521805982327,4206.945399633764,0.9492042349536522,medium,not_eligible
42.0473978959489,95065.5359532374,salaried,3.0606512213231625,4453.298153779361,0.8325040243304591,medium,not_eligible
50.23251783387303,83029.09491887446,unemployed,6.928568665012982,4224.310160748546,0.7744254840507155,high,not_eligible
53.97786883196088,13952.770144971031,student,7.139978960183182,5097.485583580525,0.9036509843570404,high,not_eligible
22.4405608955374,15069.832615860949,unemployed,11.033637078457062,1170.2009337383552,0.7601532018208963,low,approved
30.178133698252378,53907.09549166184,student,11.266455387997958,3545.2685404804624,0.8528181157369128,high,not_eligible
47.70197113158735,55121.74100884869,salaried,11.45618486878228,8532.972787274448,0.8490881003355796,high,not_eligible
40.79853346526404,77531.36523844565,student,9.25351012335777,1539.127366688649,0.9585895565831578,low,approved
28.646354829051145,32760.93787754047,salaried,11.168803150547458,2311.709698790718,0.8974698232879953,low,approved
31.27546486831467,71364.98352348506,self-employed,10.67459365792976,13847.232860113643,0.8474973041254856,high,not_eligible
41.590465048605424,69535.01292981605,self-employed,12.114607144626564,5495.001533005315,0.9317766299200289,medium,not_eligible
43.42883393881064,28204.87519432411,salaried,13.61484649434896,1164.0255521000881,0.9890207549017314,low,approved
42.9598900220898,76684.17784102722,unemployed,2.012152598256199,12273.080084549192,0.9057810306351862,high,not_eligible
21.881850532735733,71783.97746957213,student,11.27601563971745,1882.220149638335,0.851035261984338,medium,not_eligible
47.52157571515195,67737.1371785739,unemployed,10.410360122821947,8701.8139027539,0.718816376764984,high,not_eligible
30.531288737185285,12048.08011772496,unemployed,1.0243508716276906,6113.502417315614,0.7434886336924627,medium,not_eligible
58.3909505370526,12931.647556756054,salaried,10.82268981561776,6177.472303382317,0.8194775295645332,low,approved
40.0,12200.0,unemployed,4.0,11405.86116636384,0.7890487797840716,high,not_eligible
18.696841650061508,11555.394695383038,student,4.0668675710663225,4294.173656930502,0.8313028697014554,medium,not_eligible
48.87286882013103,14583.4083382092,unemployed,4.141721383692256,5566.234901617683,0.8556649924897107,high,not_eligible
45.38551891717172,89872.43783158441,self-employed,4.130139794352705,4896.746681330814,0.9029692754356732,low,approved
57.94039178347112,59256.47042121862,unemployed,14.6971007549688,8369.810964324304,0.8429501221940908,high,not_eligible
56.64077499812697,97912.26648800804,self-employed,3.1876882505102264,6425.365554156722,0.8986501643826201,medium,not_eligible
19.97752652220268,85918.33038385159,salaried,4.724518688177483,9233.631312091944,0.856447441481012,high,not_eligible
19.23587212616892,50278.75539338563,student,1.9996895543747744,4190.539790659883,0.6524533433646128,high,not_eligible
45.18492622082793,73513.59614960605,student,13.401752545795572,7553.332548772996,0.7560664606181245,high,not_eligible
25.83311283019878,26077.698674131643,salaried,4.071912048016789,3804.4841602360866,0.8355912444278384,medium,not_eligible
30.71656718254659,27946.39591432892,unemployed,7.834788949701024,9075.865402804828,0.7290305257158892,medium,not_eligible
20.56330283523892,42157.95810791752,salaried,12.60895392640828,3887.091003085483,0.9099928729996204,low,approved
44.97442187639595,16478.81398570333,unemployed,2.133558850728834,2249.4792090155634,1.0,low,approved
45.731038587066166,92711.38031567588,self-employed,14.02701731222791,7524.437078158569,0.9718761851697316,high,not_eligible
34.27563061393004,62305.452398749534,self-employed,5.005368929254004,1220.0753852545638,0.8286557129069791,low,approved
50.78116341447729,97046.2415748979,student,11.65591032312222,3890.7493957845854,0.9990726136849952,medium,not_eligible
54.74723933085163,67706.35064646433,unemployed,13.783999291740276,2762.899743391211,0.8648667457202112,low,approved
24.71492178458892,24124.238856271902,salaried,3.891637761566775,2795.4426745246697,0.816291402888196,low,approved
34.677532216516354,13270.509110509774,self-employed,13.631633361329232,4981.013597595019,0.788659733645906,low,approved
30.701186860192287,14879.234229662274,salaried,11.88352091282433,4530.883733182392,0.8197530313511872,medium,not_eligible
26.59999525374665,32169.145562655565,self-employed,5.119648033172427,6561.543183743526,0.811182318145877,low,approved
27.242176507904684,53945.11592364523,salaried,5.002635454054665,5689.697750029307,0.8670416222375488,medium,not_eligible
60.69063053489399,18863.78705428215,unemployed,11.673410332158133,1792.925705690705,0.8660573981049864,low,approved
41.44782862368522,81056.80189465925,student,11.530362537453971,4872.749233662925,0.8503046020153414,high,not_eligible
40.64713286969602,22096.603824932,salaried,7.735027543208456,9169.238795571673,0.893693816974635,high,not_eligible
42.838702437852575,10705.20587461504,salaried,0.0,1985.325212494843,0.969064627478634,low,approved
54.82898719674348,59285.383614820064,self-employed,11.843607102879096,7792.381263446528,0.9449554135441324,low,approved
52.59459312246667,51250.85101949727,salaried,8.87175754779454,1438.7064372292093,0.7015102031550096,low,approved
19.407057360453845,80322.13465648747,salaried,0.0,4262.964552296761,0.5946078865098046,medium,not_eligible
43.86865667405973,15494.99138987296,unemployed,4.11914291289102,6433.438981616446,0.9434319911239274,low,approved
17.035348914836998,54113.78484884954,student,1.9555018782420168,1450.9511907475403,0.7133121301584578,low,approved
55.131156556164,97892.59865555224,student,8.20887028334673,431.4692636959749,0.8275234598107316,low,approved
56.87828280954585,93495.94348583062,self-employed,3.118131809106118,5526.34826811328,0.732988697394064,medium,not_eligible
32.16026253998353,91481.26232287906,salaried,7.204206492353912,5280.5283676612635,0.669801956241998,medium,not_eligible
35.614148093965625,61787.602421716816,self-employed,0.9578260585705726,9597.818863565748,0.9041462728204788,medium,not_eligible
35.804551276636985,97025.07881406108,student,11.259852990700802,1452.3172393664686,0.9259155160302648,low,approved
42.19580263727866,98329.98356311455,salaried,3.011605445960422,5372.910668080631,0.792348959927328,low,approved
59.1260243402566,35731.43996588243,salaried,5.919681947492835,4514.4252549307885,0.5908957707855089,medium,not_eligible
36.52891526616833,56940.29631008503,self-employed,10.953718595563592,8480.593410509786,0.7953755551747517,high,not_eligible
48.98655697620756,29330.49439618865,self-employed,0.0,3875.0914614141734,0.8891804005402546,low,approved
52.75419699165205,36981.583750829,student,14.948402795701403,3244.460964365514,0.702108843122587,medium,not_eligible
35.21313217976701,31955.602676235016,unemployed,6.509191302493394,9114.80664893748,0.8683359919779156,medium,not_eligible
24.91328239551386,55896.64223361885,salaried,5.299521867859545,4701.336155141275,0.8484690150827005,low,approved
34.249160132216915,72584.47966022372,salaried,6.126588492961968,9130.571816994374,0.9079291499601088,high,not_eligible
45.536615091467056,16701.851621763883,unemployed,4.059879552141907,5139.78664630025,0.8619580368414153,medium,not_eligible
51.42284384955039,101976.37339792444,student,12.385454047965196,2999.5772756358188,0.7526931059118445,medium,not_eligible
20.20655892189376,79916.21442186249,salaried,4.965478946405227,4708.9830368482635,0.9696571501664492,low,approved
30.90186512533564,94048.46393689554,salaried,7.056875529257962,10647.848032999107,0.834147042697303,high,not_eligible
26.33917132086386,55511.11224999812,self-employed,15.147927204883771,5338.302566942697,0.8472695460490068,high,not_eligible
50.15548299650943,62005.96438652975,self-employed,12.569019981311143,7285.995120973293,0.7566732040926804,medium,not_eligible
18.198436174666973,20429.08278535048,self-employed,7.478469235269077,6331.857847512156,0.805671774880849,medium,not_eligible
56.34294578894677,19830.58092482485,self-employed,13.281048706106027,5913.434467754215,0.7615197285973099,high,not_eligible
24.421403624459245,16551.453046162365,unemployed,10.85589027387978,5828.107497174091,0.8327053940076576,medium,not_eligible
35.34320984534522,17050.088016690774,unemployed,7.844460097967934,9136.315999400435,1.0,high,not_eligible
44.293411792794046,71251.33534794977,unemployed,5.778211391405362,5526.030499963499,0.7128098857068643,high,not_eligible
50.0,89909.0,unemployed,9.0,2874.757148082214,0.6886438602123258,low,approved
49.1319900659582,38804.87883058255,self-employed,4.9680627283493015,10070.07520834605,0.9971170327493608,high,not_eligible
32.422434552036904,84303.04138437941,salaried,7.074347720362687,5551.7698059007,0.8290676322848134,high,not_eligible
46.71864725608927,66726.09634870631,unemployed,11.11896084011578,4660.396768644154,0.7830927261340084,low,approved
41.33816493742373,73123.37012897835,student,9.806606923844528,435.25305318283137,0.9539904687396076,low,approved
39.47072859332504,29858.94808354573,salaried,0.0,1803.1962164062038,0.7894384460263135,low,approved
25.914708701077604,52089.48307667833,student,11.53931100545816,1322.9473170591932,1.0,low,approved
49.328873211402986,58376.07289092043,student,12.890127161474185,1872.665670080233,0.9177925871339268,low,approved
50.212595435008325,14434.451344361474,salaried,1.72107696876211,7925.803240560775,0.8012088591854297,medium,not_eligible
34.678745708323966,60717.3870904732,student,0.0,1543.2763039321433,1.0,medium,not_eligible
54.25089454612623,25262.480620874856,unemployed,8.812116496332036,7625.696895848103,0.7894285076996661,high,not_eligible
19.11712453242258,11646.618780416064,unemployed,6.301118970647398,6643.564999932492,0.9242095372009308,high,not_eligible
19.56927723622287,41568.78848329525,self-employed,4.10343331236914,7044.471731661582,0.8799292580406491,high,not_eligible
53.33618765879899,61325.9854811,self-employed,12.19627936583906,3687.715662173117,0.9801741289398798,low,approved
23.36659132956224,47369.695067971865,salaried,8.573817277176122,1112.5885595383982,1.0,low,approved
21.91974435383576,48485.21074742352,salaried,8.462316494009059,10120.786489105816,0.8532004149065766,high,not_eligible
34.45696705686883,12167.360457273491,unemployed,0.9901982503752474,7618.616663743466,0.7746582129653816,medium,not_eligible
46.65741118291566,33250.74123480789,self-employed,13.4687739648271,1799.5830131969135,0.8959972142939117,low,approved
30.93441598636716,84820.23654381455,salaried,6.707267027896883,2717.075574727994,0.7822284630247893,low,approved
34.02877720045371,39140.195904042535,unemployed,12.344685535928653,3429.3112163016294,1.0,low,approved
55.26916595856953,83399.28849392188,self-employed,6.077575477884493,3347.6737409816037,0.8636535331082738,low,approved
31.09216443519753,74736.776243641,unemployed,3.874507531144219,3469.252283626771,0.8134678448687891,low,approved
30.87864712937788,88006.94840379145,salaried,10.157048475345512,3716.400777972813,0.8684680305864908,low,approved
31.71466598706729,54279.3487927374,self-employed,11.58749558994386,10228.650145590007,0.7152873710470303,high,not_eligible
45.38823992330634,89901.78428955977,self-employed,5.040256774875253,6665.656883178348,0.7528385961489348,high,not_eligible
51.9027512162933,80973.98219946942,self-employed,4.762814817514638,9429.235238203393,0.9700413907944424,high,not_eligible
39.30775513065287,29144.656892726736,salaried,0.0,2338.6591164201136,0.7843105721028604,low,approved
35.89066693750426,37947.2052977224,unemployed,12.008344137402217,9667.80190135024,0.745308901731806,medium,not_eligible
19.965460747326,17600.178693983315,unemployed,8.373684365347637,2663.3098445773503,0.9036652752527286,medium,not_eligible
23.760662428399936,46134.06280472026,salaried,3.752029348669786,11144.647250674047,0.9685704154662996,high,not_eligible
30.79671155952621,46097.48343449442,student,3.8209451607974207,5045.880603230643,0.9218953310665068,high,not_eligible
51.28460195082902,90811.30061574258,salaried,9.128718955247203,5305.826043655089,0.9496047685805816,low,approved
35.612136052707505,37632.47811196423,unemployed,11.197036243351508,1394.6995636948927,0.7743204911430539,low,approved
42.59751344710829,74496.27972685809,unemployed,2.0333943636670977,3684.859461873119,0.7078189333258156,low,approved
29.06557968301541,30437.00225467881,salaried,8.38884796798089,6888.4125605322315,1.0,high,not_eligible
58.12126416119588,12911.47425996832,student,7.102655441529166,4504.878360737956,0.8177320161157864,high,not_eligible
26.84914309779508,32968.68661618471,salaried,8.328970426581272,5072.5229050730595,0.8249166983544952,medium,not_eligible
26.363361232843392,53664.19998627805,salaried,5.332305508216678,5083.209205953023,0.9828194141849058,low,approved
58.78631146257956,58204.44811918629,self-employed,10.410191212863538,8220.361101707944,0.905623000940066,high,not_eligible
32.348762977041034,74002.2817360234,unemployed,3.9465563820151663,2659.279362592378,0.8955887772081608,low,approved
44.35573107336461,94513.3767059599,unemployed,7.860344934052929,7525.242316582966,1.0,high,not_eligible
54.48076333173572,92338.50242611184,student,8.412941327167083,752.5640726270881,0.7856481769619856,low,approved
56.64384085135183,38093.95377889835,salaried,6.001277882775625,7569.807609409007,0.9427840128081236,high,not_eligible
27.653473291382703,48377.686192302834,salaried,3.8378908460191625,7671.256322621996,0.8557013124897084,medium,not_eligible
48.93060873883995,66598.4096067554,salaried,2.0414528201289155,3835.5014469197545,0.8768592278863256,medium,not_eligible
44.70680631344203,20467.395495321125,salaried,3.167309878756236,7843.240785331214,1.0,high,not_eligible
47.17549817356022,39510.8649308563,self-employed,14.153929261491708,5818.240239359551,0.9007835756289624,medium,not_eligible
57.99310973309112,107267.87733278394,self-employed,2.8385280263678085,8693.106914608197,0.9038296079049633,medium,not_eligible
46.70990401969113,62208.14199901738,salaried,12.58668327905682,5845.202314403667,0.9572507337309802,medium,not_eligible
30.721222934184816,89883.78844883111,unemployed,12.47352354818976,7690.816191802183,0.8135047270457114,high,not_eligible
41.50751875104208,40182.50514715429,student,8.988396234685545,6014.578222319057,0.7660790332660994,high,not_eligible
21.767544128573995,93706.64240681204,unemployed,0.9324096224441576,1290.874860139087,0.7455190805978966,low,approved
32.638503929045385,39824.81673423707,unemployed,11.997792024324582,6565.821280855789,0.6533643410623998,medium,not_eligible
21.31999784882032,86424.26732669899,unemployed,0.9577499254964196,13018.351493422002,1.0,high,not_eligible
32.2652318341136,45286.84487010106,student,3.946793662578139,916.5215471923767,0.7396791634278317,low,approved
17.922892926114354,54483.94026806933,salaried,7.988115333318666,5698.183500826695,0.8278746376414228,high,not_eligible
42.30258205112515,71808.40903250598,unemployed,5.242093449591879,1810.2000332968157,0.8223186700111079,low,approved
37.50134279568478,78975.43249004919,student,10.87685976766268,4262.688564381858,0.88074066978091,high,not_eligible
45.95504885986628,22294.058533864176,salaried,3.22550400846574,14034.841841893052,0.9315737212539296,high,not_eligible
40.12065692838308,40616.45883910044,student,9.127993052596937,665.953698041555,0.9360473488359744,low,approved
28.11532009203442,29073.86858633407,self-employed,5.079930836744614,7738.855648456187,0.7916922561431061,high,not_eligible
21.32680904172212,12282.80305949786,student,4.168346606294652,2719.5237228532233,0.8332878286213589,medium,not_eligible
58.960137126160994,22568.43487631388,unemployed,3.0809898972155607,7921.456881432003,0.87825799504883,high,not_eligible
41.55218173639207,70043.79698614024,self-employed,12.761806823581884,1508.757068179077,0.8251308873816453,low,approved
53.4956266383473,55144.48773944935,self-employed,8.708926041434633,2549.8303296035083,1.0,low,approved
48.23321974972069,76827.74635006234,student,2.9279175575437684,3466.693258437652,0.8990974951638251,medium,not_eligible
53.47003609469323,13133.38783836243,student,4.087143506565307,1597.0487360523325,0.9234877786049818,low,approved
41.906879254536776,90466.57064937944,salaried,14.197367586049005,2200.7673769186767,0.9162881268667412,low,approved
24.909662382215807,49653.86657154109,self-employed,10.906028495265438,6712.124003175398,0.9673473857485324,medium,not_eligible
18.54477051319532,25683.008828853155,unemployed,14.204869319156122,9940.805755570855,0.8681021558703707,high,not_eligible
20.01856469091383,73369.85137474647,salaried,4.996473462070668,1914.07306397664,0.7203168052044153,low,approved
43.32182421034163,106143.31636916408,unemployed,11.702004553469507,5836.958103613754,0.8899687951752642,medium,not_eligible
52.471052521434025,74308.90982158572,unemployed,15.666384174572428,8282.091856526398,0.7848643106208171,high,not_eligible
39.38304153018589,15845.540456226314,unemployed,3.242911666002022,6596.710695967372,0.7971383318250242,low,approved
59.66670697531876,98418.68214522196,self-employed,3.674068900029624,3559.663073399464,0.9086364018755092,low,approved
51.59833586512814,80944.23308716285,student,10.351742397885126,5939.306098365431,0.9738283071433635,high,not_eligible
22.55170417028629,43747.97722271801,salaried,11.208839275082992,6576.785682175783,0.8521271576736061,high,not_eligible
51.55163247717501,64059.50179999925,salaried,1.9609511769817844,8373.845757956224,0.8808833012598963,high,not_eligible
54.13756806924903,61042.46597504552,self-employed,13.639202184726232,2088.8735671331497,1.0,low,approved
39.43602821885932,26092.527358367824,self-employed,10.501568397957238,7605.25032062729,0.8740753179488568,medium,not_eligible
52.82659245300452,97086.14958585038,salaried,8.378380566844553,5337.897600903862,1.0,medium,not_eligible
40.233519862474296,84389.40108771547,unemployed,2.085831912782929,2741.1891615335117,0.9065509645631544,low,approved
60.41282241689509,86917.21722137406,salaried,5.824005119480901,5722.500874135673,0.6739237240844183,low,approved
19.53576624228177,18944.59176458669,self-employed,8.594532270846884,1133.806006458873,0.9253341621104532,low,approved
25.248789234895263,82400.05939447602,salaried,7.462328752119333,3673.803486428061,0.8881158384882778,medium,not_eligible
56.24218685436725,83320.28525139239,self-employed,5.670333269581514,3543.6784763490687,0.9789752754082746,medium,not_eligible
52.439775162351744,19982.169887793905,unemployed,10.993013548871089,4925.3496662873495,0.9173181351269958,low,approved
37.26740405230953,49352.09849895189,unemployed,11.435062386297624,1986.6868382584212,0.8361544016016226,low,approved
40.99879383306144,66438.14441817196,self-employed,1.793767369340175,9296.75836316559,0.7275701763710634,high,not_eligible
53.40348809893202,65134.98721936066,student,4.285536070316391,1493.502167146979,0.8290976742713975,low,approved
24.151421128730792,74289.1041437364,self-employed,11.867050971152551,5991.3949364214905,0.7649479545790699,low,approved
27.3656915225464,15322.556600545347,salaried,7.494660817664021,2557.0684438273,0.7919476550195277,medium,not_eligible
37.00149135078304,89222.01737313379,salaried,7.755254832417753,4409.677514933345,0.908857840442061,high,not_eligible
56.128756498452304,81090.04903439894,unemployed,6.83192450212342,10374.913616365571,1.0,high,not_eligible
56.33049434243197,84424.42344087384,salaried,6.28444318774897,6625.13554720369,0.8894671529822981,high,not_eligible
51.84762039040636,13670.628897722683,salaried,1.963557809712935,7609.098875458838,0.7304116937964815,medium,not_eligible
20.71849764897,83249.01932262875,salaried,0.0,3180.56867568856,0.8944602668220141,low,approved
46.094108011313295,30371.5421633658,salaried,9.838671485711531,4224.061615886729,0.969663148664565,low,approved
37.644408746325816,57021.26611287808,self-employed,2.0348701865852474,5210.346898520984,0.7890217095680617,low,approved
28.09292465136577,50799.37957800181,student,11.949948107285897,1623.4447906960695,0.8365982833327082,medium,not_eligible
32.97268838770084,80117.36187139442,salaried,3.9550457774686434,6272.954940651024,0.8514688194729196,high,not_eligible
18.0,13987.0,student,8.0,3565.2378202169602,0.771510168691776,medium,not_eligible
48.018823056917206,48575.74558685711,salaried,8.888188452512772,9956.564681985536,0.9148280433843858,high,not_eligible
42.40315678440502,95029.883877937,self-employed,13.379310539428548,1959.5495576113983,0.8379051851392219,low,approved
50.966976670200665,94191.20584857764,self-employed,3.1250191018778715,6145.67780381213,0.8919532443907028,medium,not_eligible
18.095403579686817,41046.627682538216,unemployed,3.129178176626626,4927.560132652524,0.7612507822197899,medium,not_eligible
50.25785850712517,27153.613385306253,self-employed,0.0,8287.581051444082,0.806254169967659,medium,not_eligible
29.89978359076884,89968.97324623255,unemployed,8.9516303256974,6332.341220610714,0.9222381357827772,medium,not_eligible
57.481057168743305,48635.9566749071,self-employed,0.0,6674.235934343394,0.8127166847908233,medium,not_eligible
48.67864946062613,16311.276098449132,unemployed,1.889051372622492,5522.037548367818,1.0,medium,not_eligible
37.29881462858605,14130.621292883268,self-employed,15.543702703063849,2549.9086768801208,0.8100363814385397,low,approved
31.764488259672216,42687.49393726302,student,3.971543464417692,398.04317173710746,0.8724684725751886,low,approved
26.89183455827757,58865.88939411013,self-employed,2.8563796774231074,4396.730502589953,0.943259083187309,low,approved
53.03254183024047,52357.34697371224,self-employed,8.74346689091573,5554.552383812334,0.7081634267066967,low,approved
53.99802620193981,93541.00476097678,unemployed,11.7423080988675,3449.383231107871,0.6739191188019223,low,approved
43.72800768187293,22803.628264146755,salaried,6.790567421396141,3044.635172203756,0.6974343685429905,low,approved
33.6881750991543,72394.89858891147,unemployed,4.094568615388942,11670.938739730394,0.9762584103427182,high,not_eligible
59.63331612086108,58904.114916638224,unemployed,6.408462458641946,9873.298474360003,0.7948141854107553,high,not_eligible
32.061255682294394,58402.63990458555,self-employed,10.780578999167462,738.2954952626064,1.0,low,approved
53.21315693542608,94251.66793731386,unemployed,9.244231486012502,3250.962287141903,0.7935752401342611,low,approved
26.0,26371.0,salaried,4.0,6798.304213148168,0.8684551303197037,medium,not_eligible
22.373727433894626,78963.29639238394,self-employed,11.962197317630034,5890.842017086503,1.0,medium,not_eligible
25.00574386275684,31823.77570318022,self-employed,5.336648555164013,8004.202690145433,1.0,high,not_eligible
34.283869896148715,63887.54858684747,student,0.0,1883.9088821140697,1.0,low,approved
29.3401381895319,18891.44037757072,unemployed,11.710396770743822,8890.143822986403,0.9708366230593142,medium,not_eligible
30.828723448049576,15619.273304263665,salaried,12.164995395118805,3416.4019873451634,0.9524062525811462,low,approved
33.84373420569002,63800.20778557949,self-employed,4.564961511022666,4945.979941867399,0.9092526949201184,medium,not_eligible
46.03160310062098,81609.18407387254,self-employed,3.9178248113219527,3641.566259873142,0.9278361076166638,low,approved
23.270486419219232,42204.99615427124,salaried,11.840409673561055,12398.936231859272,0.7948814283671466,high,not_eligible
17.40063801162166,56382.26729543309,student,2.021591724004788,5515.050376116257,0.7681801116577692,high,not_eligible
50.455195357935125,21292.114289347428,salaried,3.0709903053505814,4502.3589001322125,0.8496625542589048,high,not_eligible
41.82718322373487,49057.30798218307,student,11.24254942522714,4573.007119953716,0.8329815377475072,high,not_eligible
20.191658073069576,17336.265010205803,unemployed,8.175405674618462,6387.470941957302,0.8046771950672724,medium,not_eligible
52.0,16893.0,self-employed,10.0,3054.165589325044,0.9196387447456716,low,approved
58.12520094753671,88327.44572918699,salaried,6.541417300976182,2394.2916691323485,0.945530520857051,low,approved
44.64966520517323,62435.1264134517,salaried,3.1999645177198786,834.0314900637004,0.8588406886291847,low,approved
54.827007711927024,34558.39985885997,unemployed,4.942227624443445,4703.40475278437,0.997753008105526,medium,not_eligible
18.091941262022853,55229.40337384971,student,1.8756405392656328,2083.8357568890483,0.7358310885866495,medium,not_eligible
47.77346048410886,50183.480906411765,self-employed,8.60985137731549,6287.030741404846,0.8306340540720282,medium,not_eligible
44.364659205294494,33648.169350155,salaried,9.5418954445984,2479.950159944628,0.7783177679397195,low,approved
28.6436865502892,19522.17318844997,self-employed,1.9379097355803536,7906.968881861435,0.663346338292694,high,not_eligible
39.43290548635567,83858.10067378053,unemployed,7.479525878855615,6785.882846762316,0.8417319314157301,low,approved
42.15257697356356,95308.1647727648,salaried,4.996329213795217,2346.268018818014,0.8378252491616717,low,approved
22.698494684437705,71888.74396856553,salaried,4.901820664074605,2552.6272910311695,1.0,low,approved
41.55899654982888,95378.0784570947,salaried,3.118210209836409,8548.963577956489,0.9130811684554776,high,not_eligible
47.858599524975205,82076.27760521696,self-employed,4.7869534702978935,5590.430521450853,0.7475813175670795,low,approved
47.900731984086335,44678.98183822986,unemployed,11.40166834400783,5117.453499769115,1.0,medium,not_eligible
30.961694699668094,20278.18760595961,self-employed,1.991380876841769,8105.290206914289,0.9721033695525352,medium,not_eligible
46.86205048206325,48088.50311085687,unemployed,10.790111292118418,11924.250095482173,0.9082097703468616,high,not_eligible
23.858829092407504,93236.10466965078,salaried,7.112669551573655,3594.1181735240584,0.8273515901150168,medium,not_eligible
53.86527075492105,88129.59764742397,self-employed,5.93108433403512,7546.307965196144,0.754056076327652,medium,not_eligible
36.06308710887511,56971.903160549446,unemployed,3.835839232265996,13722.041809231549,0.8127793223928946,high,not_eligible
56.87864668607647,25566.71959633286,unemployed,9.589878640777474,9010.068944188375,0.9588748619704186,medium,not_eligible
33.885611483504114,15536.030021888691,unemployed,7.729346529021601,6668.969601536835,1.0,high,not_eligible
60.245377800797314,93968.46423490156,self-employed,3.896664136145002,1820.31295083427,1.0,low,approved
35.96811245014073,66048.60070399422,student,12.204719493456349,4030.4835419464207,0.8011150578213726,medium,not_eligible
30.858241243052888,21985.38025053096,self-employed,1.9388373526602465,4699.65783758466,0.7380382566710988,low,approved
20.93842774094412,67259.95941458773,unemployed,7.772600888909203,6014.291889746423,0.8640886246911204,high,not_eligible
34.976171381625065,84536.50235625311,salaried,11.894611118874904,2488.0663349541337,0.6731560634437148,low,approved
49.71771171760803,55882.30807059378,salaried,3.0947893832276803,3247.4364881804036,0.8823167714184781,medium,not_eligible
49.40124732767422,13565.982982133632,student,6.637778118320401,285.8558323974883,0.8352397413701331,low,approved
19.74373946697817,44311.15746277124,self-employed,3.7412126065696873,5364.982510997053,0.8033963498131758,medium,not_eligible
22.180456353646136,81595.82583424816,salaried,5.2291621314425685,7857.471207929957,0.6905296932733205,high,not_eligible
43.82341662916303,59479.778571679846,self-employed,1.947935491059228,5173.8381971751005,0.9013600106569716,low,approved
43.30648437173568,82168.2612097824,student,3.009905264407728,5058.118005554453,0.7967299160338088,high,not_eligible
38.79237172300773,105247.90063342654,student,11.813705075362344,1475.3083365857988,0.7330083164289711,low,approved
49.18683725993662,28653.430077085213,unemployed,3.142857578658224,9802.062455348243,0.562773778671835,high,not_eligible
56.0,95981.0,unemployed,9.0,4100.544106509128,0.8472485094949364,low,approved
22.381675258757973,43792.24758907721,salaried,11.296884862667092,3052.488393712726,1.0,low,approved
29.984656383120445,56128.55809737589,student,11.465584096870082,5064.618389277486,1.0,high,not_eligible
49.74077250486607,69481.13491358352,self-employed,12.448244159266531,7329.228157078826,0.8042903743413727,medium,not_eligible
47.52869990361386,21277.81930965932,student,7.916072044832019,4699.036837380599,0.7897787939638219,high,not_eligible
39.31228374795662,28930.92435662791,salaried,0.0,5867.371487739673,0.8968774256075024,medium,not_eligible
36.34919547730724,84872.1960577794,salaried,12.862731171684302,4027.3834186855843,0.7501614560811708,low,approved
51.0307771438275,13636.08342773322,student,4.04999940697749,4645.327472644589,0.8801791899819466,high,not_eligible
41.84497098682506,88403.76287033448,student,1.888017140665892,3510.5445061344562,0.926608027838469,high,not_eligible
50.09457728940412,18848.889407449464,student,9.5235473616002,334.8604289330436,0.9726933223884308,low,approved
40.72183721627216,88709.00890993122,student,2.014399180091027,3156.0740288243833,0.8399845923520047,medium,not_eligible
52.01522045180352,64875.25719930538,unemployed,10.831724768760148,760.308548417591,0.8296326249823034,low,approved
58.27734305541292,15857.567023669766,salaried,5.102573255433123,6835.443293611568,0.7622017413243438,high,not_eligible
51.19950559149435,85932.33042081782,student,13.388366585797357,3637.671167122649,0.767311964596014,medium,not_eligible
37.54241429557936,76561.95183681596,unemployed,0.0,10274.19827254194,0.8273521108098473,high,not_eligible
22.67750538974644,67529.44607809855,student,10.32948438049878,6100.541226588954,0.8867365506816178,high,not_eligible
27.30725245033344,14797.96468120184,salaried,8.034812702341911,4521.191981050619,0.9413584626233248,low,approved
32.17956058199671,20957.81777169434,self-employed,1.973052313633752,4005.164013682217,0.7696821049319655,medium,not_eligible
21.408935890145905,63746.57720288789,salaried,6.172295264921633,8346.937655656286,0.999268856895952,high,not_eligible
38.29090087150309,53399.259257753896,unemployed,3.892624792334584,11973.725795184859,0.8228876398957431,high,not_eligible
45.71108008966305,22642.297857219448,salaried,7.048632443327863,3173.0913958391357,0.8478632705651563,medium,not_eligible
28.725462192882777,15873.95297565721,unemployed,11.492295898985354,754.9614527647549,0.7752788320852176,low,approved
40.41411940593806,46680.56392598465,student,8.74778660701823,3556.965126732186,0.6075759739727058,medium,not_eligible
32.22978829677985,71818.50762075206,unemployed,4.025876830975144,5292.41379027029,0.9384045396361048,low,approved
32.94626912001366,28062.29375599928,unemployed,8.82649494216899,3783.8133547686166,0.9236843897092432,medium,not_eligible
30.722128865284485,64655.73590653033,self-employed,4.859192286520663,1919.742466242466,0.8218672442881786,low,approved
32.267383774926635,82128.854393772,unemployed,4.042313706464976,3358.5438948660526,0.8566990717224872,low,approved
53.14580044277012,13231.230195818916,student,6.959215009179154,2585.56026327795,0.90159392177041,medium,not_eligible
58.2816752733003,91697.21871039836,self-employed,4.088506498206867,2231.4926366587556,0.6937454143113457,low,approved
31.539866639658914,50658.27340557466,student,3.884157370373493,3962.00570815597,0.7970947322653705,medium,not_eligible
59.98431478143618,75690.00067657663,self-employed,4.950366855201576,4971.688483825167,0.9294264679621826,low,approved
37.86764889402094,62877.76200441303,student,12.339083982094628,882.5302962595199,0.7245710576830751,low,approved
53.759570975925065,89941.36507019322,unemployed,11.778963674154951,655.149754659372,0.8793557932166629,low,approved
44.91947730942784,66350.53163825345,salaried,1.9853708663348824,4848.857973031696,0.7143418195376594,high,not_eligible
48.24163877054776,53985.41576203182,salaried,4.5066065837192015,7143.55188097189,0.8966429982433526,medium,not_eligible
24.53756286523374,42713.28779274894,unemployed,11.47258150328772,13705.639225398125,0.8464358517702516,high,not_eligible
18.65914594122682,96761.5722457364,salaried,11.590036643280134,8159.836899613503,0.688486818409449,medium,not_eligible
18.641391546717955,67622.30030307749,salaried,3.146233885634073,5527.553689716227,0.9664739354457172,medium,not_eligible
28.63720563055124,32203.42459399035,unemployed,6.937465030504463,2798.295321088824,0.776540842320195,low,approved
54.61187657774624,84375.04994738422,student,12.62948651157032,2635.50277765875,0.7689747562985618,medium,not_eligible
38.96470671620554,45971.815484127015,self-employed,11.892742761779092,4257.964227906913,0.8700569197230943,low,approved
51.902528049422,86013.4788267125,unemployed,12.044532494958624,10452.975022355926,0.9648637349428716,high,not_eligible
52.059259295076345,86965.77904725933,salaried,7.976237619402898,3799.1748321097,0.7484178181021602,medium,not_eligible
19.486606189635584,59691.55383414212,student,13.519951129655974,4668.718233816583,0.8561679849847972,high,not_eligible
48.541609161348255,27993.201331189503,student,6.223257514880021,5361.861168586825,0.8928816500330573,high,not_eligible
51.65149540496837,13235.639973371097,salaried,1.9794663536710992,8218.195780787568,0.9193105607263145,high,not_eligible
29.59396459881487,21622.003541952083,self-employed,1.964440468702304,4849.972795109081,0.8676441555277224,low,approved
58.234354556524266,13221.59676373176,unemployed,2.201885835590074,6977.562167127339,0.8132972160916677,high,not_eligible
43.14583331730943,71172.28367677216,unemployed,4.824732867398712,7299.9623356193215,0.767240977935128,medium,not_eligible
28.58608384297269,15203.80136197608,salaried,8.011907327178314,8447.357907481954,0.8586143883046374,medium,not_eligible
39.35398098179261,61254.248766734985,unemployed,4.172918730381395,4810.245685000271,0.7427860988014393,medium,not_eligible
31.53373100751294,47246.10548642447,student,4.071579841733409,2972.327387739672,0.5578649516505392,medium,not_eligible
32.137262799315,61378.53440711066,self-employed,5.211593166317979,10427.093832148952,0.8936559804157668,high,not_eligible
41.54996571284115,98551.26435321868,unemployed,11.012557412550882,5447.180848688454,0.9403934841086194,low,approved
43.78445518956634,20980.358998447693,salaried,3.0404449268878464,5637.716614521274,0.6137067564458161,medium,not_eligible
52.3427461334697,81672.72255671813,student,9.887307752201814,1628.130522906104,0.7490269295290062,low,approved
47.37000845923234,38988.86423588746,student,13.776079143907644,3777.467479572314,0.9119154261005198,high,not_eligible
49.99911872162074,41841.59286596034,salaried,8.613875424749471,4013.202882054252,1.0,low,approved
44.24466297040493,83158.54956498483,salaried,14.272738477958372,6219.984417802478,0.8520793707675408,medium,not_eligible
42.78708128606549,79174.10987943575,self-employed,3.8598067282669697,9185.93586051387,0.7771997058770865,medium,not_eligible
51.64130824087197,95027.20773476108,unemployed,12.173356682424911,7651.358673499179,0.8317103558895159,medium,not_eligible
52.66274720845707,95259.56173011972,unemployed,12.450968074915316,14388.822386033637,0.9874876419148184,high,not_eligible
22.9860876822692,32424.644583792546,self-employed,2.935864987487008,3135.9789521881653,0.7854035820875465,low,approved
42.51540010815267,54141.82502612691,student,10.98833423293152,1856.3366167923068,0.7700807993349746,medium,not_eligible
18.14810522617704,79336.07327376533,unemployed,10.562302505773266,4107.342658516301,0.8017256477817968,medium,not_eligible
28.30028872832538,54842.50080207176,salaried,12.905610977779292,8189.968460620307,0.7546671391741288,high,not_eligible
27.14008970792939,42798.25394592201,unemployed,11.843108344545692,6408.4732339304255,0.8622670315994795,high,not_eligible
24.0,32399.0,self-employed,3.0,7000.006899022838,1.0,high,not_eligible
45.57145633827118,23425.51721520084,salaried,7.552696075740378,7192.475412452548,0.8823079273116029,high,not_eligible
36.3434492655954,17153.5319629365,unemployed,7.681646466551217,11635.519059073256,0.8247646497873712,high,not_eligible
55.652250822510126,22253.07093543938,self-employed,13.347510536106464,2423.533410442317,0.8208188731084456,low,approved
41.06804940682627,106749.90194692378,unemployed,10.961478500959368,2139.246832092187,0.6936809191303343,low,approved
59.043532765426974,14244.004556130052,student,6.823143089845647,7300.346120511336,0.9383109777147158,high,not_eligible
52.0,28589.0,self-employed,0.0,5977.356739094129,0.8422162802987198,high,not_eligible
51.61990886246503,59699.65787882203,salaried,11.58319127185132,5255.266741007421,0.8319520086409374,medium,not_eligible
40.49005351463294,62578.52616068821,self-employed,2.021555280542497,3334.928709511006,1.0,medium,not_eligible
50.90858507674358,53612.60138185131,salaried,3.025923657372488,4540.615338536731,0.8798752908365686,medium,not_eligible
34.83592467944364,78493.59109905268,unemployed,0.0,3756.0915766081926,0.7748208949904816,medium,not_eligible
40.81545608698846,42612.56101165299,student,8.416469711957774,2387.5059696108997,0.8073642403794457,medium,not_eligible
50.01471186281567,93211.72113058848,student,7.539208117566611,1217.0788336598282,0.9648445709196756,low,approved
18.0,53484.0,student,2.0,3709.8792473481044,0.8613270410537764,medium,not_eligible
23.76858231901594,30603.729921929786,self-employed,3.0154235639393048,8837.728167478188,0.7061722021682633,medium,not_eligible
32.90537650153517,73448.44643471032,salaried,10.399170601689995,7115.805565278543,0.9419228934575204,high,not_eligible
26.38377113614736,15720.059152691909,salaried,8.336450885685657,3071.3438675676225,0.7831855914461006,low,approved
48.83020967288716,59692.82656846436,salaried,3.3626150846371754,4666.152708196491,1.0,medium,not_eligible
36.02730607138621,49492.9689606461,student,4.190309423601042,3532.4821027277258,0.9580048065714648,high,not_eligible
42.8091685268847,82434.01493569018,self-employed,10.516013892127727,5557.461349836335,0.8052678104341249,medium,not_eligible
59.50207130349035,62723.13545943416,student,4.109508758157814,2185.3799881323457,0.9781016361735112,medium,not_eligible
28.90443739955848,98622.9211503187,unemployed,12.034337189439206,10138.613371322945,0.8567855510527403,high,not_eligible
29.95429699406376,61343.966410970665,student,10.808482668766414,544.1638638275176,0.935277367512222,low,approved
54.60334616018844,75103.686479334,student,13.514297035414195,5706.873680271261,0.8984732817294474,high,not_eligible
22.149820789752845,30567.352007787144,unemployed,12.221403539149517,6231.693777219686,0.7653643345009127,medium,not_eligible
24.5587665319242,44040.87941429462,self-employed,11.025437217267935,7873.518857625451,0.7856450167682538,high,not_eligible
32.85816885152627,56385.42268105021,self-employed,12.141363992311868,7961.706904014216,0.952996081758116,high,not_eligible
20.015790843290027,82659.68667765842,salaried,0.0,8684.376638255637,0.8165224667893459,medium,not_eligible
49.16118555483236,40869.63211825659,student,12.845655053896545,569.7203037068509,0.8096351536758003,low,approved
27.36601283877265,58030.31343307803,salaried,4.919351949825857,5261.767129922511,0.7544877420650646,low,approved
25.96577968792484,46834.92082445169,salaried,4.168502052457281,4288.310346188127,0.892359906559346,medium,not_eligible
58.28944420971296,14778.680735042582,salaried,5.219955101369944,3617.649820570667,1.0,low,approved
21.90464594829285,16798.07888286323,unemployed,11.646068670253827,7258.451758169865,0.7432467085745726,high,not_eligible
50.85678241676801,54801.48672080639,salaried,2.8068172873006585,6329.263970193038,0.8524219456672758,high,not_eligible
44.22603005707593,37494.34496195989,student,14.270811879751932,4628.063140739454,0.991222055541543,high,not_eligible
37.2081192135344,79872.58277171201,unemployed,8.102332730632572,4758.262903329896,0.8420358608754285,low,approved
45.26677819058648,21961.74406560348,self-employed,13.57981114939271,6731.174835303632,0.8952371796249734,medium,not_eligible
24.05850073955174,58478.69425342754,self-employed,14.655039840821036,3902.7762093114857,0.743760647185312,low,approved
28.65882615385796,15867.223437516468,salaried,12.645304765411954,3139.4470386633207,0.8928307097207648,low,approved
38.89217012562276,12469.778217453735,unemployed,3.836369605584407,8080.1431884702615,0.8312855734995451,medium,not_eligible
42.22819892147778,87024.78583779644,salaried,13.972104605008187,3598.9643518258263,0.9485729995679862,low,approved
42.19011405832964,68386.46092069731,self-employed,13.823239617566372,13373.896524175027,0.9687386051564753,high,not_eligible
36.44443186685804,82774.32573243257,self-employed,2.0918797027556555,3126.3556144151466,1.0,low,approved
39.864649762909394,100012.91979466748,unemployed,7.550857873431123,7076.140942270192,0.9079633173213576,low,approved
53.84125222345108,11917.472358259549,salaried,11.600316584608937,6281.427592729371,0.8825796316582166,medium,not_eligible
38.45042624750254,40556.27955034043,student,11.50824994900618,2156.941468063586,0.8694384301577336,medium,not_eligible
31.993684664509964,31156.24246721883,unemployed,7.957934263864148,4369.987170035813,0.8146833707189312,medium,not_eligible
18.244913309596,18031.96800229275,unemployed,7.723568285301878,15082.07554563797,0.8838483843461691,high,not_eligible
19.526172988955487,60072.975867255744,student,10.99675688927101,3747.902798460477,0.8204598589860971,medium,not_eligible
38.6031471988981,78956.08899597595,student,3.7126220491987216,3114.1092381478875,0.8668460976269614,medium,not_eligible
25.93056968134644,45345.19461823607,salaried,8.747813792597405,3900.0171084079,0.981759753560796,medium,not_eligible
35.61594254358339,66664.48425042715,salaried,6.039097859052736,6104.321099728014,0.7493457434720359,medium,not_eligible
56.68758665919495,79476.50529354875,self-employed,5.457713323884315,8783.63760923803,0.9639878561129044,medium,not_eligible
42.64218789229292,71765.9963997155,self-employed,13.39150002930415,8104.966706640493,0.9817115067339864,medium,not_eligible
28.558198403492472,16415.738324305523,salaried,11.537528953557311,4371.386266306344,0.8381931473008921,low,approved
58.42811546060519,99440.4679322578,salaried,6.437689188183638,2294.894372153415,0.6378145100991405,low,approved
17.96878843318331,72763.40489875707,unemployed,11.108848608837606,5751.5637802111605,0.7892178012905567,medium,not_eligible
42.03712996349585,101109.15925789515,salaried,3.1639939453153216,2392.6639188372656,0.9796994546561107,low,approved
38.50542315657994,66020.18659708096,self-employed,1.0393671353157483,2985.0997625566924,0.8477131937701118,low,approved
40.84560886022691,71653.36251349522,unemployed,1.8897646648794888,8291.358005469447,0.7500697767705089,medium,not_eligible
45.21967258649308,11229.184161117984,salaried,0.0,8140.416363191608,0.7995225078771783,high,not_eligible
44.24555265143882,91503.28930996895,salaried,2.785837093930221,11339.210533693906,0.9340620026504552,high,not_eligible
59.09967308835808,26568.422841531643,unemployed,8.660906657029042,4272.837062005374,0.904673356820138,low,approved
53.00697652819457,16188.46798708518,self-employed,9.851642582986342,4198.411898542433,0.8261067900830306,medium,not_eligible
37.49204962008373,53376.71087841044,self-employed,1.938814181310593,5364.764676548066,0.8133175588185312,low,approved
39.42121919654301,63619.5612410663,self-employed,0.9939962053314624,4504.933993094817,0.8108241850956178,medium,not_eligible
49.69264163556655,78323.61388314665,self-employed,4.748684865051132,10064.220811370998,0.7577589815501498,medium,not_eligible
39.26333848673706,85907.10968186073,student,11.804597537203309,3219.868286140125,1.0,high,not_eligible
43.95313380122096,13451.73340771577,student,0.0,1402.143968618535,0.817767953078866,low,approved
24.55414423798796,73504.8036408898,salaried,1.0138501997788725,3905.5875114890514,0.9717158520825496,medium,not_eligible
18.017499966223543,77962.72409804721,unemployed,10.839391720936272,4872.090584699043,1.0,low,approved
41.391461329127225,69906.175095172,self-employed,0.9282696998278952,5548.884005551607,0.949831089814796,low,approved
40.1878976369106,68411.00284809875,unemployed,5.23585929563911,3836.0064634342257,0.8068379687281951,low,approved
46.51451876228138,95286.79309125966,unemployed,7.983621318142815,4741.141878690494,0.8903730090336609,low,approved
41.27412366744037,76539.43146065451,unemployed,4.945666535041353,3461.739876019746,0.8475804393609083,low,approved
45.24546132139142,81219.18151904075,salaried,13.105029036905789,4201.751399183095,0.7596298139269871,low,approved
42.54979551804875,40147.1162329648,student,8.641511230321038,1510.9185436714029,0.8824359281721603,low,approved
44.0124989980027,71315.19453447427,student,8.950324745405872,465.2323869278274,0.7320960208840197,low,approved
57.70337455687928,83070.0165435748,self-employed,6.036079753266089,2448.586096195295,0.9687679388461564,low,approved
51.52719253847009,99224.26832830028,student,12.061028904406284,1517.365029244145,0.8035382702701607,medium,not_eligible
17.95427518314724,42814.64000595936,unemployed,2.6483457800420083,12034.364422284874,0.8701159655872839,high,not_eligible
45.49295490279872,84783.69532095995,student,13.3663500710091,1726.1173955133945,0.8783287871546142,low,approved
19.65618343890801,21562.930739665026,self-employed,8.011461235707888,7304.470535592845,0.8241095026295923,medium,not_eligible
18.79381622574345,12669.409003255694,unemployed,5.860141789414989,2267.3614153305907,0.9086693801475274,medium,not_eligible
34.35533002461544,78297.5624035227,salaried,4.000409797598474,9689.545301057009,0.8025096343377476,high,not_eligible
55.971200436075776,84791.42683434112,unemployed,6.26595903064155,6397.461305475217,0.9371297297457244,medium,not_eligible
56.602622956479664,14420.821048565924,salaried,2.0677001867650544,6322.039089236478,0.7154020319753251,high,not_eligible
54.541749420770216,91492.2439669158,salaried,6.250282780256068,1290.0728400273345,0.8626379579546412,low,approved
39.06685172500259,12412.294820836682,self-employed,14.818348563224507,4347.32903776048,1.0,high,not_eligible
59.36986328355585,98945.61576001186,salaried,7.049044508590997,10575.606175964504,0.7499668675394425,high,not_eligible
18.968907618440145,25365.9540444757,unemployed,14.067043646415136,3501.5385406909927,0.7822255029475148,low,approved
40.07895142623328,62534.67579003817,self-employed,2.008086439435599,7465.7887210443705,0.9013907849658916,medium,not_eligible
53.27694569254272,42046.31388513435,student,8.57739729152375,5293.334606395508,0.8679581781939598,high,not_eligible
30.13226507465888,12929.779127064132,unemployed,1.034063016857656,11016.19355130443,0.8850630099273559,high,not_eligible
32.39949959923766,92969.2826035207,salaried,6.272890035102392,7439.503437399085,0.8989187130147663,high,not_eligible
40.62087640625071,83826.53193825262,self-employed,1.911732802019324,1734.2497359972208,0.913472146856177,low,approved
32.66526534841385,80425.17339487051,salaried,3.674141979336525,3626.4996165952325,0.9609699841956224,low,approved
44.90169065277901,93615.59528436506,self-employed,14.183265113182552,3245.2288889598567,0.8909818656928512,medium,not_eligible
31.3800014852597,77174.64523860953,salaried,3.995432443996679,5107.250620053526,0.8258742345381457,high,not_eligible
33.97501620613552,41128.42269649484,student,12.470343502058146,3617.93306235398,0.9172573701202732,high,not_eligible
56.2462350792101,64085.753803579886,student,4.10994021896615,4083.581294284129,1.0,high,not_eligible
18.152931876109754,86351.3685270308,unemployed,11.31795025354639,661.913507842674,0.8367366253617426,low,approved
29.939093637725698,17213.403145930784,salaried,12.048872575960267,6968.673022982317,0.7525470695329358,medium,not_eligible
50.50435140701347,41429.76528242607,student,8.987850533310205,2677.1204996406045,0.9607080669286971,medium,not_eligible
19.12433852252159,45094.67702017703,student,13.790256518192432,5602.806485738014,0.8379618836046402,high,not_eligible
30.0,97545.0,unemployed,9.0,3956.3875636544467,0.6327330453985963,low,approved
36.0578061797317,64946.206131622406,student,13.315220847725977,493.62895912522396,0.934742167715042,low,approved
38.30769669467189,66061.92671497214,self-employed,1.0087055139701109,2740.835143849753,0.7964671814046077,low,approved
57.10964388403533,25976.523770715045,unemployed,8.750910540291066,5045.6997093513455,0.8409466717695839,low,approved
24.80882615732753,53650.775853873005,self-employed,12.35140458223866,7454.597097002946,0.8831980330569015,high,not_eligible
61.36062964016585,54687.64221659663,self-employed,0.0,3374.043366870869,0.8690499679779066,low,approved
40.61410757748679,93617.41888675418,unemployed,8.26967754704276,6451.996491305564,0.920945181713904,medium,not_eligible
55.95336363378704,100270.81274920664,self-employed,3.134734145348617,8376.517185119614,0.8064513629430157,medium,not_eligible
42.78337629792083,60546.00225704604,unemployed,0.97110026367359,3748.0379525633825,0.9013105798176082,medium,not_eligible
20.13234254363348,42145.00790763384,unemployed,3.1521151483675647,3355.794044319675,0.8240453322416083,medium,not_eligible
33.15895989510822,71214.58525842504,unemployed,3.999710274604117,9967.422491516903,0.9238810480887504,high,not_eligible
48.51420626164445,30160.318710043342,student,5.7687937593606256,1559.8070261121716,0.9115367484013052,medium,not_eligible
29.640919565491025,84372.41325144557,unemployed,12.439716576017108,8245.205306597833,0.7564561297955404,medium,not_eligible
28.340512459753683,36612.60598878364,unemployed,1.9100653073906,3495.318831518155,0.9585982116175032,low,approved
19.38607676409592,65315.31244656204,salaried,5.984778081481367,6320.9368277601725,0.7964036554885952,medium,not_eligible
52.03738043660341,93531.19933732708,unemployed,12.321779858924366,6194.088161194391,0.9308057798281144,high,not_eligible
27.34555996412972,37590.5192879904,unemployed,1.988894586042648,7767.078957320775,0.8867287313401341,high,not_eligible
52.758949702416096,77721.24015664715,self-employed,5.204098368649239,4881.232275303174,1.0,low,approved
31.52687405704494,93241.42536225448,salaried,7.489989547600451,4154.483354609327,0.8276534017628148,low,approved
25.246158757280067,32614.485338906627,salaried,9.06568062268529,2338.8799165649993,0.8150683203881802,medium,not_eligible
55.191922338818266,94432.32954311752,student,7.692373651172327,1483.877907645983,0.8480580394112267,low,approved
31.26637052454793,46106.88135211819,student,4.126302505392089,293.8567079149993,0.8196820217165725,low,approved
19.20640860152064,72317.90097196214,salaried,0.0,9156.05148210247,0.929994190194205,high,not_eligible
55.30708758976716,80867.7143717255,salaried,5.58025062676296,8195.918529096518,0.6883689391563412,high,not_eligible
60.7930608164613,13484.482089516136,unemployed,1.9614605288795488,7898.205509599553,0.7446317580853645,high,not_eligible
18.939442079023,64410.20428403063,unemployed,8.228254603181824,5203.3532005093375,0.7432197078420807,low,approved
29.88305932352345,51662.93304262482,unemployed,1.9363820152000304,6705.252137417014,0.9450307591973576,high,not_eligible
24.611556805798813,33062.71242692134,salaried,9.653812664078917,12736.961112909048,1.0,high,not_eligible
52.189008176409246,68718.84509778768,salaried,2.017009084546348,6011.241947359817,0.8395550781462529,medium,not_eligible
22.18674241418561,47194.0662594023,self-employed,4.080432046522082,9925.903800545568,0.833117827680999,high,not_eligible
40.1648804257071,16658.154844462846,unemployed,3.2661408486648047,5135.896183160546,0.8570052163113181,low,approved
46.8384997906631,29395.7777529978,unemployed,3.1562505570155297,3398.7748815942714,0.966187830260819,medium,not_eligible
56.79454274855071,12116.294787769615,salaried,10.81611177729055,10646.09306163448,0.7572646865809426,high,not_eligible
27.79031809689264,37413.33393897335,self-employed,9.8070976912353,1803.7566378063034,0.8738368982734785,low,approved
26.14824270761153,52342.211520261706,student,12.04425944582562,2661.725750525887,0.9475197629782428,medium,not_eligible
43.13048182859072,15389.49194942644,unemployed,2.0145622881818075,5050.83354197874,0.9001094169939845,high,not_eligible
35.78808864547674,61101.61407067922,self-employed,2.1880664622000325,9593.756339107913,0.8689581616598743,high,not_eligible
49.96895133889142,57647.299373585694,salaried,12.024094383734983,4890.829134361347,0.950104609256714,low,approved
28.287498536139243,52559.43567133704,student,10.449799011188404,7058.861074426843,0.5796767707000763,high,not_eligible
22.623202360897704,48501.00354365959,salaried,4.36743727171603,3354.4071901705192,0.9177875319530908,medium,not_eligible
18.00914120778074,20215.002917173344,self-employed,9.06920895448529,1485.6482045119428,0.7845924316872576,low,approved
24.345139772439243,50326.68300057516,salaried,4.165101440856387,4162.546593422311,0.6669367103143543,low,approved
49.87948876537519,99087.84314445785,student,11.25530027633778,3682.7017783192205,0.901120259952498,high,not_eligible
49.87700668391636,83935.95024988704,student,2.808581163326786,2758.4806599302538,0.9873658545162958,medium,not_eligible
32.74080243023223,18111.741023229835,salaried,12.128556816704592,11188.917904177542,0.8362551485372308,high,not_eligible
20.83550390140012,12711.76453128917,student,3.8688083358935472,6843.479097907997,0.945287454720294,high,not_eligible
52.184679609697085,65522.82893812293,self-employed,12.985123784886031,4121.734889517233,1.0,medium,not_eligible
33.27033328525713,69215.33596073113,self-employed,9.702078885811304,2068.4856351199373,0.9814914453584048,low,approved
31.224295420344973,75836.30722291941,unemployed,4.167787022345181,3618.4887064482327,1.0,medium,not_eligible
45.74259486717576,57559.68726219684,self-employed,8.907882651791772,10980.76751629157,0.9242127491071892,high,not_eligible
45.70193161881375,67600.2255204009,unemployed,11.263747046792108,5488.101578258189,0.8575433638901593,medium,not_eligible
35.95124327102049,63818.60276206174,student,0.0,2330.98012551759,0.6898034188102831,medium,not_eligible
41.550453329602455,30072.756182849764,salaried,10.011849922835978,3400.1695480973513,0.8253937511870051,medium,not_eligible
44.88061773339651,82679.13135536846,self-employed,2.1082002455841686,1062.1834753349167,0.7656753404683808,low,approved
60.793429253156816,59480.334019088375,self-employed,9.783456793271515,4778.143445451149,1.0,low,approved
28.41083213617776,20411.95845881469,self-employed,2.0546791062650507,3324.3491911133838,0.8324114187567663,low,approved
48.76414897027119,91784.92926019338,student,12.609543283223555,5652.2876160467395,0.8623204806784486,high,not_eligible
15.595887752744238,22154.49135223512,self-employed,7.044664544674233,5874.777958246252,0.9051485376040468,medium,not_eligible
44.18448355235499,96791.97596720493,unemployed,8.674878063871157,10490.511209637552,0.8543602446372454,high,not_eligible
52.32874803302192,84634.15452285421,unemployed,6.860880781904245,2720.4060795977707,1.0,low,approved
39.31987385491729,12574.639365052111,unemployed,4.255386992554976,3988.5965987634613,0.7877350638265548,low,approved
52.19864808902472,21054.35080780072,student,8.450730401594114,4417.318026348096,0.8694607455237242,high,not_eligible
40.88604479288055,75800.56527715722,student,8.693050327772344,4077.4153745264266,0.7757529414301951,medium,not_eligible
37.56712367202951,90837.2526340912,unemployed,8.285065756377838,3431.868755629809,0.7179977488779294,medium,not_eligible
19.52720862954877,43762.263872865085,salaried,12.804044147788144,3419.512665842593,0.7888230909094714,low,approved
47.15348126496043,57835.71356332177,self-employed,9.250678478810643,13254.035514822735,0.8462963202951588,high,not_eligible
34.987379442838005,48401.79797115776,student,4.009636003867428,3955.3778902789913,0.807069777548274,high,not_eligible
46.985714653563306,81930.79504376778,self-employed,10.542080386931616,2654.773061699906,0.7807579020126144,low,approved
56.178409760039045,21059.72421794754,unemployed,11.29367364277322,11912.901800058675,0.7093682536328165,high,not_eligible
56.40346174030652,65644.97171173253,unemployed,13.72024746899261,2617.6669832094417,0.8416894427371305,low,approved
24.94259625872269,50160.56772926399,self-employed,13.779015839550844,2544.7901557210203,0.6995279625968998,low,approved
42.90897647071872,25345.090312165703,salaried,14.007405204505716,8768.05658874353,0.9260055963689602,medium,not_eligible
30.787430336310045,28852.089602628228,unemployed,7.752732554064108,3213.2206652758614,0.8582439752934503,low,approved
39.57390366479359,92144.54203295529,student,11.654632842178335,591.2348602122266,0.7042448500535069,low,approved
42.70606160420836,87952.13915145533,student,2.008649156230525,1863.9971748355379,0.8190790922950136,low,approved
42.858589454438,65421.030329705056,unemployed,6.77915895413521,5860.282608705192,0.7747843594409416,medium,not_eligible
55.391062545011735,65010.455520634496,unemployed,13.431493227797452,6883.928427207747,0.881917451041918,high,not_eligible
58.543777495601,23528.965242946902,unemployed,3.037419677630472,8568.338756038629,0.9840450446023143,high,not_eligible
53.99931006466146,59641.33877905427,self-employed,10.511765241017162,5325.818693118485,0.6624827530354255,medium,not_eligible
32.63818370448123,28541.54925923901,unemployed,7.580996887938413,9142.578674053988,0.8615026079147416,high,not_eligible
38.43439114137408,12932.788079625609,unemployed,4.125625630384439,5532.147485055604,0.833986720443336,medium,not_eligible
39.82849636595219,91181.0489216348,unemployed,8.301871527842996,2638.782029830046,0.9171340076450464,medium,not_eligible
29.565839345066195,55257.63734886775,unemployed,8.589480842597453,5545.753516284887,0.8713196628237689,medium,not_eligible
28.01371300844419,31434.50390708979,salaried,8.006881025030532,8915.938471666448,0.7748030668261181,high,not_eligible
24.654427365839787,57956.24333240435,salaried,4.79158728296188,7125.9052108732985,0.8180946064333382,medium,not_eligible
18.815519810982536,38521.818995295376,unemployed,3.0576529707043,6000.010582229449,0.770397414319651,high,not_eligible
57.242219179707874,38784.459840853786,salaried,6.127458643363891,6073.5566991092965,0.9576007138598598,high,not_eligible
24.5034532165556,53846.00588011422,self-employed,2.8767486081683864,7685.363789891122,0.8521311648671942,medium,not_eligible
21.683954714458032,44661.908253158486,self-employed,4.080685499817493,3354.1759653343893,1.0,low,approved
41.93237664136448,12835.55764058289,student,0.0,167.73955285543474,0.843933918618538,low,approved
36.5948039172166,76878.03701888701,unemployed,0.0,5862.95184891866,0.7791593233089537,high,not_eligible
49.38004152504445,90106.00069286433,student,11.058227921022327,1523.328387160467,0.6986285607387173,low,approved
38.07447861381272,39333.8979668697,unemployed,11.761799522888554,3874.747507331928,0.6696860323744055,high,not_eligible
18.988086725863944,76993.33077401105,salaried,0.0,3216.8518969837437,0.691586405699451,low,approved
23.894813897935737,41539.69400041487,salaried,12.20021012032847,4766.258165810301,0.8767126651011483,medium,not_eligible
45.5798955956646,60868.45994174915,salaried,4.675750942309635,9632.437218664774,0.9008725023229932,high,not_eligible
43.75196237723965,96279.81810894868,unemployed,10.544925547275966,6988.670108463946,0.6918809297967866,high,not_eligible
41.433870008754745,26954.793881535134,self-employed,11.299342428139894,6888.054223096932,0.9395038314076116,medium,not_eligible
23.57185932912657,42683.04265078472,self-employed,9.728054296603284,5620.391636539157,0.801693894831656,medium,not_eligible
20.11920912296362,66844.8348345201,salaried,3.185318518024725,10202.376220564616,0.864679301198555,high,not_eligible
45.49490082133125,29642.36381791485,unemployed,2.8220955212440746,1900.0726388707228,1.0,low,approved
18.114267145273168,17874.56531710608,salaried,9.712841529713344,3891.3475363854113,0.9396839315865532,low,approved
17.950118946959726,18782.6889860218,salaried,10.113129814827587,5714.229786047777,0.8231469352094167,low,approved
42.62288991204333,53186.27112099761,self-employed,8.982737324870985,6574.728991835042,0.7608807774584713,medium,not_eligible
57.19969865755142,86434.84133656436,salaried,5.860734859800823,5188.314698205656,0.6348184598670694,medium,not_eligible
57.79969709837152,82868.35417221142,self-employed,4.961200486819028,5810.5768704398415,0.7780846680757579,medium,not_eligible
24.0,29738.0,unemployed,12.0,3495.864416474688,0.8288869761172305,low,approved
44.66630875479681,57931.38979430985,self-employed,1.7742643667972158,3528.0453491004687,0.7512820472848816,medium,not_eligible
29.35812507827995,99913.71127424148,unemployed,8.498142172042087,3508.186311173004,0.8368743032907695,low,approved
19.21610668378488,18538.092454576537,unemployed,8.421852937916526,9379.65881700896,0.8576851882958768,high,not_eligible
33.01080753192569,55375.23323025752,self-employed,10.527097385101444,2649.80748408578,0.8275144018191921,medium,not_eligible
30.879983338893023,48651.67899232255,salaried,13.4844820957632,3898.6616594962948,0.784999741917654,low,approved
29.37038046383073,18710.201267551296,unemployed,11.356927024068996,2754.1435206849455,0.8668654671966728,low,approved
51.20132059536292,21732.06313996974,student,7.569459461404689,5829.634270553007,0.8941940649569409,high,not_eligible
28.293821998459748,53294.01618233541,unemployed,9.485087925113698,11993.040099858881,0.7409600922557154,high,not_eligible
18.775941136370896,81807.49857873746,unemployed,11.56613853906864,4127.008776485455,0.991093237974627,low,approved
59.89565829790305,13058.856369230958,unemployed,1.9836047696043853,6529.228447932941,0.8401411867715738,medium,not_eligible
28.76070777646396,49374.53110224869,student,11.154930467832214,1455.8157088325408,0.8518849622944847,low,approved
19.90200708324911,24370.88331231273,unemployed,14.305061178401372,5481.865362537197,0.9208214423256555,low,approved
22.40973653370221,71725.49548078251,student,10.693164127412135,262.2412875483078,0.8733216131263501,low,approved
45.17463441359478,79935.13528536918,self-employed,10.105383156181258,4801.117043401281,0.9453136633913244,low,approved
42.05620804215847,77279.24441572838,self-employed,1.7885072082107103,2514.2153291163504,0.8787124165201824,low,approved
30.779518261487315,85463.78924524675,salaried,6.064213266119968,5036.393108215386,0.7887562625359562,medium,not_eligible
43.89924960685055,80933.48896343914,self-employed,10.197341443023012,3094.0170429087166,0.8861503525206101,low,approved
49.45222171040092,79995.3480396832,self-employed,3.534924542632889,3483.2119760903934,0.7356273792679338,medium,not_eligible
52.95371037690876,79100.21368512539,student,10.29762407034137,3566.237571080982,0.8608559705776523,high,not_eligible
55.76863351974938,12848.04210327374,salaried,10.306210501045648,7272.239406679284,0.8466770009355539,high,not_eligible
48.40710339057513,44461.59670631836,salaried,8.943485895894831,4020.0820850391588,0.829188314272746,medium,not_eligible
46.2656093689936,64835.02056909202,unemployed,11.997466666689654,6874.606632067507,0.8371462488561069,high,not_eligible
31.988178934172,12743.813511694843,unemployed,1.0118817014186086,9667.086659154784,0.6618150954502361,high,not_eligible
47.679347881566414,90059.76796831135,unemployed,8.720785124335883,3845.4456563403596,0.7951275092259038,medium,not_eligible
55.933937730931234,31919.71081515911,salaried,3.99628164193964,9797.204956258212,0.8592844901141115,high,not_eligible
57.09592142955131,63780.2033079711,self-employed,11.085434282996813,3791.5461620424926,0.86598563919974,low,approved
42.58166560670294,13114.69672252907,unemployed,4.092944423825915,10581.89839653681,0.7472324859074042,medium,not_eligible
57.92230113188365,23342.47450798649,unemployed,3.2384907692831515,2103.9732976571213,0.97657078408647,low,approved
21.790861888429536,75117.10141812646,student,12.09568028832965,1786.7782052284088,0.7633825151785498,low,approved
59.64222219333228,24026.68393827735,unemployed,2.9517885141215,7833.880029112435,0.9469457200526736,medium,not_eligible
46.62547034257833,15840.877502486885,unemployed,2.056894720865813,7979.899155720695,0.8927194361871684,medium,not_eligible
43.18106100538551,41174.55864542938,student,9.338105392098417,1614.8601547242488,0.7853772690156197,low,approved
23.220567405274977,43264.59618586282,salaried,8.018554342951381,10413.819540941284,1.0,high,not_eligible
43.189799334697824,14408.812994911124,unemployed,2.078991320186353,3511.047273854142,0.7306363168243519,low,approved
40.0866633046963,76149.92305017688,student,1.850742124368148,1423.192306634706,0.9419154173610002,medium,not_eligible
20.625049875327708,38510.06194950062,salaried,11.909849617528025,3166.817635306921,0.9500582318042978,low,approved
39.56122906758424,62916.36892389904,unemployed,1.1039015651395852,7925.511290849698,0.7829379790923355,high,not_eligible
31.232789414399072,65010.55600869405,student,10.25653584261788,3209.7895391938578,0.9892465300064328,medium,not_eligible
47.10835849921681,21528.2666436072,self-employed,12.961200732310184,2744.5029940957465,0.8249953485401047,medium,not_eligible
39.66463583823679,88103.62491711689,salaried,2.9951539987240734,3824.579026374358,0.8788693629279857,low,approved
39.45795215789523,13046.535756962145,self-employed,14.008215987941714,8146.6936609294735,0.876032183877122,medium,not_eligible
38.03325933519768,60863.04932086381,self-employed,1.8781320062097573,4532.525202950048,0.8365691258529452,medium,not_eligible
25.987507941998683,48918.78654192469,salaried,4.134013399614541,3300.9688353284173,0.9310808273159782,low,approved
46.73879287484262,65356.58189852951,self-employed,13.31115361502134,5395.774687430947,0.9293488720552212,high,not_eligible
53.18968972698245,104503.69752958,student,12.215800537738756,5492.364798572841,0.6751468026761819,high,not_eligible
40.432318328194334,84731.75236844509,unemployed,7.710957734838816,2683.843580098688,0.9804340242878152,medium,not_eligible
36.37856467351292,39102.03688451867,unemployed,13.634391071828995,8335.354537093997,0.6837508011964325,medium,not_eligible
65.15460075568606,20375.98737621742,unemployed,11.083303498287124,13509.41670776467,0.9532546204341658,high,not_eligible
32.40807851411266,38961.68515177076,student,11.470179973100926,2825.162919571668,0.9626705136827584,medium,not_eligible
44.01318316392025,10566.991616924284,salaried,0.0,6094.595791675778,0.7409033569784802,medium,not_eligible
25.135694653233635,54189.49969461936,self-employed,14.07765659175155,1482.1260490353438,0.8089185712045415,low,approved
46.2909424143848,57857.36486084746,self-employed,8.353749171943424,8139.955441264833,0.7394295331514064,medium,not_eligible
38.84697322845955,90634.08416586807,student,11.249761235823724,2686.14092265819,0.8285078969711265,medium,not_eligible
24.74767481498852,53268.47850691009,self-employed,15.441685635295324,7396.898727793298,0.8191965715814259,medium,not_eligible
20.92745690887649,46087.954313709655,self-employed,4.211105962864199,5588.203770565282,0.927966053226934,high,not_eligible
33.850379879761206,58947.87675987634,self-employed,10.87435932876155,6534.219259924013,0.9810308746119608,medium,not_eligible
45.67632053690337,106737.3776494356,unemployed,10.10391704005266,6704.079244124796,0.9895683810789956,high,not_eligible
44.5310994422313,31202.733766099016,salaried,9.724967550276034,5879.816415829586,0.7937831973421697,high,not_eligible
24.78762391098104,66900.34523584766,salaried,0.9656586661777086,6905.459911290824,0.8290778126255473,high,not_eligible
18.02140863457533,18970.932572609712,salaried,10.467008028534492,7151.158354677673,0.6816561807779049,medium,not_eligible
35.273326388414525,38804.883381913685,unemployed,11.91120602885999,3672.553236302805,0.769412993350381,medium,not_eligible
57.74908124776917,81455.7141304112,self-employed,5.411664623134424,10443.192435554138,0.9464851633097456,high,not_eligible
28.90032639057236,89010.13274992566,unemployed,11.685866497451356,9167.739901569441,1.0,high,not_eligible
46.674243797409545,99289.96101350768,salaried,1.9228271452261207,6512.773775036901,0.7265651128120078,high,not_eligible
31.341794472688907,69778.61006757495,self-employed,9.657525018529896,10162.724429791087,0.7907535740847106,high,not_eligible
54.53829620509564,20619.402745222706,student,9.002574210083777,5469.369858386133,0.8473594243041073,high,not_eligible
29.197063470665288,95627.36862066395,unemployed,9.031175565450308,4013.3573623107477,0.8780161158819606,low,approved
39.637890737278354,89670.08146972627,salaried,7.879065133832742,12581.631929733023,0.7690396480078354,high,not_eligible
58.89865992982042,25793.9224856736,unemployed,3.0625899058092365,9245.102732452931,0.892406104446409,high,not_eligible
30.95322115115347,61561.363088148166,self-employed,4.90871309145926,3425.3191949753505,0.8026160652929084,low,approved
24.52968569603979,34141.23930249076,self-employed,2.9082544739428178,5849.540333867162,0.8485547729121721,medium,not_eligible
56.15425204350469,67283.04811181,unemployed,14.405906357135796,7559.551372286198,0.90462842480037,high,not_eligible
22.806585582356814,62526.01205303871,student,10.876300719794171,1545.9142938646596,0.8506422269810937,low,approved
49.55560507519579,29367.951600542907,self-employed,0.0,9152.93955673925,0.8063614109473431,high,not_eligible
22.475255509633584,71968.2693451712,student,10.266862184082482,566.2422649246902,0.8390390196074169,low,approved
25.785824166129206,55771.25709400956,self-employed,3.081089944835581,12427.619741494225,0.8411637040794664,high,not_eligible
43.01884981460965,78198.82804929311,student,3.065872337873956,3363.5871338952825,0.8129988970117872,medium,not_eligible
57.33638330218545,62634.60027285416,unemployed,13.049926836696526,1395.7541366251799,0.8241203937332897,low,approved
38.55488778084371,53920.19968719411,unemployed,4.263314687945786,4499.918379263449,1.0,medium,not_eligible
29.25935907223296,37764.21424728964,unemployed,2.071582188411605,6372.348798018409,0.9060919447941238,medium,not_eligible
55.60162107869008,59304.03601706399,self-employed,11.3403459514968,2396.7488750164043,0.820451968197084,low,approved
54.288934841477165,100133.11600242852,salaried,8.79065681338335,6015.423074812812,0.9196954404510737,medium,not_eligible
29.102419319028304,55025.18509522106,student,10.28594092645938,3607.209643121311,0.816618051024399,high,not_eligible
23.73454989051633,54381.87051445379,self-employed,13.3857280785762,5459.797355500338,0.967312463758664,medium,not_eligible
30.27295291985784,54962.14542318954,student,10.459727444478036,4590.222306365247,0.8869642192198094,high,not_eligible
50.552698117312175,21750.90471189603,student,7.701759568202603,1301.7480416023182,0.8392697855995771,medium,not_eligible
37.6094127569022,65731.66842035427,student,11.490728053486205,3947.328893889816,0.8947716925810277,medium,not_eligible
56.8174035540972,73574.12268254494,self-employed,4.826043851315912,5224.636504649636,0.69291238479315,medium,not_eligible
32.31302691141983,88114.68849109046,salaried,3.649860312250771,7127.446510216599,0.7373232531090195,medium,not_eligible
53.2417622307098,13858.132819906526,student,7.4322740101316,1518.5878899311356,0.7306074993600944,low,approved
47.46531148905586,59731.66431796486,salaried,3.3408955141879204,7822.567972347489,0.8642943094763706,high,not_eligible
25.26601188988268,41892.80286097487,salaried,4.393427252636388,5193.60591520675,1.0,low,approved
25.12564660392958,28942.84395569299,self-employed,5.036067247217045,3224.2008041746017,1.0,low,approved
19.032513564280585,43706.4208487444,unemployed,2.9976475432325875,12446.181423239856,0.9138051101440756,high,not_eligible
29.865248629353548,58694.751365346834,self-employed,3.121949515434609,8783.834106125214,0.9000844474944457,high,not_eligible
19.91620797985689,59162.00544182726,unemployed,8.08173390420401,3769.3842599118457,0.6698942265847261,low,approved
48.73180361282274,85072.6519051997,unemployed,7.153044092966884,7515.873115930815,0.7957326200265978,high,not_eligible
23.51815602651873,30311.47422668796,unemployed,11.963230381428838,6882.970013432818,0.7712216248091761,medium,not_eligible
59.71557361052883,81905.39092658996,self-employed,4.944712265827969,4786.583485668238,0.7879152401748883,medium,not_eligible
53.81084365383496,67821.8023870748,unemployed,13.133427154228318,7673.7101838162,0.833185618141521,high,not_eligible
33.04729488791123,81961.68484066673,salaried,3.939876145586012,4259.205173051762,0.8027909422302872,high,not_eligible
57.11972659999736,57807.659861313405,self-employed,11.47470903937612,4494.378918388671,0.6520700189624212,low,approved
45.60352974035929,20973.760466458007,salaried,7.0815275406976514,8243.603492838818,0.9247910256117532,high,not_eligible
33.73426466545523,64689.66483807818,self-employed,5.010791750891426,2828.326210486577,0.7427256974260193,low,approved
30.33980052436396,71038.00969912522,salaried,6.167583534243248,4303.984543494288,0.873924686411115,medium,not_eligible
43.1470721168898,84902.06937591826,student,1.81981705083535,2327.8365542839856,1.0,medium,not_eligible
50.73388802348016,18075.888493407965,self-employed,9.124168341420011,4237.86541775632,0.7580615408413576,low,approved
41.567435023262384,24491.95682123669,self-employed,10.422199449225412,2798.8999673950702,0.596971247725367,medium,not_eligible
50.73536992567136,101369.36778928612,salaried,1.7956953628311052,4255.799619768248,0.8213995778119889,medium,not_eligible
35.504584699602255,43881.10419162299,student,11.50255157425592,429.8808761206106,0.9600959634998572,low,approved
37.8567183738289,69983.09427686241,unemployed,0.0,5792.624234961568,1.0,medium,not_eligible
42.58748227405325,10166.25564992323,salaried,0.0,3167.5386640193556,0.7270450405547583,low,approved
32.87159907168272,83529.22262205987,salaried,3.898639325878155,4941.0798455498825,0.8996699223236522,low,approved
19.046303805726648,58356.27085847485,student,11.031014074582584,4447.824278540365,0.8034689543219946,medium,not_eligible
31.283447842618525,12305.46380608408,unemployed,1.0450572770281632,4531.239014622645,0.8394051645695864,medium,not_eligible
23.48267379359977,50189.43850493216,self-employed,10.65282721244471,4627.365368377731,1.0,high,not_eligible
36.08479275689479,69352.15751901739,student,12.1096228082179,348.3833993711239,0.6997029671604846,low,approved
39.20688237687544,72455.8766534636,student,9.89705747350401,2695.2937661077826,0.8753739661494573,medium,not_eligible
17.662034127520695,46405.78504681305,student,12.73246535483638,7137.534466548501,0.8967693171765433,high,not_eligible
43.386418700395936,73599.56717305277,unemployed,1.970647695127533,7537.013951498181,0.9585786324939348,medium,not_eligible
19.25136337787096,87157.43895634514,salaried,5.170098759649581,6503.915008753593,0.8597983153470895,high,not_eligible
55.59842170312468,26928.23361463785,student,5.737668323338086,2464.129464042073,0.8808050539504102,medium,not_eligible
17.467934615448822,45327.42144816295,student,13.19240091312619,1979.283417619817,0.8108351432578209,medium,not_eligible
49.99596894230826,82621.29906248448,self-employed,4.743813984100099,10561.20318249036,0.8769126941245107,high,not_eligible
47.66279031957924,66120.84152175538,unemployed,11.046314662037632,6336.125176015201,0.8156807724502589,high,not_eligible
21.15761349246348,74226.1571281524,student,11.253460631749814,3417.432734889127,0.912157188985605,high,not_eligible
47.41590461234061,63903.45103159049,unemployed,11.27228062481616,6412.057335993143,0.8130389663956366,low,approved
39.54658539625475,59466.65157136016,self-employed,1.0110462455762153,7487.492876846191,0.8877100393902186,medium,not_eligible
28.0,50818.0,student,12.0,1495.3313892114652,0.8470737186315022,medium,not_eligible
43.3091066085708,41856.374211358736,student,8.564724296082254,1374.0315874304174,0.9626050250772168,low,approved
44.347991455771485,60803.0018510183,salaried,12.121088996892034,1573.4318983730498,0.8448606276411513,low,approved
41.46945156391179,12595.56450368354,unemployed,4.069624554821291,5850.66237693676,0.6726967531793118,low,approved
36.87211659042335,69630.30999386989,self-employed,0.9781610394029608,8309.34128802636,0.9761921500713991,medium,not_eligible
46.20752352293679,63608.905768879566,salaried,11.813105344816574,6517.398482329548,0.759426769913738,high,not_eligible
41.03330991769542,30153.143149058807,salaried,0.0,3614.644388636334,0.784623366135118,low,approved
54.19264830798392,97221.80836355253,unemployed,11.670820246936442,6021.6830197501295,0.7904338705956507,medium,not_eligible
24.044257948988992,16209.181582932406,unemployed,11.36513629581713,6174.439522891777,0.9874438093170818,low,approved
43.309120904796735,30761.19512022493,salaried,10.057275178315358,4115.13678759354,0.6364325786021304,low,approved
41.421328224186944,83785.3157974067,student,12.196589550916531,4164.551500873356,1.0,medium,not_eligible
29.701904327066977,14584.006917594186,salaried,11.996612267061058,8295.17951045939,0.9556056809066052,high,not_eligible
57.14091112747872,59659.64913780105,unemployed,15.346380931232371,6989.0160234709965,0.872323891412916,high,not_eligible
54.3446061759767,12864.629591746789,salaried,10.565215915770738,2984.269401911008,0.8445105999383713,low,approved
43.499691085012174,20787.36844348961,self-employed,13.726102479476475,657.1282795008607,0.8785554074857657,low,approved
45.38006439371444,80025.62869739345,self-employed,3.989796396467405,8673.769710860553,0.9021122428379338,high,not_eligible
32.147843587423445,43901.42027886421,student,3.780920316185488,2110.265717054992,0.9145215585950056,medium,not_eligible
57.43161604922469,11999.09108766976,salaried,10.264144183659363,12635.706978833932,0.9055604466003448,high,not_eligible
38.17330892071191,12605.26474517107,unemployed,4.294208719869651,2235.5285961288478,0.8589580681255249,low,approved
43.29466814670622,25281.79092409373,unemployed,2.864134858464403,6355.538106022545,0.8302661579692674,low,approved
21.730933443929032,83873.929446199,student,10.79323484492037,868.9001724851538,0.8348726716346488,low,approved
40.45173184596442,76166.51139446949,self-employed,11.78242658290787,2673.893507114999,0.8305091719647318,low,approved
56.54957136801523,13397.482440199983,salaried,11.308570706953056,7298.557674279776,0.9633770096867064,medium,not_eligible
55.07515140474735,12463.424042505883,salaried,11.2301287756836,3683.909805844855,0.9093556722280862,medium,not_eligible
44.58739270600283,98593.96288566884,salaried,14.469254301269356,8474.80231534013,0.5559611365335719,high,not_eligible
60.21351733089961,78485.61801949938,salaried,12.539110946103085,2418.9787255716496,0.915590077652976,medium,not_eligible
52.85851031539424,11345.477376331775,student,3.939610914126345,622.7016574448211,0.8694736194718775,low,approved
26.270991745363578,50152.90921347001,student,11.473483999944584,2429.5233694576073,0.8481291243554102,medium,not_eligible
38.26655726606138,16061.30094045309,unemployed,3.1124553313863013,9304.849737950732,0.8111481546911113,medium,not_eligible
31.746517700062565,80542.21045984511,salaried,10.089027337320166,5169.023276948227,0.9624112719986012,low,approved
20.873107623088323,17775.954270245547,unemployed,7.517587661888777,6851.970721868864,0.9447526462122856,high,not_eligible
31.162529910446043,55716.613180111344,unemployed,9.170483687855924,8805.314987398608,0.772712233217639,medium,not_eligible
56.42372701202216,99411.92106485728,unemployed,9.43956179250624,8080.71559240303,0.8907052287124535,medium,not_eligible
34.05661297101225,16627.098873093506,unemployed,7.543574956073407,4461.855906240843,0.7528343265458713,medium,not_eligible
26.3090158841366,55212.14748118885,salaried,4.829164075650263,3999.72142304281,0.7120381835211069,medium,not_eligible
40.0,90623.0,student,12.0,2577.938781163183,0.7873282775410034,medium,not_eligible
37.49073845202359,76101.36997484359,student,4.477293934399109,3531.9245234505247,0.9362393472382758,medium,not_eligible
29.18132846047018,28821.32336814172,self-employed,4.87100542596666,6509.477951016889,0.9453125045376086,high,not_eligible
42.18874734002209,93068.3959524476,salaried,5.081459487207232,5365.337343742755,0.9013085420097292,medium,not_eligible
40.48298877674637,30149.592015414404,salaried,0.0,1316.2933332383784,0.9225095786847995,low,approved
25.514644874391955,63485.22475846266,self-employed,2.0346529443642005,6556.339265497422,0.9016178287114958,high,not_eligible
45.17780544788576,78497.84939774622,self-employed,1.960165584061,9585.304917223071,0.7858518404777047,high,not_eligible
53.2187474898874,99301.10023057432,salaried,6.961724254304946,7568.244486449028,0.893192254467394,high,not_eligible
40.22702654048354,32485.843957676138,salaried,9.82290105003841,9598.675239857457,0.9300409525227682,high,not_eligible
24.714698064678245,31433.77650852009,self-employed,3.1140891979683785,2048.1461552333203,0.9254291329813574,low,approved
31.997700715789342,66610.86603387738,self-employed,9.928498171579747,2495.0661108898685,0.9688913371474644,low,approved
19.222095906807155,78256.05987385746,salaried,0.0,4109.768945322503,0.9208303847201064,high,not_eligible
53.56499961447386,16732.03616100238,self-employed,9.723227110542492,2176.008767555827,0.8851448207541582,low,approved
55.18832629760302,68617.32738672338,student,4.114736517574944,3730.1893330675603,0.9570150238316428,high,not_eligible
22.90121966813393,39583.55755187277,salaried,12.987855293261225,3821.885308603804,0.8473478740750939,low,approved
44.00168737847161,93490.42198152465,unemployed,8.149590422371402,5889.931794661278,0.7618125348772282,medium,not_eligible
44.33451330020957,34731.03183103922,self-employed,14.20927667423618,6673.897033292385,0.8336933036056235,low,approved
22.8748061977181,43621.98212655887,salaried,8.367316335056373,2711.339005010981,0.7755097355193551,low,approved
19.35497352543789,44089.5028653838,unemployed,3.256097198561301,9069.265353425882,0.7824821725025618,high,not_eligible
26.38903699556442,40427.36888311153,unemployed,11.780734535055595,5586.772782470193,0.8355481329284482,high,not_eligible
28.39253963605787,63024.9815413845,self-employed,4.640365185371595,9004.05346618071,0.7707580079000038,high,not_eligible
19.383248100468933,76733.29319241532,salaried,0.0,13307.75585787204,0.819203847036096,high,not_eligible
18.47254772120899,12191.710876781784,unemployed,5.86165889487445,9496.360672625295,0.6606385333046214,medium,not_eligible
23.0267723632576,16087.738081910957,self-employed,10.73783245382294,3662.7726597634273,0.8713293707372939,low,approved
19.767291300218687,81520.2433757685,salaried,0.0,4360.95276479065,0.8501205475362223,low,approved
60.273513021846576,12950.287429657075,unemployed,2.053231128413407,3284.679147406948,0.7682911368931808,medium,not_eligible
49.14433873851899,82135.33746702244,student,14.363166375227843,7699.024166259193,0.9159245668432404,high,not_eligible
25.81435875896668,39999.64868137713,self-employed,10.767027564759848,5865.878298364154,0.943757013762656,high,not_eligible
45.26955402680624,60340.04412388994,unemployed,6.029809497866442,6961.206366401539,0.6892440135631026,high,not_eligible
57.116951519822486,99498.40640184772,student,7.600098923242519,3492.4613705164597,0.7737275221433786,medium,not_eligible
28.08346521775159,45460.39039574125,unemployed,1.978665201144648,8546.081989665588,0.7730857650212701,medium,not_eligible
39.53770029416893,47501.878897464565,student,11.403962536760243,2011.8096804442362,0.7560096898891135,medium,not_eligible
45.49978916343024,61537.43038582683,unemployed,10.26800043831633,6421.062401271527,0.9329474841931747,high,not_eligible
48.64376576862303,17910.59852938007,self-employed,9.884279562667164,4231.924106919769,0.8306173861227196,low,approved
47.44841585552095,30915.102498843364,salaried,10.533323569424082,5544.34930558282,0.8235485158689388,high,not_eligible
31.36207662902761,11734.20348609964,self-employed,6.311716924279808,1666.7414026267738,0.6496137635593247,low,approved
59.16437999809711,22402.206808639403,self-employed,14.54980452078707,1572.5807511413184,0.9135418030209226,low,approved
58.27727860675751,24064.851408756287,unemployed,9.49718010093395,9259.34589445424,0.7260741605146527,medium,not_eligible
50.69559465511344,14186.586109476544,student,3.99097985318788,6907.633794120082,0.8559932630266328,high,not_eligible
46.18003253078478,20844.908613557312,student,8.14212202411094,1774.4928024778105,0.8777376937958191,medium,not_eligible
50.022714736072096,86817.52390068122,unemployed,7.624609858103099,3335.6513268831,0.9860658595838652,low,approved
52.5963359089558,60302.940368561816,salaried,10.945558810086776,3946.4142550518354,0.7191179600880888,low,approved
30.248567385752857,57416.67015316368,student,10.012524918378269,521.9388208399508,0.5480487844179174,low,approved
56.99956202144787,32625.471597537995,unemployed,5.231812608526837,3939.9565362826274,0.8683849544753695,low,approved
18.94096501524132,13814.756189904178,student,7.571436672123206,5619.895382322937,1.0,high,not_eligible
17.850536533621405,36484.77342272965,student,13.57035270989884,222.68617354691295,0.9738946352939436,low,approved
34.47497949369333,47933.06424786209,student,4.244081589262193,1501.823165681883,0.8709659415274625,low,approved
39.74352468148703,13004.956027136404,self-employed,13.40457512814727,10425.945111636662,0.8008363814367953,high,not_eligible
25.25358542303412,78226.40124907192,salaried,6.811400442830094,3560.9702583974054,0.9307122596637312,medium,not_eligible
42.21977381502605,15589.218513031983,unemployed,2.0944371232706755,3403.5668246098717,0.7526453800295532,low,approved
31.529221175388308,86295.53612666778,unemployed,11.066883883510313,1964.2832074841263,0.8976357769356219,low,approved
21.0,61407.0,student,11.0,631.7906617158137,0.9005470159166626,low,approved
33.39472919880373,34034.42713339554,unemployed,6.329799665684549,5936.633376347134,0.956020990749888,high,not_eligible
47.012562544072026,16660.905893824023,unemployed,3.74531585164244,1438.666982446598,1.0,low,approved
55.62410588020001,56922.10701383882,self-employed,10.195597732306702,9739.867417623343,0.8892415967178767,high,not_eligible
54.33451358618762,13540.071538260989,unemployed,2.063277068231055,9376.736398966754,0.7991036374292501,medium,not_eligible
56.414490477534976,57069.12527923489,self-employed,11.214541561894183,7485.370967507594,0.8474425687808005,medium,not_eligible
46.17172618232663,22785.949073848085,self-employed,13.24651887817641,5352.416676832505,0.6730924095110882,low,approved
39.72979859059785,79991.96704000476,student,10.6296368500396,1595.6058194446882,0.7805286868910941,low,approved
25.41487775847377,45691.25420699892,unemployed,1.98758912820736,2418.9606096977623,0.8090717561886895,medium,not_eligible
17.244852994258483,54216.96115020586,student,2.0705742466064727,1872.524820587143,0.7975911602065408,medium,not_eligible
47.2370545453494,77222.19569676275,self-employed,3.585409634271821,9458.832738731218,0.8652354872033722,high,not_eligible
40.19748064504288,97594.33096965548,salaried,7.800864756197096,7663.488541662256,0.76775800676178,medium,not_eligible
41.221788600511054,74069.25375454225,unemployed,2.018242077641952,7404.033116512773,0.9621030667324472,medium,not_eligible
50.48284827655154,27880.686522802847,self-employed,0.0,1562.8955263268651,0.8500207064918197,low,approved
26.18085210656784,44976.95936619057,student,11.917342758705956,3557.411188073766,0.8490699678861385,medium,not_eligible
54.03517736324794,90273.36580138374,student,9.669007060336416,3641.710079182725,0.8172105283487082,high,not_eligible
55.67917834892959,100122.42668924706,salaried,6.677239381730202,968.8143293551359,0.8655190683858979,low,approved
38.95361912460628,72925.42766038008,unemployed,0.0,11333.149166436257,0.9325098264667636,high,not_eligible
36.31225056870516,35878.5340904575,unemployed,11.590638048889426,4416.864475379811,0.7632869784289099,medium,not_eligible
28.79778770465711,90140.80230786164,unemployed,10.396019349599472,10159.526377515207,0.7841883510924743,medium,not_eligible
53.60345446943218,40951.99306661888,student,8.607947013026758,2142.004859902825,0.8196273971223336,medium,not_eligible
59.84435996358905,71460.28782533733,student,10.151866424966592,3441.2955155210507,0.7154129076526785,medium,not_eligible
33.37819578735282,50204.78811253324,student,3.6822228851319214,5443.086272867338,0.7680742140278503,high,not_eligible
58.47789604520451,15015.705961189826,student,7.543363826943024,1905.797140638127,0.802377912645534,medium,not_eligible
28.633428271028208,30355.210749321413,self-employed,4.87738457388511,7570.813016291799,0.9374389180712728,high,not_eligible
45.14995083588186,67262.33866162846,self-employed,12.723398694184684,2119.1156864679756,0.8762561329001924,medium,not_eligible
33.69764113162152,45403.87800849124,self-employed,10.642938396222952,3870.769772021632,0.8693589911367544,low,approved
19.958813870668845,57245.10904201602,salaried,7.781718029927792,5984.494243952395,0.9350897962167972,high,not_eligible
18.15285720241,66769.3256463035,unemployed,7.945971540055333,4558.500925195983,0.8362628211600603,low,approved
27.15849941857713,34653.805309745745,salaried,11.449294817919618,3850.982042761762,0.889046484992889,medium,not_eligible
38.3985885808342,51583.80458414734,student,12.185291776371333,6568.258604950738,0.8396778247067503,high,not_eligible
52.43690702684735,100224.66904761428,unemployed,12.038430978868975,6072.453145524966,0.8765362349399628,low,approved
33.23085572576444,57333.255935388006,self-employed,5.710871762097488,6295.070454384561,0.7917241342388418,medium,not_eligible
43.0914955917153,9482.522208072469,salaried,0.0,9921.171250030284,0.606118284172357,high,not_eligible
46.95776815135335,58951.96643777876,salaried,11.612554949475111,7801.551436042833,0.8365720837813696,high,not_eligible
22.05715735001883,48961.8098925261,self-employed,12.058804195283129,3402.427625549792,0.992274813609994,low,approved
55.06345471748258,41291.74157760954,salaried,6.1912060174423225,1378.4377849952045,0.9426215402241592,low,approved
40.77846738302601,71168.41379969305,self-employed,11.45490710875936,11071.34873548389,0.946539748459117,high,not_eligible
39.21853381429143,57261.94979175379,self-employed,1.9365360957609328,4357.145008371799,0.9736130721806218,medium,not_eligible
33.12559653535992,47233.562097458,student,3.755321459870162,4128.637157211466,0.8588657590961437,high,not_eligible
36.624257281210895,82992.9509422115,salaried,13.016010693221414,7259.515485484738,0.8697315707405595,high,not_eligible
48.25765639548161,48052.66738171439,student,9.18115278984692,4921.387600763613,0.788234810456565,high,not_eligible
33.40435020383156,11811.42584597244,self-employed,6.336272334616494,7734.00796778831,0.818392714397295,high,not_eligible
41.04546327335773,68127.24695526052,self-employed,11.788377720919462,6790.088509287551,0.911577114977114,low,approved
43.87496481175904,85885.87293821054,salaried,3.2361422139586966,4226.562398416296,0.9703884437168816,low,approved
39.771269930007854,15486.276313953504,unemployed,3.1684584094718207,8940.069234294951,0.8360553724319,medium,not_eligible
30.81891746404684,23240.94857184279,self-employed,2.101454005118962,6610.088766515913,0.8049810735148588,high,not_eligible
57.1624342805078,61530.54470361398,unemployed,6.32404068062911,5443.5148751906445,0.8500527958856597,high,not_eligible
50.86115395324333,92012.09745256936,salaried,2.224933281268935,2578.6746171053096,0.9101206748929116,low,approved
28.50532365664026,77945.51928574636,self-employed,9.237847819964852,3548.0460121184638,0.7056145183866458,low,approved
57.69347839359139,79222.64144271337,student,10.328464633784924,1716.458134889075,0.6203819046862762,low,approved
17.8586553263076,96991.81600085978,salaried,11.639651492095725,3364.5097670589726,0.7949463150508416,low,approved
43.77511986660892,76115.33792267705,student,8.598941371828005,3362.4292737675232,0.7279287574085841,medium,not_eligible
54.52971946496052,12786.927428752691,student,7.343669442078765,1368.1817200111493,0.7991859802352689,low,approved
25.69282452311279,57027.8040115954,salaried,4.318893955748015,9557.63326283202,0.8352219681182528,high,not_eligible
24.77534862268324,45203.52652662296,salaried,3.80283329787176,6755.347849568969,0.8046751590976986,high,not_eligible
52.9843224608106,52647.02617301475,self-employed,8.306587528596197,6778.870975832076,0.9952467534470746,high,not_eligible
23.846344715204143,79969.99363445705,self-employed,12.56235710433353,8204.532600300325,0.882674476460232,high,not_eligible
52.120239850804296,14466.005508120048,student,7.30875998632958,2201.662220622997,0.8800474359610828,medium,not_eligible
54.93571798150955,90055.6874744779,salaried,12.214931803690185,2945.6052032267467,0.9122207144043402,low,approved
50.50246620781596,20459.3157043687,student,7.512936959610346,5465.054960986616,0.736116688221923,high,not_eligible
51.04617211146511,92885.4323840231,student,8.292132506809095,2470.022301598444,0.9539111787420268,medium,not_eligible
40.57330751905973,73845.3770842823,self-employed,1.0417683461374847,7896.3124004152905,0.842423571346454,high,not_eligible
22.125531033113308,47618.63904558135,self-employed,3.977211649768912,6456.795877584662,0.9170480617241212,high,not_eligible
33.322347589800714,64403.153198155575,self-employed,5.072111928305377,4592.015153986028,0.7428142766959844,high,not_eligible
42.178710191958245,60270.13382140052,self-employed,2.028021793558315,5603.793329975975,0.6946241233983935,low,approved
18.104300694810217,22003.54317499977,self-employed,7.835345689855571,14991.94193842169,0.9317889658025028,high,not_eligible
56.95190887650115,32240.659933777213,unemployed,4.7660421799647885,3278.118158350215,0.8876409526097516,low,approved
45.34599046757907,20695.58182775914,self-employed,13.892391011199589,2650.9053275435235,0.759794844564249,low,approved
42.23196227790371,36353.64041876404,student,14.348968137772268,1228.0291608391933,0.7630336918725306,low,approved
34.825753317302386,17347.406039179106,unemployed,7.568768539045738,3891.1501415824214,0.9625434784414768,low,approved
38.635977622705546,81244.53509576691,student,3.931441228896955,3717.544343297849,0.7310588107132672,high,not_eligible
36.60844863438972,63219.23261261243,student,0.0,7563.217632930535,1.0,high,not_eligible
17.0010103650622,97599.86716571922,salaried,10.821566764987155,5915.592014811252,0.7599379265352131,low,approved
17.92104779190981,38093.96395249912,student,15.106157674961327,6438.8265310150855,0.9138391925608382,high,not_eligible
55.26818740027373,100432.33040013391,salaried,8.980467602848348,1890.7015405771244,0.8171381524251016,medium,not_eligible
59.7558821344919,51673.716433288726,self-employed,0.0,2770.5170941972274,0.9103187431082342,medium,not_eligible
49.750364685373945,88755.1835458503,unemployed,9.253550238556729,3728.281585606682,0.7955885997885808,low,approved
59.56182112092587,39028.27857725984,salaried,6.318943309933517,5261.557104623396,0.8337207093927705,medium,not_eligible
24.701897493220297,53255.94359324263,self-employed,15.230461461549812,5693.442573582438,0.8540919175395721,medium,not_eligible
65.26947747747376,51734.47407524945,self-employed,0.0,1715.5439523162083,0.7497812544218527,low,approved
52.22047272657526,94439.64337263384,salaried,9.164094468637192,3299.628613159425,0.9240824345420126,medium,not_eligible
27.255730393050648,46589.87731960072,unemployed,1.9842826912704832,3898.1585520018803,0.7986786433528414,low,approved
54.99866564408168,72165.40583858418,self-employed,12.30235511343858,6530.305804203146,0.8271400084659981,medium,not_eligible
18.632305881594093,69543.21530293216,unemployed,7.294373497957904,6866.394966066765,0.7505650625391488,high,not_eligible
17.672325616191213,24955.669311878675,unemployed,13.453202189358189,7487.064982950129,0.5937666341204689,high,not_eligible
29.701651107349285,84793.73885689808,salaried,5.86301079911041,10457.751838305823,0.8308972237399831,high,not_eligible
19.860692078616097,20270.46261641624,self-employed,8.271812431383681,1399.2207639056703,1.0,low,approved
20.61697817620791,60500.140057442346,salaried,7.936436766699668,3943.199210190412,0.9284604287898024,low,approved
59.09875025829815,56424.24568082045,self-employed,0.0,5138.583340139556,0.8480739620265605,high,not_eligible
53.89641835973496,66898.12440702476,self-employed,12.580900873833226,2157.830215111388,0.8237109170791732,low,approved
38.18345894924128,65656.09788099967,self-employed,11.812177101536012,9715.22523410988,0.8522465892812047,high,not_eligible
51.8634334824586,63167.41139096574,salaried,2.045940249499276,5422.859133698148,0.904711911517521,medium,not_eligible
54.619929659724725,94710.46167618904,unemployed,12.230467823567205,4126.638155872429,0.7319187184691155,medium,not_eligible
51.77763954358987,42834.49961183378,student,8.514337879609858,3483.0729713346473,0.9614321694668873,high,not_eligible
55.654847239308616,102884.75463626576,unemployed,8.363988005446474,7034.843919631875,0.9215381315441245,medium,not_eligible
19.114212914508546,82705.08666077066,salaried,0.0,2617.3167653271216,0.9218185725707936,low,approved
16.76167893924473,78034.84989285137,unemployed,11.020649956578657,8361.172284756605,0.8938475738809727,high,not_eligible
25.18817165953972,67699.48794435465,salaried,1.0399469775807508,4475.7189692935735,0.8519616657693989,medium,not_eligible
56.0,39592.0,salaried,6.0,4631.010972616952,0.917286123596682,low,approved
36.5212427266677,59528.75004237453,student,11.925846606252634,1786.7139441874526,0.9091814133741378,medium,not_eligible
51.54421656027783,50350.66601810453,student,12.25166923633516,6111.210738480966,0.8145959289058976,high,not_eligible
49.55337729151757,66295.42389303878,self-employed,14.029338591497435,5130.628741605364,0.7926398227103099,low,approved
21.10400750185121,38707.41279151803,unemployed,2.804636157421146,3179.673089819832,0.8601856295261987,low,approved
26.653508988613115,14314.090707270352,salaried,7.367966873239855,6257.215802899811,1.0,high,not_eligible
18.966755628874704,42739.01483262713,salaried,12.032990982306064,5456.190887744404,0.7260892924346098,medium,not_eligible
58.51627021195607,79052.83106832545,self-employed,4.874821977930687,4557.774866328848,0.703247473424756,high,not_eligible
50.44181840477189,51392.98840676813,self-employed,9.04988059900845,6881.196016624074,0.8664760841236516,medium,not_eligible
54.0,46212.0,salaried,11.0,4501.167010125597,0.8550887701856018,medium,not_eligible
23.38570328669948,84182.08952257066,salaried,7.304977088540659,1734.5306644897696,0.8673341664370408,low,approved
39.29523952682312,32292.71453208601,salaried,0.0,9666.364933086104,0.8743953197908501,high,not_eligible
44.986532140251306,31515.24032039364,self-employed,15.13549857449399,12840.2046906038,0.8276797745365194,high,not_eligible
24.36802200788636,64911.38861463053,self-employed,2.022975567261218,7630.719829465174,0.9989863438602082,medium,not_eligible
54.29519611291378,91846.95740202491,self-employed,3.967012116485598,4802.467219444914,0.6899096021523484,high,not_eligible
35.26112842025715,77870.95204930652,salaried,4.05819859258076,4363.573958251897,0.7671502975219754,medium,not_eligible
54.67468027504807,21789.609681577967,self-employed,14.294581971526243,6110.541381048462,0.8396745239850952,high,not_eligible
58.25159256811734,17361.098841841816,salaried,5.040541705919747,7982.92271923443,0.6856811188845833,medium,not_eligible
29.24407008525909,88190.717968949,unemployed,12.413089723325736,2900.126881197063,0.8324145595567929,low,approved
62.16281683218596,101464.88278686989,self-employed,4.410655603341444,10849.49814836204,1.0,high,not_eligible
32.27977720297424,91860.59968236196,unemployed,12.036781540629836,10924.037395328709,0.8520886488295961,high,not_eligible
22.735855022905326,49182.709896975255,self-employed,11.95706483860072,2414.056868934407,0.8730700905718684,medium,not_eligible
42.54522597833844,11964.517048952968,unemployed,3.938384364339123,7719.264259123132,0.723983523482742,high,not_eligible
32.71728882569536,54356.53233574711,self-employed,11.767135059125016,2807.8408051478477,0.7883638591960522,low,approved
38.0,77270.0,student,4.0,2295.413427093011,0.8124803619676063,medium,not_eligible
21.82308936645376,79967.47568429392,self-employed,13.303961614866113,8054.962296924427,0.8182284903243766,medium,not_eligible
48.938384715883146,46538.34030382018,salaried,9.101123405493905,5226.300659062547,0.9781643795003768,high,not_eligible
53.77648451490392,61213.79390954872,unemployed,5.4982941316524006,4960.784103470944,0.9057691060725124,medium,not_eligible
18.67372520750061,19605.58027296808,salaried,10.275810333155013,5103.2705741952395,0.7388542043062968,high,not_eligible
33.72330324477099,57189.69161938276,self-employed,1.9716712569869657,10903.712623751882,0.8746504778432005,high,not_eligible
26.86937867131161,83128.58255175113,salaried,7.50292053978236,5181.489003024186,0.8998221748496785,low,approved
20.968800356070943,66457.07328132099,student,10.60827204001095,645.0329239937671,0.9640149038521266,low,approved
26.14467636021124,33113.210801317386,salaried,9.03805866817966,6056.49465087768,1.0,low,approved
39.86410076734012,64221.08811341503,self-employed,11.58148099904096,8686.679361561548,0.7484905808172131,medium,not_eligible
50.67035144201752,17165.84376633025,self-employed,10.046306633847678,1869.536672486883,0.7689142488789662,low,approved
49.84401110327856,31288.600330293848,self-employed,0.0,6770.699962249823,0.7242422141085383,medium,not_eligible
34.06983829562508,62997.80784263818,self-employed,5.095369745736653,9171.899074372506,0.8265980140893019,medium,not_eligible
25.75164657621358,57326.04654574051,self-employed,12.526543527963623,5719.523918021388,0.8966358374446335,low,approved
59.75397645440403,83088.44016496262,self-employed,4.109523950164646,8777.143441682758,0.9487334516589102,high,not_eligible
20.857910053298944,71777.63955145466,salaried,5.789030962548487,2541.3789853352528,0.8424048976357477,medium,not_eligible
28.80265843326395,20806.901110424064,self-employed,2.1368026720916373,6943.3477962322995,0.8180152476745156,high,not_eligible
54.32714039833421,17449.6756954813,self-employed,9.19920459135334,9696.925538409254,0.865175799224874,high,not_eligible
30.487086985920733,16816.163671548653,salaried,12.222901666605114,1956.813588186586,0.7664857098369977,low,approved
33.78572064401008,32157.90495698057,unemployed,6.78161536874333,7351.146625632855,1.0,high,not_eligible
19.838992444323686,26791.81567404921,unemployed,14.604490044369632,5034.73921547361,0.6892338972881941,low,approved
59.2455044902817,81165.23278196604,self-employed,5.01364500752662,6297.28264936212,0.8684740578895724,low,approved
22.7380677494993,81118.08453851749,self-employed,13.625732932709596,6364.059717601265,1.0,medium,not_eligible
34.89822219845459,57119.49699389657,student,12.16220968857746,2480.5487016177944,0.8506799844559998,medium,not_eligible
49.225974511944656,65605.80955363248,unemployed,11.368617472177611,7111.655121523878,0.8309960964998505,high,not_eligible
35.86807572109505,91563.80946182473,salaried,8.089365996744192,4981.147892343508,0.8142554577189572,low,approved
49.39905648007947,26544.44208557841,self-employed,0.0,10069.542255544142,0.8319608318237592,high,not_eligible
43.17176146891168,32815.37444722179,salaried,10.229761948098034,9837.847782017578,0.987284847467653,high,not_eligible
50.7149786039086,94808.38754654254,student,7.994629811288937,6397.29911006717,0.6288138088670493,high,not_eligible
18.746605885723163,12326.326781235535,unemployed,5.795578616662855,7709.324344929451,1.0,high,not_eligible
56.45871017183414,16495.10234771349,self-employed,10.694865311803428,9379.659041388337,0.7076042847549855,medium,not_eligible
52.741511942014114,28822.70293290288,self-employed,0.0,8668.494083228261,0.8233347670765585,medium,not_eligible
58.94007513056957,86207.52417216738,salaried,5.87488645206459,2826.4166901922435,0.8070755579701338,medium,not_eligible
30.606169731274992,58290.44859293642,salaried,13.601830655779636,1091.4629474022877,0.908855326977072,low,approved
49.21690824353493,96957.6699573886,student,7.178166516911072,1739.0994640874837,0.6901875648116252,medium,not_eligible
22.0,73208.0,student,11.0,5521.402535860769,0.8962172666081942,high,not_eligible
24.97742407444625,15460.298799981065,unemployed,11.166877582218504,7008.356532395499,1.0,medium,not_eligible
23.27490397182397,71796.39851936074,student,11.094176779623693,1597.3219232445822,0.7136825995407189,low,approved
29.50892016322502,12634.21608147168,self-employed,5.8141820600169805,7472.023053515507,0.8689706167610396,high,not_eligible
30.76123255783872,59679.4307478034,student,10.001986193930112,1266.4668699608087,0.783801782220339,low,approved
36.36368532171746,79091.03014798972,salaried,3.7683719312250856,4363.342939803455,0.8925887206193035,low,approved
53.15394154659618,16294.834268873788,self-employed,10.238083000293404,14112.811376165671,0.8519147777415752,high,not_eligible
57.525022651262034,64408.25098412028,self-employed,10.592470603587303,5004.507318504668,0.785851309095569,low,approved
45.180737597591005,60695.62618583735,unemployed,10.635538764180396,4265.250910911891,0.8987872284871073,low,approved
55.02657089115316,100521.2408747311,self-employed,3.9990017345764737,4649.612040433331,1.0,medium,not_eligible
44.29091335279989,89491.42804180818,self-employed,14.505881259517352,2971.0250455854793,0.8309096208272702,low,approved
21.06250910433239,40364.91800890672,unemployed,2.8491820993004207,10366.307026439352,0.921975794214818,high,not_eligible
46.30134113776676,31341.23031765132,salaried,9.578671337951755,3884.521245835741,0.7206727042128835,low,approved
43.40782309288886,63594.76171849088,self-employed,8.856449054716697,4379.621436687603,0.7543563623181991,low,approved
24.742566547158155,32617.90658901252,self-employed,3.062866383427928,4942.571164820249,0.8972406277880377,medium,not_eligible
54.78421570453798,30264.37460803084,student,6.032889753538179,214.66008752584,0.9984116028535964,low,approved
25.88780864488386,53809.594373003856,self-employed,2.865664333188942,11220.947356948702,0.885561334878566,high,not_eligible
56.0665950068925,16822.114507875613,salaried,5.17547663278227,4209.694171954746,0.8186941969476845,medium,not_eligible
19.0,12911.0,student,4.0,1435.0872586562891,0.8499291405423354,low,approved
31.835698473812613,69396.76493075055,self-employed,10.130588292555334,12373.682586397324,0.7249592266030283,high,not_eligible
52.94924799567023,80845.65966496589,student,13.266990978354752,1676.018174415841,0.9104515326355368,medium,not_eligible
36.21838070208293,37842.47635536226,student,12.240054948909954,1309.2936826138186,0.9382333062323408,low,approved
56.17802537411416,56693.539419156514,unemployed,5.965364399421071,4639.137743140733,0.8047909667166919,low,approved
51.40589461843805,92566.8325525822,unemployed,11.254496074003336,6455.952571571542,0.8029957852240498,medium,not_eligible
62.96331368777226,101602.00716216335,self-employed,3.9405624775481938,3387.8982616170806,0.8765878229652049,medium,not_eligible
44.49705808920502,22069.423507622792,self-employed,14.053949678013945,8296.048231540408,0.8063280263959405,medium,not_eligible
23.40309873414612,18217.528020970592,unemployed,12.191879214387574,4653.004662641819,0.8433867385374177,low,approved
33.83919058647852,61374.69117110709,self-employed,4.99033707708111,8653.97774354964,1.0,medium,not_eligible
37.8659602786492,15434.809605814373,unemployed,2.849169352454148,9747.709168154934,0.8252974299254003,medium,not_eligible
40.67030505027141,28244.582774147424,salaried,14.511996626747775,4780.407347966411,0.8141659847978777,low,approved
48.33444614817306,58101.08833169661,salaried,11.642039495014206,4441.764825124426,0.7852458194364841,low,approved
30.3883787301178,93908.55449784058,salaried,6.5130930913899885,9510.603006222424,0.9244191971499937,high,not_eligible
33.26514572586446,47786.99318244656,student,3.8710049489431992,2164.2020002225927,0.8318775826781897,low,approved
17.296875348138776,66129.19205801656,salaried,2.967171440748295,5302.739791622293,0.7850626961678574,medium,not_eligible
52.41763502533264,39768.842192706645,self-employed,5.541385543815558,10579.308495185482,0.9821304032273012,high,not_eligible
47.73912871045618,60911.58893098869,salaried,5.017631547320908,11771.144260513001,0.9919603004513636,high,not_eligible
37.67223073235056,43374.62547476846,student,11.504411135987628,1268.0578456584053,0.7899576434261295,low,approved
33.849111935337206,51282.016066348886,self-employed,10.760505148037682,5023.285322986691,0.6633460048639384,medium,not_eligible
41.43757185418271,71494.60883318352,self-employed,12.02153756138531,2356.1307979379035,0.9507513689836922,low,approved
53.64160434251978,56400.767160600655,student,11.739214482972734,6536.257680916196,0.7815370174239996,high,not_eligible
41.85669458828549,37554.201886009134,student,13.254593408033683,597.3111693628732,0.9290625599162768,low,approved
43.65029852647908,62129.97573995496,salaried,2.809244845832996,10032.045363600804,0.6529896182288164,high,not_eligible
56.51840726155357,62788.59292423936,unemployed,5.931188281116606,10127.800636688093,0.9392597338299308,high,not_eligible
30.44016610312285,22487.42150004296,self-employed,2.0492443778296368,14752.387392026641,0.7288828070719219,high,not_eligible
49.987272835945205,34160.93616019905,self-employed,13.775439643610344,5248.399227727565,0.9230764119066523,medium,not_eligible
27.127286314849123,90977.807221451,salaried,7.107809041218135,5615.376767591915,0.8514273067836434,low,approved
28.78063334809417,32089.950496114,salaried,7.462994631911422,2581.3044624010836,0.7546060580603355,low,approved
40.20195666431211,72212.8947836584,self-employed,3.816630538047113,6790.136809377248,0.8092963687073219,medium,not_eligible
49.27539011432116,33945.99800851742,student,14.635966594930302,2065.490414924409,0.91863184569567,medium,not_eligible
42.49464192315885,27555.34611041112,salaried,14.372890093233286,5106.6724466823325,0.8605894453115234,low,approved
45.07771770675456,38932.4937290461,salaried,0.0,4317.910234996975,0.9084412980472484,medium,not_eligible
34.30938456760228,30919.225719261893,unemployed,6.594389280238107,4415.519284479647,1.0,high,not_eligible
24.992105468195835,54188.00836208591,unemployed,1.064664897131148,3416.608303396696,0.6935758388288948,low,approved
45.72153614014199,80052.00353226959,self-employed,4.988451871552496,4622.355290509015,1.0,medium,not_eligible
18.68186511047012,63889.62654372711,salaried,0.0,10829.888770490335,0.8604355937523213,high,not_eligible
40.90391419580885,28177.47301762397,salaried,13.394724956615358,11110.246019304512,0.7601215951676872,high,not_eligible
60.266615937357166,95340.05682305664,self-employed,3.884814537496765,8939.195718109597,0.716968637426101,medium,not_eligible
32.5237362689944,12271.498923837107,unemployed,0.9276797875736208,2110.2429528424286,0.8310879609222966,low,approved
21.2974388859874,58186.48697222185,salaried,8.688775620836607,8097.50156761117,0.942165011192446,medium,not_eligible
41.80993189300742,25577.12283375917,salaried,13.358230451733798,9960.2295388456,0.8372450879622465,high,not_eligible
34.70318674244622,55343.75733759977,unemployed,4.02889860366807,1609.3323768203495,1.0,low,approved
40.04377228467629,65835.01587208801,self-employed,1.0163773812457364,5959.8634860080365,0.704882430994844,low,approved
49.90644010837579,96730.78105555192,salaried,9.2629651417888,8620.260185689069,0.8487911052153945,high,not_eligible
19.88133573089501,74772.45726023657,salaried,5.128592498890889,3177.01833892779,0.7247606555586881,low,approved
49.78354794932297,63064.92511542314,self-employed,1.0270813820003044,4230.552421127959,0.8863631882624967,low,approved
43.15619005048576,58954.484915685774,self-employed,1.936860957837956,6508.493414401444,0.93868873900973,high,not_eligible
40.55008551327905,53384.76176306944,student,10.919760225618123,3597.411250385594,0.8079238206318946,medium,not_eligible
52.85149205583927,60850.526032041525,self-employed,0.9905188643271936,11806.59644288439,0.5895786143372865,high,not_eligible
56.50943150737848,61328.12199297088,self-employed,10.689868498979047,3066.383087751776,0.8698948146796495,low,approved
47.37684835182232,74295.75885329914,self-employed,9.61756105678656,6922.392121781086,0.893673855173351,medium,not_eligible
17.472430280454713,93800.85227522762,salaried,10.465641498592964,5798.3765196704,0.8904294754961697,high,not_eligible
19.344383275263016,12739.103507202091,student,3.848574071538292,1443.5931934655432,0.9735782191822154,medium,not_eligible
52.66836650183678,13475.904944547954,salaried,2.029608159285748,8391.143077534623,0.7428946320350951,high,not_eligible
45.65243890966397,19042.255218247352,salaried,3.2549398114303507,4755.883569318341,0.9180216105450448,medium,not_eligible
56.73107304941602,41320.58523952989,salaried,5.555348046683693,2614.208755402635,0.9692507512477976,medium,not_eligible
47.03965412117696,41206.53970255248,student,9.2004444890012,3720.4995467785857,0.6721412415993483,medium,not_eligible
45.8025521604645,94691.89725642148,self-employed,14.68543943135567,5124.022953215254,0.8819651825918977,medium,not_eligible
30.2651790024144,72263.29035039652,self-employed,9.423980234632968,1856.2729589289493,0.7995820168992328,low,approved
52.41569860161724,96889.12696949286,unemployed,9.104658883262758,3584.828537221437,0.8418477326898354,low,approved
37.46342802265358,69994.18939296751,self-employed,12.171231697605888,2743.832696655277,0.8847676483538336,medium,not_eligible
60.65078787966136,16154.605962329024,salaried,5.456682671901265,4998.066437365534,0.8012771435886448,low,approved
22.20886963130228,14974.41244160192,self-employed,12.575655415393046,10976.2736220702,0.7824291920838388,medium,not_eligible
50.84962577520052,68425.70275618458,unemployed,10.472057723200011,6733.113985371057,0.8534152417488025,high,not_eligible
58.48376227195941,95595.637149715,unemployed,11.870469953709817,2495.784487920744,0.7412754061137197,low,approved
61.46670751264296,54977.70770893217,self-employed,0.0,4381.118188032204,0.7414174871114814,medium,not_eligible
29.28328944292536,51670.832175187934,student,9.945183697279097,5343.728032783281,0.9179373282956504,high,not_eligible
50.22452239765926,87745.69503130492,unemployed,9.823055111304935,2145.7351886376814,0.7351205964841343,low,approved
45.21752001873726,37874.80362707836,self-employed,5.206939422263072,5258.487425351689,0.9166312500909212,medium,not_eligible
38.917898805029104,11569.25931467952,unemployed,3.8744936408250736,13026.457362729605,0.8962591292853951,high,not_eligible
31.06485901965031,81536.86814659733,salaried,9.819842507805028,4697.732285932048,0.6774193271209403,high,not_eligible
23.706573619383352,14208.277102585074,self-employed,11.711450712480016,9476.763295042452,0.7822435347664345,high,not_eligible
20.387154736597108,63069.87152150277,salaried,6.216980837301863,5027.88524688531,0.9694109403047372,medium,not_eligible
33.095297868319044,44050.86048173501,student,3.952826378581396,7089.023705830847,0.7518834468860318,high,not_eligible
31.64350634054828,32708.484468559724,unemployed,7.252088137917633,2995.0132204687407,0.8035595737690612,low,approved
56.52297469963269,21376.688438719168,unemployed,11.103320972433025,9936.56301722198,0.8962060893251896,high,not_eligible
17.564860418602237,83835.57793803366,unemployed,11.199862878795868,7241.303080520433,0.9283390509282596,high,not_eligible
52.886842082499975,82874.04768018298,student,9.73381287399817,1605.923798660619,0.8248461113955504,low,approved
34.40040594692879,85043.4132095169,salaried,3.771764829162023,7030.790941094337,0.7902489805308358,high,not_eligible
30.921107831095544,52935.27726829433,student,11.053395871534253,4195.140373414778,0.9922369861698508,medium,not_eligible
18.79721814404516,17417.485920350744,salaried,9.94598137711944,8400.685894684066,1.0,high,not_eligible
30.73926270371805,63423.968037602666,student,11.11479477057332,757.7800292530188,0.9478858050781797,low,approved
39.251352568677525,57608.84851629451,self-employed,2.03782460809938,5160.712934347316,0.8585318142565024,low,approved
19.499425855392264,20707.956330376564,self-employed,7.571668224027277,11788.495576071286,0.7691734278359074,medium,not_eligible
17.39002026794243,90938.4123905173,salaried,11.004633553611724,7197.954687909414,0.7669555593443435,high,not_eligible
20.158422230348584,80570.5743486034,salaried,11.20438519355798,2756.4728383051743,0.9022514105265758,low,approved
18.199299884877085,19539.67112481908,salaried,9.685075042391366,6523.857455335296,0.8918398220888684,medium,not_eligible
24.69480064691158,70451.67977845196,self-employed,12.259934578146352,6496.486624995837,0.9901598592946428,low,approved
52.50587959444611,32086.7790143805,salaried,4.058591868332411,7441.127614372148,0.915045009253614,high,not_eligible
22.89160714239421,41132.73539824837,salaried,11.039361509060278,2187.009826849625,0.6996919698240182,low,approved
20.50227480237989,87401.82183419468,salaried,6.92854154023672,2705.2982632660196,0.9551947617722918,low,approved
21.11798843287902,59138.58272343769,salaried,7.543891046900079,3790.5461257229367,0.7501939372685587,low,approved
17.095274138117496,95875.68642903274,salaried,10.802186271036806,6464.221130775686,0.8116028728047648,medium,not_eligible
31.666826149039164,92414.19812500592,salaried,5.797612960921417,813.8151492949694,0.8750200206251695,low,approved
35.32985467449658,65423.96143704705,self-employed,5.228252349113436,4158.41656859998,1.0,low,approved
33.00838470284842,90475.49880239472,unemployed,11.597748492003683,11053.368873271884,1.0,high,not_eligible
29.84499738338761,68159.2280508705,self-employed,9.99796912839788,2913.543694529427,0.9106723059136184,medium,not_eligible
50.8827184545751,99053.48698997982,student,8.030759786059637,300.42229134060204,0.8316803381279612,low,approved
56.81727778484618,44107.74813594292,salaried,10.580797383957316,7014.914868182804,0.903450564848055,high,not_eligible
45.835016545150346,58856.18443264848,unemployed,0.9670636123127914,5438.151970910473,0.9387655425873837,medium,not_eligible
40.533822318069575,87545.91512149932,unemployed,1.8000293462501735,9450.461167854919,0.8179332374442808,high,not_eligible
56.95800559121177,16628.004789132123,salaried,4.627402727103586,2833.073249907216,1.0,low,approved
56.80599860461477,58980.18076240616,unemployed,5.698467005197665,7715.556876181225,0.8730070759191402,high,not_eligible
55.60475740054167,36742.657248376345,unemployed,5.64145320272976,3179.18037494885,0.8997743089091395,low,approved
25.9700139403776,26157.55492972488,salaried,4.058177525952919,3536.6136420796042,0.916592425205446,low,approved
22.402689573878188,43767.82729765253,salaried,11.869760283813957,7087.7803594326915,0.8921586610614456,high,not_eligible
44.196010856821886,79259.46587510774,self-employed,9.589022131006192,10340.135893888768,0.9338940500469612,high,not_eligible
44.03212413797151,70837.23550967526,unemployed,5.698590787314074,9599.454645923197,0.7882746813453076,high,not_eligible
41.53419792258999,25419.96563202638,self-employed,11.839090167386102,3744.994284644684,0.794169824605397,medium,not_eligible
29.146372747932865,20128.05451166049,unemployed,11.376979673363335,7380.59314719769,0.7399845767028305,medium,not_eligible
20.453228664211867,13423.606741566857,student,4.219417522840115,5438.59162719575,0.8939501230620226,high,not_eligible
28.525766882915413,29813.0032563966,unemployed,7.828751535902958,6680.87485404303,0.9278936503512114,high,not_eligible
33.81397435554768,95855.21458090568,unemployed,13.421411990738749,3330.181280089226,0.8957772866151885,medium,not_eligible
59.43728806796712,77579.96960471872,self-employed,4.320515194321409,6041.286720562198,1.0,low,approved
40.701406764690816,24409.456962703884,self-employed,11.200412361873155,8289.521117857052,0.8494403981170954,high,not_eligible
19.482054425326265,60053.64442311364,student,12.97333904953726,1646.258460909984,0.9168741655592512,low,approved
49.84660240929031,64129.94571211027,self-employed,12.88757456772361,7669.116063714351,0.7408299123860685,high,not_eligible
51.440151228888965,97212.83495077676,unemployed,12.480849661481852,5336.408128233272,0.8112900297525598,high,not_eligible
57.22448134907863,42090.6016031804,student,8.379317708599777,7021.047950814884,0.9195537757565776,high,not_eligible
27.83014833727757,24285.339088624067,self-employed,5.304917397854191,10000.837584164787,0.9349102110743144,medium,not_eligible
18.207310081615173,69658.45567456992,salaried,3.1292784786692485,6630.866111826645,0.8206033052335817,medium,not_eligible
34.94102727671344,57846.63546118374,unemployed,4.428207280435581,8969.317972808594,0.8428400748141933,high,not_eligible
61.92765721194246,12093.648222599364,salaried,11.283557242058958,5391.64474122391,0.698212625331919,high,not_eligible
59.74525906937804,83140.87793703393,salaried,12.000836876374862,4767.694320928275,0.8142970799193391,medium,not_eligible
26.101227779285992,72791.55721280281,salaried,1.0704455708386176,948.5865349458591,0.9390383163519788,low,approved
32.70073953399365,47363.219491890406,student,4.012515437304975,298.4957827420092,0.9075205016106566,low,approved
34.20910538685932,44508.80510191951,self-employed,10.923247130772676,10477.178021871825,0.9000665721381209,high,not_eligible
37.55994454823904,12261.136442671368,self-employed,14.894595252224496,4428.3919856932025,0.8549773687180959,medium,not_eligible
42.911307039334304,81824.34839933425,self-employed,3.623233538285256,9433.002766800942,0.8507063158628176,medium,not_eligible
25.41278989749484,30489.421683134693,unemployed,12.770700485686616,3242.5252230981555,0.7839678860526553,medium,not_eligible
54.09026337187612,13124.864167917343,salaried,10.633488754736026,2260.801180852301,0.9198828420202536,medium,not_eligible
24.48426692235372,42313.69871637822,unemployed,13.1420322283939,1600.775940819546,0.8920972944389389,low,approved
16.98427536036249,15202.39896961692,student,7.773157527210422,5568.473825688357,0.8992018847992799,high,not_eligible
56.13227575790367,13793.135939072274,student,7.241300820231386,4975.0574064343755,0.7973965157332419,high,not_eligible
59.33275121366835,41237.27905665817,salaried,6.135728999140309,6807.895722617021,0.6346657080128755,medium,not_eligible
42.958012510172594,69485.69556671976,self-employed,12.978056271517811,11693.66039050435,0.9597152711753696,high,not_eligible
24.72731597678219,53368.43700310542,salaried,5.263687926161355,9414.164502743264,0.8021162543991596,high,not_eligible
30.68709305003452,104484.20641442022,unemployed,9.382411479528084,11001.51159330661,0.7637224235956879,high,not_eligible
19.02750591124178,12654.718833815728,student,4.32596386002524,3519.686417238473,0.9193478911913994,high,not_eligible
43.83873458436137,63242.01230769912,unemployed,5.483767411654934,2326.471466415638,0.810798736008087,low,approved
41.56055042560958,50195.48663969496,student,12.06161273226756,344.5427836716374,0.955993638404662,low,approved
26.43408465797729,53255.61687190561,student,11.367802894039649,2168.5349593197343,0.9117005949576698,medium,not_eligible
19.56258629994704,62587.76124586157,student,10.167289495731234,3987.4949361911945,0.9183569323200478,high,not_eligible
25.700582606808684,33980.19074597369,self-employed,2.9431899260885057,5074.494417135249,0.7134044288799466,medium,not_eligible
16.703688652105775,74590.84669613658,unemployed,10.327916350135178,14316.823708341135,0.97119439853864,high,not_eligible
23.96513557911476,33541.07253889569,self-employed,2.816633721491056,925.6777412688705,0.8761250531233856,low,approved
17.46241279009954,81203.82664186964,unemployed,11.089379131221266,11393.488698566704,0.8130722860753796,high,not_eligible
25.51066305166928,56289.18100943336,salaried,5.0603782903245484,7427.484185851795,0.8643388467342251,high,not_eligible
52.51904134609776,12303.456298024432,student,3.671118439436538,1202.9552726390405,0.672376476710168,medium,not_eligible
53.71349498378456,109057.18833153512,self-employed,2.979081331845643,2548.0996417640813,0.8908652811480671,low,approved
40.975291637812425,81613.6466855045,student,12.32475700276342,3111.856706593381,0.7470628491817928,medium,not_eligible
50.51175927092984,90103.04873261698,unemployed,9.71025303989066,11718.567415108566,0.7147329714156465,high,not_eligible
31.15799658774397,75412.78698282741,unemployed,4.241756353142606,2683.5086234794962,0.6977640813782109,low,approved
18.24283446999771,70959.38684544354,salaried,2.969650641898569,5916.763505574877,0.9612688374989924,high,not_eligible
37.06879369523479,67363.7636235567,salaried,5.853826593684092,7570.659807376981,0.7870736606307212,high,not_eligible
38.02078433044144,66077.59072432571,student,0.0,3693.4373902632406,1.0,medium,not_eligible
18.7977188764924,19932.30293963104,self-employed,7.737560278088933,11481.744915526648,0.7964198536947702,high,not_eligible
34.535356511018584,61537.82780138688,student,13.376518827364936,669.5420493378539,0.6792642042407053,low,approved
21.014117486370303,60690.06744446614,student,13.296831839471333,3355.6266030075276,0.738347556005134,high,not_eligible
40.30502362876375,89411.70686384216,student,13.10983642780288,1534.373937260633,0.973581162000694,low,approved
22.03039067654608,40078.09479989052,self-employed,9.663299405799016,3781.8943597851267,0.8344101822063332,low,approved
38.63830526483761,32794.76826420968,salaried,0.0,11167.486826876275,0.7951712703509399,high,not_eligible
49.104488877681945,49254.46677868414,unemployed,11.532159110440464,3351.650254119824,0.8660018225852788,low,approved
19.388618164860407,76643.9521353584,salaried,0.0,8316.289505667384,0.9001782736167545,high,not_eligible
25.31347611892816,15518.11204389535,self-employed,11.044124941002105,14169.58040500476,0.961739881590246,high,not_eligible
21.72996135739382,19636.05844148291,unemployed,8.113295572614126,3176.197839852189,0.9948499229892926,medium,not_eligible
43.124901657469564,10635.463299345973,salaried,0.0,3072.013995401184,0.8140231354210914,medium,not_eligible
23.10126045739693,45404.36601851941,salaried,8.159283787811034,4794.8146490911495,0.7173952313917962,medium,not_eligible
32.24135164352167,32384.14367915144,unemployed,7.07041354549931,3788.949593209335,0.8086534838876723,low,approved
63.45505684633527,88499.31912629589,self-employed,4.0018842837145465,5282.060097154412,0.8760280506582886,low,approved
54.14728796623639,101760.69237464316,unemployed,8.060423221919972,8880.110530682188,0.7536241073789389,high,not_eligible
16.18159008198472,18733.87871305429,salaried,10.640740285521456,3230.252331728979,0.7542849085104957,medium,not_eligible
56.22861538164351,97740.0195927442,unemployed,12.36707705511655,2842.066075111296,0.8843787881549885,low,approved
22.839516219327763,33019.985740390985,salaried,9.197414267155846,1357.9847255892005,0.8451347648429549,low,approved
40.31341557533848,60841.070749059385,self-employed,1.9613201253402115,3155.9287027144064,0.8532796995411587,low,approved
20.37088208705292,18386.388436130488,unemployed,7.8207375092986195,4071.0829631738643,0.774150466529993,low,approved
46.036769622858,102909.03836332016,salaried,2.9009319254431416,704.9886748913814,0.8269599285794232,low,approved
54.2440800379077,63327.60097514757,self-employed,1.1257520013968358,3877.5531644130183,0.7575766855731696,low,approved
20.10675323403549,75298.13292327222,salaried,11.077770943578196,3208.42695684547,0.9390198411124786,low,approved
26.63059667881789,54525.83247858535,salaried,4.639510826198402,7650.033417598741,0.9535249334723752,high,not_eligible
19.68970211965336,56675.372463814485,student,12.83475065886102,4411.278339749479,0.6653812137761905,high,not_eligible
19.72743486187377,76165.67377569382,salaried,0.0,3103.6762610537908,0.757048913980759,medium,not_eligible
29.63148533759881,83133.95137138845,unemployed,4.028281110881891,8482.14838090232,0.7003470744909921,high,not_eligible
46.5743930459644,79899.28271891308,self-employed,10.078116148986195,701.8766213498861,0.7849976065593102,low,approved
25.440875619855884,54630.40044070783,self-employed,14.278223324153505,9087.018245669758,0.8416562030209639,high,not_eligible
17.478515414302272,80365.79964089961,unemployed,11.255805324458466,1830.9987750437922,0.705035478030147,medium,not_eligible
24.53068378164884,61531.0332452466,self-employed,2.0743243147181123,5092.765188353644,0.7578140186874687,medium,not_eligible
19.710754584845063,55771.65191358381,salaried,7.931082959424163,7007.885030268442,0.7496042627918501,high,not_eligible
53.48844742217818,33315.21087470012,salaried,3.892447573673484,1987.0586905146984,0.8707267329398943,low,approved
37.12967148151501,42241.44851079998,unemployed,12.937860603300573,7993.15123470357,0.856934433703625,medium,not_eligible
52.687328551118526,53264.16081095972,self-employed,8.734075684623258,6821.459665589089,0.7778262446662747,medium,not_eligible
16.793645613521463,40473.478605429744,student,13.9955598208237,1705.0340216036893,0.8676820872139398,medium,not_eligible
35.7953129029985,58036.5730649062,unemployed,4.015042765009965,4793.153706381214,0.7953319915412734,low,approved
35.856252010506275,68839.3274564862,self-employed,5.51939364412487,5034.632694234637,0.8228344889673946,low,approved
36.62789215087186,63645.53554508686,self-employed,4.632652576402227,2540.3235863850587,1.0,low,approved
59.779604802934784,65087.53188528207,self-employed,11.331880218404258,6401.238745743789,0.9840461051790348,high,not_eligible
44.41605241148163,21778.49725644381,salaried,3.1448753090571064,4949.5838980868375,0.7200418763072403,medium,not_eligible
41.395052078088966,36303.56445772354,self-employed,14.777528641764423,7750.656905840809,0.9329732417879174,medium,not_eligible
29.452120065731208,59951.23660624952,unemployed,10.299325250529856,5618.216140784773,0.9311396554491592,high,not_eligible
58.83655913395054,57368.23619111304,self-employed,11.219490503277774,7203.230512787799,0.7351736711247381,medium,not_eligible
45.88812144094629,27181.973365245307,unemployed,3.2149281634108298,3678.4534040541,0.931877764375486,medium,not_eligible
18.33804051464475,11454.11034752544,unemployed,6.0346016606802255,9174.69077792554,1.0,high,not_eligible
49.8702104563231,44441.100928469394,salaried,8.506311937415322,9425.853136636524,0.7377455193755585,high,not_eligible
54.221959171064576,23053.119436454403,unemployed,2.915511783014447,2429.19745129337,0.7582497178985736,low,approved
54.0769879093395,94101.36549510244,unemployed,9.006112778377801,4434.53968644728,0.9517661466843502,medium,not_eligible
51.414210401889726,106911.2378467094,salaried,7.709106684483512,4166.220256303988,0.8771495310825648,medium,not_eligible
52.62901070766418,63354.14703985933,unemployed,10.995718092708,4360.634778950124,0.9051476275239524,high,not_eligible
43.60479748187368,80074.88498202132,self-employed,4.1416685929326125,13188.301584835513,0.8840589216400496,high,not_eligible
27.10132577968618,27663.03141413784,salaried,4.341503064304256,3510.920767727401,0.8890695920928144,low,approved
16.976968034072264,84993.1910207131,salaried,10.717747508740022,5821.579323593148,0.7173527871688916,medium,not_eligible
52.04716179734352,66565.26449903812,student,4.075650806895101,484.1307497259364,0.9547317706621448,low,approved
48.48564609654831,59573.14376120773,salaried,12.433127933753418,3207.110971065384,0.9669589992427774,low,approved
19.282718631261226,67691.55287605218,salaried,3.132551685920709,3965.146275992743,0.8270609255931972,medium,not_eligible
51.64549129820184,91696.17663120758,unemployed,11.583375550536635,7698.580017430254,0.8456523050186138,medium,not_eligible
57.12775655517077,61896.91281779149,self-employed,11.140433971626152,8944.009301520959,0.6968892497444278,medium,not_eligible
21.463285867437907,41181.87961379381,salaried,11.856729006617458,7076.8819895550505,0.9014254756017834,medium,not_eligible
22.29927234256436,73850.04200156304,self-employed,14.033610103151648,3635.8754942508226,0.9072057441714144,low,approved
43.93314009754514,69477.44894111941,unemployed,5.722322767089173,7554.473726122384,0.8437808983000689,high,not_eligible
27.96971093396077,24223.22499903558,salaried,3.8094028949461056,5385.101995619627,0.9624353359870502,medium,not_eligible
47.433080886259454,43631.18055795157,unemployed,11.711215778995676,4014.750178152654,0.816592276902006,low,approved
43.07598906456084,67572.61000846469,self-employed,12.27104652581967,5732.689942343812,0.90646059258936,medium,not_eligible
48.84890019070598,35279.85539120352,self-employed,14.921156527977905,6141.542640126478,0.7480335661307884,low,approved
57.4572429032992,12549.129038950286,student,4.103767080642242,1613.8299645115976,0.8476447849125761,low,approved
50.47549505347616,63833.97215445688,self-employed,1.0296491587222183,3515.9060155352227,0.8325645742097164,medium,not_eligible
22.865658400120875,30082.125173432007,unemployed,11.918135068262178,11020.322677261498,0.8725307922040941,high,not_eligible
40.312125870265376,74192.4349476623,self-employed,12.863768417818765,7881.197025037396,0.8130473071166642,medium,not_eligible
59.48245261479583,65434.00569426624,student,4.613366049201869,1914.511341175952,0.8368527404328332,medium,not_eligible
52.355130232483226,42281.38833965395,salaried,5.787529776753367,7004.625993483931,0.9326047171441506,high,not_eligible
19.67342944134378,20618.146157087645,self-employed,8.188577250546944,7333.262477243101,0.8063235762761782,high,not_eligible
19.570855480526205,56633.90238374296,salaried,7.629121808291012,3077.146997294981,0.689342289926132,medium,not_eligible
51.23216998949488,38443.1147311264,salaried,5.850781677889373,7748.117091365493,1.0,high,not_eligible
18.387980485504663,98487.4203417519,salaried,11.141805754843627,11257.6662369537,0.9881454078690486,high,not_eligible
25.45487433424993,38947.10030197142,self-employed,10.706328469205742,3143.247068869499,0.7207737304894382,low,approved
26.0,40746.0,unemployed,12.0,3783.66714608277,0.9189707805245194,medium,not_eligible
59.49872925138455,56219.32357100823,self-employed,0.0,5528.770962033528,0.7997025229448657,low,approved
27.497211289867906,48779.8937864841,salaried,4.087829584692113,5897.5604598133705,0.876348721533106,medium,not_eligible
59.10344592747134,14082.040989745949,unemployed,1.9774721792479104,7752.341726070557,0.8794224129013494,medium,not_eligible
23.0,42093.0,salaried,12.0,10051.610503783435,0.8265592199683678,high,not_eligible
59.903608411123145,20766.75178281775,unemployed,12.097432092008344,6356.830541511279,0.7716234334413603,high,not_eligible
41.68339177031498,80177.65370987775,student,4.228888076901755,221.8576041755131,0.7809458947683741,low,approved
19.023336948122964,50644.12617755656,student,1.989677541923348,2916.5865021851832,0.7583808084518757,medium,not_eligible
51.795362313747,38945.663801347786,student,8.926743222970941,1484.7321143225863,0.7668177791769555,low,approved
52.28925072064422,69911.56722526319,salaried,1.945301932165037,9922.777272475116,0.8432821709950644,high,not_eligible
30.9544573512614,12414.341371087903,unemployed,1.047043227678123,3734.689154620183,0.7784240010889248,medium,not_eligible
50.15449008291394,58752.84763505031,salaried,2.830751089899075,2379.5629735921275,0.918205206571262,medium,not_eligible
29.28568371219137,34484.00534050779,salaried,7.449473462807,2184.954635345531,0.9987246155335928,low,approved
45.68896564343395,36075.66720431387,student,14.53978810023268,1067.0298415207226,0.7919946758629957,low,approved
34.244651851823974,94558.5125376464,unemployed,11.308807585556105,6497.44264644898,0.8739404500535377,medium,not_eligible
29.3983937864836,33216.36522127159,salaried,10.20350913481242,3909.308138982709,0.8999685110302934,low,approved
41.11363427763651,76357.88035619445,unemployed,8.250575540331617,4444.10683387165,0.8972002270919274,medium,not_eligible
22.01356525267054,53159.1950607765,salaried,8.796825572190903,8040.669697042658,0.8575955267916087,high,not_eligible
39.57077531013221,45460.0866618097,unemployed,13.204802399897092,6408.507527475517,0.9242682418359722,medium,not_eligible
59.37770059631261,37899.48096205202,salaried,6.186396408337404,9030.236577151118,0.8982248952680657,high,not_eligible
38.98744574465611,95299.6331880308,salaried,5.054487413219281,6462.133097327185,0.7262337577672702,medium,not_eligible
25.97763019393004,83512.13744221814,salaried,6.908568662606139,4484.448654227597,0.9369156064389272,low,approved
26.992788535371343,33593.18967443647,unemployed,1.9714436008240623,4467.271113378223,0.9387290837266742,low,approved
53.63659298171029,82490.2986215195,student,14.647051520213434,324.5026757265029,0.7736713895821419,low,approved
22.68263758981684,50897.939694372544,self-employed,11.74230535564243,2333.260253126494,0.8537937835447602,low,approved
42.80289819740459,32250.18946607614,self-employed,14.317059919552753,5368.009823783916,0.918332899281107,medium,not_eligible
53.62674334690665,13053.828403925,student,4.222699727202739,473.96964987225795,0.8290686180420638,low,approved
46.16771521181191,45341.28874591208,salaried,8.73939417501822,3128.2767101522472,0.9572978047766012,low,approved
43.34061562962562,75916.03887746857,unemployed,4.796282274442952,3058.6962823322656,1.0,low,approved
26.770801316613408,27800.820490300925,self-employed,4.901867379889467,4539.065732032984,0.7714013967365018,high,not_eligible
47.79819410795107,40901.82448897929,salaried,9.404506025263071,2101.445016429798,0.7118955396846225,low,approved
50.40610440555641,42139.12804911626,student,8.580729091017027,820.3196661213551,0.8803818595604875,low,approved
56.04998792940692,23830.470721401995,unemployed,8.619514412989016,3484.919095537234,0.9221562505126144,medium,not_eligible
44.63977190863223,51478.40430116083,unemployed,12.375498348645102,4535.917059143156,0.8269133626155231,low,approved
32.15680760983168,12214.67797289961,unemployed,0.9413367462981642,9188.217438851785,0.9953260663321034,high,not_eligible
52.671659885825534,46030.27376808125,student,9.334446084919623,2766.7233157547225,0.716139420027675,medium,not_eligible
30.469542604432764,53567.06447401163,salaried,13.24387850366818,8089.206388374841,0.9192918623031612,high,not_eligible
50.78325493885507,49559.90388191819,self-employed,9.19660692557723,4193.485894140583,0.7894139179241106,medium,not_eligible
28.92185049590745,18553.867131980704,unemployed,11.016766805833576,2457.0691902514695,1.0,low,approved
19.43452973844745,62970.48065944667,salaried,3.192235130756713,10190.616720948326,1.0,high,not_eligible
33.416863722892245,85141.78705503864,salaried,7.253729705678417,2325.0737246351746,0.7733343412216652,medium,not_eligible
47.36301528620186,36320.63247516073,self-employed,14.863252712636758,5724.129167993546,0.7950442864091419,high,not_eligible
57.773031548085946,25741.73775141504,unemployed,9.455995952146669,6362.749853400896,0.9359587886979802,high,not_eligible
48.802417914061245,58689.72513231749,unemployed,10.361490342004828,6520.667631097153,0.8112869350210485,medium,not_eligible
24.622874872299565,30827.11980888708,self-employed,4.994858135189947,7087.7409039050435,0.8454588782067761,high,not_eligible
24.34597575884972,54516.07342215217,self-employed,16.036627181543004,6511.722211867406,0.852538842054241,low,approved
28.66844852429899,46574.68399761136,unemployed,1.90104343897006,6580.143420755742,0.6580326843802343,high,not_eligible
49.802712695437386,52719.02606023257,salaried,8.677058679598014,4892.600654078311,0.8486162253905762,high,not_eligible
43.589156125026776,20166.95865472386,salaried,2.8687549039074147,2280.8905196264604,0.7810272225935826,medium,not_eligible
35.41923010206799,74994.51061408516,self-employed,11.195268224362431,8832.024085384495,0.8006877177600228,medium,not_eligible
19.956771619692248,60065.31637215983,salaried,8.29536845739632,6813.097513181101,0.9943632003468814,high,not_eligible
49.01088242532819,87149.29776575486,student,13.822966890405649,1226.173686104266,0.7243493105720743,low,approved
37.38502555995482,15301.98744564896,unemployed,3.0003545368147373,5420.488199338568,0.9313205186747976,medium,not_eligible
61.83114308052176,64303.13569136089,unemployed,6.40439048470325,8061.880698521642,0.8221037069668191,medium,not_eligible
21.848340700092887,35860.979341889004,self-employed,10.020171538118674,13532.85021171939,0.8220239831504166,high,not_eligible
46.17180337921422,100799.59024650288,self-employed,13.1960740180265,6931.72361146558,0.9290371896051712,medium,not_eligible
50.12530417960245,35712.902539148345,student,13.067124220304011,1452.5522871536903,0.884005129456889,medium,not_eligible
18.16073395601056,69900.73576097543,salaried,0.0,3885.1655647406737,0.907061299721953,medium,not_eligible
58.73900795852505,84803.15996473329,student,10.068861529878534,1403.3085103930969,0.946818466053286,low,approved
50.71866157334298,65840.35161941132,salaried,2.003960512462024,5799.615796057256,0.8168691616816677,medium,not_eligible
51.88575823990208,22053.76439165696,student,7.624968526308482,3305.9055017577884,0.7887763265492249,medium,not_eligible
19.839127896391787,42083.21660600459,student,12.53357154464394,3660.444972822679,0.7414849473442202,medium,not_eligible
25.44939704670732,62068.65236147601,self-employed,1.969941725369753,6023.66174917214,0.7674589470021045,medium,not_eligible
41.8960791310118,12637.08785830677,unemployed,3.7855074129683,5872.562940342973,1.0,low,approved
19.30249487751872,11806.718979442778,unemployed,6.641693655328988,6276.747000489139,0.9744679580736788,low,approved
55.47500432733565,83819.80155651364,unemployed,6.271414328393842,1401.0548364999713,0.7148925633791978,low,approved
26.54824445957048,50778.64676017723,student,11.407473197741666,2924.8244845904355,0.717754204325643,medium,not_eligible
52.506134519441936,68726.86533466965,self-employed,13.52992748944014,11528.331678467483,0.8981866061718491,high,not_eligible
43.07748724794965,74764.38343289822,student,8.286721844200079,3428.2883201480035,0.9047264797377966,medium,not_eligible
27.56320372864824,62727.26702241277,student,11.977695881567785,2046.965502061703,0.9048883835317364,medium,not_eligible
58.60587816955898,16408.170159475812,salaried,5.053073339468941,5393.010034781137,0.8245044206446301,high,not_eligible
18.56234210105836,77550.80000221264,unemployed,10.579641376499756,12996.105486600292,0.8374545739997099,high,not_eligible
29.978090196919524,89022.88888999654,salaried,7.176726849383804,13709.516913918244,0.8827879524159357,high,not_eligible
52.94352689830701,11728.395850594645,salaried,12.2627510809398,4467.2214818311395,0.858589300629333,medium,not_eligible
47.22019172517773,60698.736079957605,salaried,2.9657077506563807,5704.640306566658,0.6280699627252464,low,approved
26.25683534030114,29571.416473363093,salaried,8.690885933524363,3363.263608745251,0.8270200369424806,medium,not_eligible
44.49809561667721,10719.525575966816,salaried,0.0,2514.7866239502805,0.7648593565739686,low,approved
24.17000919678027,52705.65731244545,self-employed,2.9349396385867887,5917.758814685211,0.8675211418908512,medium,not_eligible
44.15417794023711,68226.03189380762,self-employed,12.918896124283544,5960.379575130866,1.0,medium,not_eligible
54.002619137336936,46855.10734930723,salaried,10.966447340054865,3954.6553992044064,0.8867481665474304,low,approved
29.81856855495684,15495.173169779942,salaried,7.612236589790204,12133.81317454961,0.8186470313827602,high,not_eligible
61.399164369843895,97225.41219954687,self-employed,4.1135580909410825,5276.679404129596,0.9421801501977252,low,approved
45.05186706068239,55079.54861395492,student,11.750300727236096,2965.3308460019907,0.8982687887209213,medium,not_eligible
29.901427572784392,47450.062214919,student,3.8634867325905975,1690.6779024166128,0.8920094490451841,medium,not_eligible
22.314879628001226,79273.88012083975,self-employed,12.401627826765916,7357.178618996506,0.9106850593215672,medium,not_eligible
36.38456537348705,45008.94949252047,self-employed,11.621871133864726,8315.066628518634,1.0,high,not_eligible
64.28288136571095,49713.25178417451,self-employed,0.0,2311.7101803866944,0.7369111564674085,low,approved
54.43609979096907,66468.37246069696,unemployed,13.896300141853075,14073.569394292203,0.8973632076811454,high,not_eligible
36.41958615115479,67728.28332559616,unemployed,0.0,2380.9699083230403,0.7573618870018461,low,approved
22.7373056817264,38511.63882431168,salaried,11.934913250124833,3604.8665063931467,0.9055512646342248,medium,not_eligible
39.00767937723096,13090.291449928234,self-employed,13.836141449298278,7888.900316946763,0.7581313488513906,high,not_eligible
24.34617978432933,60001.23308501712,unemployed,0.9585979012827508,4948.253800132578,0.8082633186394915,medium,not_eligible
41.90642537705343,80704.16751200055,self-employed,1.9933801742814343,9096.660806948548,0.8204910085762094,high,not_eligible
39.303551099024,50433.14468076433,unemployed,10.39919458363694,4955.056203482914,0.9475816719344708,medium,not_eligible
51.68734105361085,66849.90106084912,self-employed,12.459320228361566,3609.398631322838,0.9418454443942412,medium,not_eligible
64.0851199795674,70916.15515643364,unemployed,13.659468116240893,8005.894850722932,0.7254282623553615,high,not_eligible
41.33609036480038,94153.90548603436,student,12.039125921300611,3354.5344124547173,0.8554934110999849,high,not_eligible
47.04674140318539,82494.00971445748,student,2.96323180645598,1623.7788583507424,0.7790420145250827,medium,not_eligible
49.93668911239547,28539.59833918821,student,6.083185489672509,7486.470489908464,0.7241495089324665,high,not_eligible
38.56266072633759,59146.678827449534,self-employed,2.117017520235013,8301.717897317663,0.8282982949575629,medium,not_eligible
35.354766044586015,86377.05238351991,salaried,3.7420069674943583,12957.498629000922,0.819151721154418,high,not_eligible
58.22939447031319,65787.06572814977,student,4.141175845773787,1021.4716822246944,1.0,low,approved
20.44649236532928,60617.08067424468,student,10.786393572571624,663.4105562360768,0.8932959825360696,low,approved
21.12518056879065,58558.7794683927,salaried,8.939395787023102,11260.015752656673,0.7122382499245763,high,not_eligible
27.62700855114016,23335.395012614423,self-employed,1.921640562512308,9974.087033210835,0.7935225995829057,high,not_eligible
49.34999952895618,65238.89658602296,unemployed,10.98089359280685,4670.464010744112,0.95213832954294,high,not_eligible
43.58036650668298,46223.90457465997,unemployed,12.201783149091549,1622.0981420910548,1.0,low,approved
48.91955485818992,76505.33557822117,self-employed,4.846998733270903,2050.6299467779336,0.6914016687762041,low,approved
19.46339888482696,37541.221563308805,salaried,13.263182494665296,3270.320817240631,0.6620075614860954,medium,not_eligible
52.02246872309125,21816.15243511159,self-employed,14.100820077201927,2694.9183909270505,1.0,low,approved
30.17756686388264,68056.22872719192,self-employed,9.503991094824974,4824.976652448754,0.8889614177370904,medium,not_eligible
47.82139139799184,102032.96299312626,student,7.331341184939103,365.40109415072607,0.7631707268123633,low,approved
25.458377101373262,39467.13743429736,unemployed,11.222457733464202,6400.174411063567,0.9034629086122437,high,not_eligible
43.98619272384328,43342.24093795174,salaried,0.0,3781.2820515066855,0.5864252260983123,low,approved
22.554521388358392,60320.91741748095,student,10.595078587946965,4781.455249212659,0.8503375506597161,high,not_eligible
56.62915992550701,62569.20218652044,self-employed,11.258713970873137,9478.493592358547,0.8827821172843086,high,not_eligible
36.440374150059554,54309.177308801765,unemployed,4.2074862170152025,8695.121708998424,0.9424270139537828,high,not_eligible
27.964167798530543,17168.08109036606,salaried,11.05811244152521,4885.23310485202,0.7486104047707463,low,approved
46.23927835678885,59555.85478156684,salaried,4.947414384365389,7118.353511585562,0.8585687161403359,medium,not_eligible
59.0,23403.0,unemployed,3.0,1849.622806758989,0.7574575373940412,low,approved
43.02836583036761,84332.1836384481,unemployed,8.70986994142661,6341.747991424404,0.8755383755674316,low,approved
56.76892299136252,82974.57995531225,student,10.06297548106666,1707.8526527057174,0.7604653677636976,low,approved
55.32579652288089,44950.03932730334,student,8.8719330140408,1518.6786994405084,0.809189916083978,medium,not_eligible
33.64821396322311,64607.50954081812,self-employed,5.025185986476743,7349.610411051362,0.750418460520977,high,not_eligible
45.55105664949442,31869.00739806815,salaried,10.119756645150437,5289.81863423801,0.9151136241823656,medium,not_eligible
43.13706983701255,89737.89035986147,student,2.0966347756520305,1637.5098918708154,0.9358451116656664,medium,not_eligible
38.40118935593356,11832.800609079944,self-employed,14.6515924100231,4415.00072085529,0.8265379430042586,medium,not_eligible
29.575656039733804,55096.75464180115,student,11.345072704915596,1193.800312465901,0.8538237994960028,low,approved
59.87209700489763,100909.86353053652,salaried,6.971397519356369,4101.3619329336,0.7051408585366455,low,approved
43.10868545895317,79178.27080328474,self-employed,4.424770582781668,6357.719642662027,0.8200323351993213,medium,not_eligible
53.646932513903366,97628.87209386054,self-employed,3.084460909975405,8657.206272080843,0.8449795382958255,high,not_eligible
39.20425460232932,59313.99902694417,unemployed,4.163023013786494,6181.359189072704,1.0,high,not_eligible
41.79600709410145,48591.65143274424,unemployed,11.151353307147636,7228.036439005327,0.7388032974225835,high,not_eligible
51.75948712254071,68584.0115997344,unemployed,15.213437436857324,7920.359837534815,0.9964177238752436,medium,not_eligible
58.399519854483,110672.91333546925,salaried,6.254394751670495,4978.269225361783,0.9496858773465808,medium,not_eligible
19.48612558543024,97443.73835547056,salaried,10.63807218312779,10303.333605023396,0.8780636404490136,high,not_eligible
55.53289368998337,15496.846847219062,salaried,5.0457471058285215,6241.075861224577,1.0,high,not_eligible
29.897397073402,26969.092286137788,unemployed,8.237454181039869,10302.133240722644,0.8872105472606863,high,not_eligible
51.644649488543145,61863.95696154908,unemployed,10.664068403151695,12504.94254304306,0.8889159195667928,high,not_eligible
22.2424779337503,18428.605645555806,unemployed,7.889355246192757,3617.9289410029355,0.8446879346982454,medium,not_eligible
40.700141098523765,67525.43851977811,self-employed,0.9572662988076868,2236.686874850099,0.9723568882418628,low,approved
27.711160192849512,31946.641126529667,salaried,9.548629452837655,1908.959334175678,0.9596469233810884,low,approved
51.4763465772332,29273.151792923825,student,5.97069768090071,3819.4271104393365,0.7874322712503787,high,not_eligible
20.098090768192527,78514.07415473809,salaried,5.502966329821591,6423.512843249573,0.7180752805401233,high,not_eligible
45.04536848849745,90204.84233049698,unemployed,8.188990326441816,4897.338243867815,0.8297019362604343,low,approved
52.48003556871629,94216.06683958824,salaried,8.594129827461538,9364.969108715097,0.7699961435602354,medium,not_eligible
17.102313949333084,20782.266138564697,self-employed,8.371930262740987,5100.257272270526,0.8436475425384644,medium,not_eligible
53.874134986709926,102165.14050491502,salaried,8.907244141383105,5234.70348633807,0.973743813468414,medium,not_eligible
43.3009006583366,46916.02503307456,unemployed,11.513566411413825,5537.349673067829,0.804269834491321,low,approved
43.50869794889247,27043.422135054683,salaried,14.898478496621578,5183.290598617832,0.8457176618688425,medium,not_eligible
24.402645999004065,40001.579222715256,self-employed,10.784496390454034,2867.728508923342,0.8558022734808395,medium,not_eligible
19.30188069555799,11876.025528522185,unemployed,6.453535705422027,7925.738612531201,0.9348430882205284,high,not_eligible
54.751042344569264,80117.28998623289,unemployed,7.156605888309026,7302.618041071788,0.6253110666015395,high,not_eligible
46.15004637388415,21064.25273615529,salaried,6.694330739407997,2363.2884535770527,0.7893299705234703,low,approved
25.845801200289227,27388.76900420385,salaried,3.7397081302797512,5825.454852122063,0.8711283692279472,high,not_eligible
18.337783841507147,12216.233371409717,unemployed,5.683174720158281,6120.640821625588,0.970007895642686,medium,not_eligible
53.42729253150064,82782.80681959083,unemployed,7.534261463234165,10922.868989934388,0.8008097552493795,high,not_eligible
32.507569643127304,38180.02107205987,unemployed,12.456006110392195,8397.549734187789,0.6623447293958126,high,not_eligible
51.20621846692039,111369.36593302398,salaried,9.49446134658181,11905.735773243854,0.9119711445966135,high,not_eligible
53.45130522865429,20759.369645179828,student,7.777552801613762,1698.1556425962194,0.786463761117437,medium,not_eligible
23.21792148446464,40641.48509899635,salaried,12.052438594985777,4101.7276522522725,0.7310333340909638,medium,not_eligible
54.05731689589901,30300.73734744188,self-employed,0.0,9752.502101274058,0.7875654610286775,medium,not_eligible
50.23634009563336,54735.77642417504,salaried,9.083575283810584,3876.105195402241,0.8315474642344151,low,approved
53.06937982151563,63960.46332908672,self-employed,0.9559974751075422,6366.460067228614,0.7895255335461787,medium,not_eligible
54.197453490319326,43449.27757703866,student,8.930189160631963,5506.395703471342,0.629443394290093,high,not_eligible
44.74876965721521,22459.007729745303,salaried,7.303689943167079,4894.530970296078,0.9397066196887132,low,approved
23.068025983462054,79197.13336330876,self-employed,13.55784102913503,1851.914486427487,0.9774875041278722,low,approved
20.181834810044773,60288.10642002425,salaried,8.527613765871182,7645.271319578405,0.9151521991339504,medium,not_eligible
61.82925850096507,24370.35704452205,unemployed,2.939587196540744,12620.246338578267,0.7362314329575184,high,not_eligible
56.12209880621368,93146.46321792238,unemployed,11.66918218169976,883.8521644362371,0.8298508466052482,low,approved
18.957519296066742,40381.169437598975,unemployed,3.027215820770694,7508.084338004698,0.8493478684770541,medium,not_eligible
50.24795755275923,21318.081288842248,student,9.25154111079013,5222.961613466742,0.9098794389561912,high,not_eligible
58.88289627436328,65158.28955168137,unemployed,5.682659452775597,11278.805741229166,0.916834048871808,medium,not_eligible
54.4702870506616,42573.35829824907,salaried,6.030434613504358,9485.875269395332,0.7765826201221504,high,not_eligible
18.816051845135323,11510.08472073491,unemployed,6.144271711564111,3388.2039500928267,0.858199555641356,medium,not_eligible
29.66072252410904,59299.424019874816,student,10.894760409179083,2734.295242973769,0.8957280404615241,medium,not_eligible
31.3096834815651,90624.84021993834,salaried,5.225356887818113,5163.023732286514,0.9955822322146768,medium,not_eligible
28.67368666650929,17069.90833698553,unemployed,11.103297273820228,1873.6157567588143,0.9204506539824724,low,approved
40.899850649589766,59683.462701804514,self-employed,1.9558145762032844,4433.69122057644,0.928905668737552,low,approved
40.97055692596808,74481.2965541172,self-employed,13.052422869911732,7985.5138985075855,0.8583826627929361,high,not_eligible
41.22610466455633,55390.40695042527,salaried,2.892319598529693,2922.1025644058204,0.9910459145203504,low,approved
56.58536253943882,100668.39080709704,unemployed,9.528698993343417,5248.306944367099,0.8909762795959497,medium,not_eligible
21.0,69040.0,salaried,6.0,8486.419151169564,0.763891208982643,medium,not_eligible
23.12343827867188,56644.1706968668,salaried,9.716077811968765,6193.1932969838945,0.9903369970125192,medium,not_eligible
52.1626362505592,53290.38596381685,student,11.45116077645844,4293.15028182881,0.9197903272539028,high,not_eligible
22.79105188079735,14786.279827058292,unemployed,10.88958206480572,3870.3918118557735,0.8056955978871517,low,approved
38.58912194399522,10951.346332903464,salaried,0.0,1547.1360181299515,0.8020507032600757,low,approved
46.42777415295532,31682.2825771783,salaried,10.145366516776022,8271.403879349104,0.8796575545140761,medium,not_eligible
46.07872510790189,95170.92289279174,self-employed,12.386648066565282,2408.432917365472,0.8963184795267585,medium,not_eligible
19.38519520984684,36954.62809104098,unemployed,2.9391321308825265,4653.792560403427,0.8697292265631206,medium,not_eligible
48.97244134147828,15369.625271616798,unemployed,4.083554358429336,2912.2671059354407,0.8811308673442885,low,approved
30.751848851999213,70890.05484055977,self-employed,10.019027073119176,4556.44064845456,1.0,medium,not_eligible
45.43498422476095,38196.511195514,student,14.252141064795024,2344.3679120862726,0.9571543152234886,medium,not_eligible
31.41340039115672,31195.419739213223,unemployed,7.335438700484696,5128.139795868621,0.8690635591265025,medium,not_eligible
32.83092987452508,64333.053038317696,self-employed,4.889980123093445,5567.793647540584,0.9441310580767484,medium,not_eligible
24.22352129112848,23920.18056052257,salaried,3.5308126540439435,4011.4544505407953,0.7467476096472461,medium,not_eligible
41.35772339181842,86052.92782369381,student,9.51268684240828,1244.9938464523739,0.8897927049946809,low,approved
22.582645653915574,68591.49558847814,student,10.431037110220236,4022.2418268203323,1.0,high,not_eligible
17.845941522859643,17115.746580893217,salaried,9.8189238069528,4070.0296367317833,0.8281954104607626,high,not_eligible
50.20578388688421,64689.09060398373,salaried,1.998504964723533,4840.406742446338,0.7652366071380915,low,approved
25.482400869115747,28017.37282518717,self-employed,5.01479062396606,2211.7809914348363,0.7847911111406939,low,approved
52.0,92989.0,unemployed,12.0,9245.429391452697,0.7410366962657611,high,not_eligible
56.70499661486852,94331.5319970828,salaried,8.640161753863373,3528.014600488593,0.7715238091872296,medium,not_eligible
50.65067301216918,53707.4058313077,student,12.058311902755069,1927.1869635351245,0.8129491901409971,low,approved
42.17399850916029,68929.29034351584,unemployed,4.7058019057475775,4154.152749896777,0.7094432980821358,low,approved
47.11282107406036,53097.56856355702,salaried,8.623125412746871,2271.575271965075,0.8515618333949603,low,approved
36.19608666610992,48602.56917802509,self-employed,10.819478022925953,9501.359507719211,0.9402277173786648,medium,not_eligible
53.91491157975758,26771.048313636715,student,5.743303737882695,1470.5414122876034,0.759224381985308,low,approved
54.26934124703023,67066.14097521809,student,3.737025773630362,986.9791530017463,1.0,low,approved
39.714234441109056,96045.2501001416,salaried,8.115793635335043,6840.678251224687,0.9010792088527596,medium,not_eligible
24.116810285293163,89210.33633069445,salaried,6.666413592548601,7663.937710228911,0.9530580585624058,high,not_eligible
55.8183998275496,83834.93320764457,salaried,6.519676312673672,1607.3826085555697,0.7842165446147863,low,approved
36.282280659646666,62662.39406957085,self-employed,2.0222184659035247,3769.5937412633616,0.9354525227066616,medium,not_eligible
42.01528139029673,64837.23212500328,unemployed,1.0215477264721544,3828.743381272698,0.7408066099604687,low,approved
37.60041385422118,15745.670051997373,unemployed,9.225649138322275,9329.814473166349,0.9390247500836508,high,not_eligible
48.2322900638456,45514.632345605016,salaried,9.25454951176896,7513.146291244116,0.8671839339793531,medium,not_eligible
27.876209875408545,28681.08188685555,self-employed,5.237909713456174,900.2280762888341,0.9053251219984784,low,approved
29.48878364905876,87799.81531191616,unemployed,8.408652731136511,6782.9423240871565,0.7324405394375149,high,not_eligible
38.08485559753723,45219.636279756334,student,12.179959655931611,6209.976727174897,0.7604930157723395,high,not_eligible
56.86286524953478,33862.401817359365,unemployed,4.939926301769824,6255.9641781229175,0.9097228218253384,medium,not_eligible
21.087752661894264,63958.72822548892,student,13.720892298003792,502.9008102833473,0.7551651995775799,low,approved
35.38926903995445,88717.57297312925,salaried,12.476370862813942,2283.427493009546,0.8963206292099123,low,approved
59.11388488989389,12945.862715310035,unemployed,2.113486725458328,7581.062079387893,0.7132862193539754,high,not_eligible
45.4937319879901,36669.45062316507,student,13.748753434848329,792.3882651668553,0.9348174212666668,low,approved
41.29210934162055,12891.429471275367,student,0.0,4139.897320644943,0.7267476685231491,medium,not_eligible
28.098512507015187,58823.32898229057,student,10.335943216156956,5443.290761480442,0.9052299937679524,high,not_eligible
55.81433625629692,49653.48706667838,self-employed,0.0,3773.0002985694523,0.9125630933646,low,approved
35.9949258561344,73092.4290628539,salaried,5.940661392849576,4301.1876309025665,0.7803228181570425,medium,not_eligible
30.50231150002097,33808.75606976198,salaried,7.932901265713373,1594.6585726235112,0.9082026567084728,low,approved
23.68865308484212,31386.04274570083,self-employed,4.645391984352371,3069.277475433085,0.8760442263333555,medium,not_eligible
30.155095267249152,84720.1497483561,unemployed,11.104018989634032,7821.014419011295,0.7961158143807261,medium,not_eligible
26.54771911629141,43690.740270991846,unemployed,12.366777592808049,11177.638670627577,0.7491445315923791,high,not_eligible
25.107198360454383,30613.888848891474,unemployed,11.97330452227963,3440.9198904557365,0.653737430832742,medium,not_eligible
54.02981089866264,28784.10097571231,student,5.609250218998636,4686.654794636038,0.8849650047299693,high,not_eligible
55.46902996685918,14398.35951662008,student,6.827649650803939,3646.968492929988,0.6935197228637945,high,not_eligible
45.838056026502265,32760.603939106066,self-employed,14.100612724737871,8756.04400272027,0.8595344199441308,high,not_eligible
29.60208182968499,38200.8541988803,unemployed,12.066333718878678,9068.449463018806,0.823655178391775,medium,not_eligible
43.64890223823759,28524.753297511,salaried,10.07816503634337,4967.185298059431,0.9179142775438196,medium,not_eligible
17.115899460479998,96564.35879222446,salaried,11.097333668901385,2015.398104746758,0.8197954500510135,low,approved
45.765795930009325,89841.9848889124,unemployed,7.913258965290847,8183.882125090184,0.8170552213652909,medium,not_eligible
34.152355502248085,64591.115830405965,self-employed,4.833315297661948,2631.86801116429,0.9231870704288296,medium,not_eligible
53.80036314268609,17594.795150409846,self-employed,9.935609402790051,6595.7283180005725,0.8835058029084117,medium,not_eligible
42.79921165964486,41296.79705904649,student,9.222571212408162,1715.1590512895882,0.8816155957182779,low,approved
51.91525788217272,100179.98612609424,unemployed,11.92010662378949,4883.709195537611,0.8969267589808526,low,approved
49.83469572389031,19743.26547696712,student,7.764873951997647,1899.270223047933,0.6964427876792894,low,approved
34.07360832947256,91234.5329533139,salaried,11.602790801750874,8062.544173599648,0.925678867998698,high,not_eligible
38.45682787659817,11646.96576242484,self-employed,13.638825244533727,6256.785799440011,0.9112468794013602,medium,not_eligible
26.985465983662458,31825.76378829508,salaried,8.87018616941316,9797.238198833988,0.7483316871423502,high,not_eligible
54.11965232920149,78567.94462499826,self-employed,5.7586241712188,5414.776266625806,0.8255919526325799,high,not_eligible
42.0,26646.0,salaried,14.0,8026.251882817478,0.8460692712372369,high,not_eligible
41.97181961215696,16199.401767382373,unemployed,2.906814710245458,6145.801112953375,0.8365503215598267,medium,not_eligible
48.60904248594374,55320.08661025118,self-employed,9.457865712905717,7974.894327603219,0.8833859966568535,medium,not_eligible
51.377716307198526,97792.41914206171,salaried,1.8870170911251,2200.22680046129,0.9931366781831183,low,approved
42.94108146538184,91087.6737526413,salaried,14.181442407288133,2532.5249042651476,0.9581766727672828,medium,not_eligible
45.46048408878571,39621.23517593994,student,13.878463835372983,3512.529392406868,0.7187780806568593,medium,not_eligible
59.17483215536394,49142.93265586653,self-employed,0.0,11226.115009372508,0.9122069990306048,high,not_eligible
52.44567146138712,22247.887414491903,self-employed,14.485175389447026,3339.2160214811815,0.9828933319535408,low,approved
49.24285988556123,19139.61715743825,student,7.61966090637098,2429.6563407663693,0.8886808520689202,medium,not_eligible
48.50088663925198,21289.04289100509,student,8.699314010863986,6683.645955530413,0.9590980425185966,high,not_eligible
32.17477049565955,95864.34675336,salaried,5.805769423886259,5839.163134650349,1.0,low,approved
35.67431018104794,43918.018519442405,self-employed,11.677312936626588,10445.00416810809,0.952370954610698,medium,not_eligible
45.24374396670673,73984.47991955349,self-employed,13.422076313775024,12538.363325635091,0.8749308595641728,high,not_eligible
47.05827123116291,27180.021501325755,student,5.765705865258236,602.0227219150509,0.9545088474084752,low,approved
31.26426996909084,64076.37964115807,self-employed,4.8713851607427685,12542.753931886064,0.8644887833096891,high,not_eligible
18.401682530350456,42297.42204357003,student,14.632889634594385,6019.598143964611,0.8523903043284955,high,not_eligible
31.85967135195951,11765.79677270776,unemployed,1.0138800312887732,8271.35962653915,0.8148585764286267,high,not_eligible
25.49719291773784,57266.34124969176,self-employed,13.416058313706277,4590.493130735134,1.0,high,not_eligible
48.98800098723821,86873.53839406552,unemployed,6.904768416016643,6210.854304306113,0.7681571334057998,high,not_eligible
25.138107979386703,54051.68227978607,salaried,5.383211819630813,7260.70322485635,1.0,high,not_eligible
25.934628044532747,23890.28000543944,salaried,4.24906085271525,8599.541905816845,0.8999864123740371,high,not_eligible
33.79207589925125,80643.81445052895,student,10.077080533111287,3641.589850074795,0.7100693825198058,medium,not_eligible
60.28990545908177,62855.15105029488,self-employed,10.905586703443385,6609.7661631216215,0.8867649292991422,medium,not_eligible
57.94873288759655,66438.64337926367,unemployed,5.937072567384219,5338.089071649533,0.6399973492348375,medium,not_eligible
17.968326694145954,24515.05947767801,unemployed,13.765218654092962,4860.965146155458,0.9125508016831037,low,approved
53.13087038813932,92660.24860013396,unemployed,12.462561693696344,7763.896816861499,0.938523148298899,high,not_eligible
38.36643262685172,11980.08010445138,self-employed,15.285660546649314,9068.272431834845,0.7907644044347946,medium,not_eligible
20.58833303040197,74602.63652493748,salaried,6.246259645926379,7397.461407545347,0.8623547695955582,high,not_eligible
17.495857389150263,19705.59896727529,salaried,10.43528874142444,6272.339702264513,1.0,high,not_eligible
52.71653006687848,49092.60180564314,salaried,9.044938838625054,8295.201628401883,0.7994253295738063,high,not_eligible
35.379020353100366,47616.97564496999,student,4.092635479119485,3464.5003620515618,0.74410924129434,high,not_eligible
56.38898068234133,92269.94816051236,salaried,13.621692591579446,5432.878587171328,0.9981663402462598,low,approved
58.145745876548965,46777.66365237946,salaried,5.410747003391348,6171.294204951603,1.0,low,approved
19.50637258721889,24521.94902609756,unemployed,13.190640775138757,1003.774786887429,0.8503695671847847,low,approved
55.95168816810315,14239.799841707543,unemployed,1.7841315058408154,5187.553712885692,0.9511463035408356,low,approved
18.53720480015104,62371.743275603054,student,12.976882608573195,3349.364721092833,0.984147591553088,medium,not_eligible
21.9006604357929,66285.7265135335,salaried,6.253149240246545,9177.027463940729,0.7757515767461616,high,not_eligible
41.84487616506036,55252.85904394909,student,11.588117872397811,1802.915379661068,0.8014694164632131,low,approved
33.4075631505472,31362.303600987936,unemployed,7.035019291614073,3872.5928286862163,0.9730874513154736,low,approved
19.2102368200296,56976.20410457072,salaried,7.835530497454362,6213.1397391047485,1.0,medium,not_eligible
46.04146256644911,22331.88830597084,self-employed,13.193838099258851,3787.6737023643354,0.9062880860174356,medium,not_eligible
30.83972452157925,30285.276945102058,self-employed,4.945891371015835,11707.012376794157,0.7620185646497946,high,not_eligible
25.456633532852603,60296.10118084713,unemployed,0.9131928523060188,5624.247528249452,1.0,low,approved
32.67340557791094,77504.96416176493,salaried,10.08969032437114,3130.1822873257424,0.7969029102188036,low,approved
29.81511508202887,99381.93617508162,unemployed,9.47927931083601,12891.05035685678,0.8164862218828548,high,not_eligible
52.58147082919213,83507.99806262401,salaried,6.178475596812483,6628.538365604,0.8842337834489621,medium,not_eligible
55.713517812821415,13257.99718110285,student,3.999984105584289,1735.4504235286488,1.0,medium,not_eligible
53.09192146365059,95658.78890576489,student,8.369276560197276,5792.834197823646,0.9353975976552223,high,not_eligible
28.965240122080186,51480.30602241019,student,11.172470424579076,594.1786155375866,0.891486550036191,low,approved
21.70055243223403,62890.291077038746,salaried,5.878312370261271,6279.784871101485,0.8963288530118106,medium,not_eligible
36.6852392580983,61235.46483997025,unemployed,0.934928919732288,7073.291149163369,0.8543514668643466,medium,not_eligible
24.58713742257482,26452.676767510668,unemployed,12.583777557471992,8483.252759813882,0.9058139514518506,medium,not_eligible
33.98640305372353,47292.466643970096,student,3.950749344106651,1296.163341641746,0.5970439922305697,low,approved
43.75451082423941,51102.07199444465,student,11.793605960722756,2184.3434042131453,0.8203392540930201,medium,not_eligible
40.89843663932376,80363.15688510794,student,10.203457262197372,583.7996967844413,0.874132193491678,low,approved
58.94055099283797,21785.30842021043,unemployed,8.94734844587343,5909.64615801081,0.7348985916380493,medium,not_eligible
21.92260369310106,57634.02348022644,salaried,7.821080935782845,10679.09186583036,0.888632331781156,high,not_eligible
16.84130619854023,13835.460962624664,student,7.776023643218393,1361.1398883119787,0.8295528779013879,low,approved
54.30974999961145,64532.44404826823,self-employed,13.794079627095208,3192.0043932172393,1.0,medium,not_eligible
45.37617588040007,16077.362898867614,unemployed,3.7385637303163928,11995.277963131648,1.0,high,not_eligible
49.498559310928144,15237.785311309664,unemployed,4.313308386530679,11126.969736950638,0.8034194430881837,high,not_eligible
37.86214201082022,30020.1768365626,salaried,0.0,8577.222503598125,0.8349162288433305,high,not_eligible
47.60923969137701,55125.05389566555,salaried,3.1038173739742296,6752.857586106925,0.8426052434391608,medium,not_eligible
20.70739372611544,61212.56084937425,student,12.488326033241671,4363.5956889763775,0.8048340523840377,high,not_eligible
24.74659784066685,46918.11142955949,salaried,4.158639026195507,4082.0420076712444,0.8695024984028127,medium,not_eligible
32.80521576624489,11375.985698839986,self-employed,6.0679639819924045,6488.816953068578,0.774171793111241,high,not_eligible
35.17064629276084,47464.09041854954,self-employed,10.49137349861178,4866.6400532493135,0.7369384665062473,medium,not_eligible
56.82997802483388,90833.63838134168,student,8.04910077282196,3693.0783274903606,0.9122711223900268,medium,not_eligible
49.4734183699525,63928.63638187314,self-employed,12.97592241856022,6811.0912825531,0.912952958422181,high,not_eligible
57.87109370132077,59779.21999027498,student,4.217102051538647,6955.22618009588,0.7695684240340007,high,not_eligible
39.13110345627142,64767.57840765406,student,11.798543552940457,5632.433271475977,0.93953554307626,high,not_eligible
39.65432237574375,75709.68254086474,student,3.7469635642749113,4059.0673259560344,0.7868422270834668,high,not_eligible
17.827280030396896,38228.15282341023,unemployed,2.921823371054204,3209.958032642968,0.8753165238037981,low,approved
55.36724274093955,88852.26306932078,salaried,14.146288251931413,4909.512731236135,0.9320344012612456,medium,not_eligible
55.33620207117119,94940.82133213576,salaried,9.16712358511583,10830.639987413873,0.8466387435296286,high,not_eligible
23.8982532397303,68921.69072197701,salaried,1.013403263712892,7204.302091256113,0.8954740912141135,medium,not_eligible
21.37616258882226,91212.80297158971,salaried,7.558946138065455,6512.847638616064,0.7983570356112428,high,not_eligible
28.507386833004087,26295.51695203192,salaried,4.155682105907423,4195.687263602567,0.8303533416571902,low,approved
34.3989394057629,61250.01878030942,student,0.0,6209.823889715813,0.8294140569119659,high,not_eligible
53.87036893909902,76609.058347803,self-employed,5.229745875941484,7692.441173997853,0.7753421653459761,high,not_eligible
18.16398504760198,17654.40711235644,salaried,9.578106004777837,2197.388339688063,0.8323225836884218,medium,not_eligible
34.22461871053507,62326.15790305698,student,0.0,6787.916870715657,0.6951381701136253,high,not_eligible
38.8011658085604,12720.624691899471,self-employed,14.40027934452214,2268.9703523426256,0.8008846252857895,low,approved
60.81767539230327,25064.74562447555,unemployed,2.922247360958093,3853.3581065249464,0.8215124506630329,low,approved
34.659179385958176,83068.12911481863,salaried,3.7664273890435416,2887.8310342010545,0.824382024750462,medium,not_eligible
61.20260204031884,95395.84751814551,self-employed,4.107312314503439,4384.555563612093,0.8258502554129221,low,approved
46.46104260524649,22987.86865080675,self-employed,12.89412204403548,6650.392841175782,0.843823580013987,medium,not_eligible
36.05354527913649,78413.09563499497,student,3.959492545013144,1518.1996035849556,0.8979441518086064,medium,not_eligible
25.777340909916703,26876.599440519567,salaried,3.7444071946291655,5868.766387719068,0.9374517074132522,medium,not_eligible
34.604576603981535,81368.7664166899,salaried,3.969161304932573,11221.072265341923,0.7850234773151733,high,not_eligible
25.637236223583187,83627.85760478859,salaried,7.717191058802046,10622.255999169227,0.7296799144610855,high,not_eligible
56.5107686648619,65667.7227461918,unemployed,5.889233242009742,8758.147910161957,0.7457955587756897,high,not_eligible
46.6413487841027,89585.525653873,unemployed,9.24212521539556,4637.797237757613,0.8012797078805073,medium,not_eligible
23.958057093610016,41333.82738596296,self-employed,9.567396683080464,8809.060295052099,0.814807868218349,high,not_eligible
33.492242070314184,60391.65511767914,self-employed,5.254124531519172,4558.515808279113,0.7730003933802543,medium,not_eligible
25.0160702700371,56754.46426900023,salaried,4.959088721314803,3350.9474998074493,0.7203883335750105,low,approved
42.20071565722321,23588.43902210634,salaried,7.229363732672618,4136.435273923477,0.8043879172525812,medium,not_eligible
42.62276810094253,86229.56640945747,self-employed,3.96777730647568,1058.7857093537723,0.8681426620113971,low,approved
39.32328193634887,43279.7962157884,salaried,0.0,5101.100699764916,0.9095029465835563,medium,not_eligible
32.5240232832315,88009.63781865564,salaried,7.151250560672187,3050.742165386448,0.7942576946891678,low,approved
41.04227319109625,62759.13669828528,self-employed,12.84126576209135,3470.8967247053733,0.8087002177856566,medium,not_eligible
57.0215939163679,14288.561589771622,unemployed,2.015938895031271,5367.378902113694,0.757330169115269,low,approved
42.669928440617234,39498.03731483407,student,8.354044846057162,1669.7929270636548,0.8468560829625223,medium,not_eligible
21.25765056478929,69087.90239167419,salaried,6.282508647785913,2214.440916216088,0.7651571365809186,medium,not_eligible
44.9530902299856,33695.192731281706,self-employed,14.171135928614843,10575.660828963497,0.90731278132412,high,not_eligible
40.42222302139408,41573.59447117104,salaried,0.0,3387.6710296889314,0.6714133508065888,low,approved
34.47854128024129,57692.55130823402,self-employed,10.793176497672407,7217.9878028595385,0.8140370327547537,high,not_eligible
32.63664805009749,56224.958651819885,unemployed,9.670659075920344,2728.3227733128974,0.8801107339191742,low,approved
41.65966976822873,24352.017375513453,salaried,6.619155701096415,5130.966461000295,0.8683834516322504,high,not_eligible
58.195835315304834,68423.37381347829,student,3.96320952255083,4656.580388050767,1.0,high,not_eligible
18.899259348678825,87340.75185149956,unemployed,11.119513375830728,13283.591271985799,0.8849800024567908,high,not_eligible
56.71373389275147,77257.43712347288,student,10.101492656104964,3387.951835802453,0.749594540315799,medium,not_eligible
25.61059742034047,66655.49411740564,salaried,0.978574905348904,3723.5765041578998,0.8404535752910927,medium,not_eligible
41.39822142471505,95084.65207523188,salaried,2.925296389615218,9943.092813152065,0.6723753666533547,high,not_eligible
25.800770633627327,16450.0637208986,salaried,7.85976360863893,3071.528002940968,0.8419400250703238,medium,not_eligible
44.112080463628665,34111.980148074814,self-employed,14.942061013642231,4923.145641107238,0.7666943942999241,medium,not_eligible
41.25329430211418,98479.48792006553,salaried,7.682653794225079,3201.4517769722875,0.9415390275560162,medium,not_eligible
54.04000290075479,97245.71750688454,student,8.531842949614546,6528.494117682386,0.7950459725404465,high,not_eligible
34.75741115672988,68778.54657084192,self-employed,10.119532989897577,6741.904760994697,0.8383234084204754,high,not_eligible
51.670245159424354,11587.238395477169,salaried,10.978587994767285,4618.308798849424,0.7864442158595596,low,approved
23.999094242560943,45541.22671642056,salaried,8.28420286103296,5906.131499676814,1.0,high,not_eligible
32.03178459536294,72165.42226148458,salaried,10.302655724248051,916.1364665597849,0.8178757233882088,low,approved
30.70791212507972,73538.39741689408,salaried,9.912419565461862,8065.860694838111,1.0,high,not_eligible
23.117500928841505,86099.95043227228,unemployed,0.9378411549340244,5760.399317632407,0.9314151762118268,low,approved
38.22873481436647,68870.49043642198,self-employed,0.9930652305743434,10938.819845016686,0.8982066727335386,high,not_eligible
49.62025873714848,40475.071707006784,self-employed,4.915854926812582,4866.628883193339,0.8868733147317519,low,approved
54.736918529848,13305.419193309295,student,6.981538640498499,3501.622773325321,0.8893797298216252,medium,not_eligible
41.76884253512816,94483.91497015502,salaried,7.45642672389181,9669.929793966516,0.6572327420654389,high,not_eligible
32.37560436584589,54534.30697144288,student,11.054297324793318,2254.3640186240063,0.8221116605849244,medium,not_eligible
42.36229687146252,28331.35132784549,unemployed,2.856631692219547,2273.0352561893847,0.934515797118432,low,approved
44.57828224132604,62269.21883767661,self-employed,12.837820225220575,6674.205258586897,0.8451102816525894,high,not_eligible
55.70192342291424,90295.42054386188,student,8.357864570296963,1512.7974570531362,0.7094810153196425,low,approved
27.49227881299303,58323.34352368362,self-employed,2.831373690826504,9690.972916599947,0.8447595549422531,medium,not_eligible
30.0,16102.0,salaried,12.0,4363.377195519877,1.0,low,approved
52.97943707812396,64599.9522669411,student,3.9699783356803287,3534.954998227365,0.974689171553472,medium,not_eligible
35.86666700822507,43662.2511951697,self-employed,11.602857841300372,5039.8337962227,0.8437995990633969,medium,not_eligible
41.810654191659765,66178.66770925283,self-employed,10.851616501371469,5356.013170172315,0.9451449277058086,low,approved
30.96389318234388,71257.88447322964,self-employed,9.452322509144215,5260.753424966487,0.8133492979631948,low,approved
44.2308459631072,32235.86710479244,salaried,9.591982253329755,4027.8671490531406,0.6796128413173281,medium,not_eligible
18.5799022828593,57699.10500280657,student,11.94414227754695,5598.3157748763115,0.7575534011870445,high,not_eligible
50.02902471737722,57704.060221172935,salaried,10.811705226784884,7194.966216779771,1.0,high,not_eligible
45.85743371426704,62465.62735663312,unemployed,10.542099309529137,1777.1269578697736,0.8226006918170695,low,approved
48.67482248281877,59068.66811552124,self-employed,9.214964697150736,11620.207148092899,0.8256616020624982,high,not_eligible
19.103582320919617,17147.416811506348,unemployed,8.03775786957157,7645.293758119993,0.8200161803725119,medium,not_eligible
55.43978561346003,67442.65665440855,student,3.948183315548457,214.40280095340407,1.0,low,approved
41.198714948818754,61189.94881057994,unemployed,3.883080040567353,5955.186096234413,1.0,high,not_eligible
25.135662186020767,45288.78189025635,salaried,7.800691714225304,2918.6508816033706,1.0,medium,not_eligible
58.560536502872566,60050.15847151663,self-employed,10.931778282313982,9384.858658315035,0.8340954789599948,high,not_eligible
44.92684527948128,85631.13619707355,salaried,13.975638085645288,6459.852891152568,0.8795624488747095,high,not_eligible
44.37898037412811,96354.87669192792,self-employed,13.46833133968536,13832.974261853626,0.6983357450579208,high,not_eligible
53.7645951543348,24581.71005833306,unemployed,8.9612893805521,4700.677434946227,0.9976934426118276,low,approved
41.29985700152091,61785.7804002076,unemployed,0.9368734440990484,8108.288729049132,0.7332220448732065,high,not_eligible
53.09413333661844,96707.17201121946,unemployed,8.892518721537256,3030.2545987752515,0.8716775563762629,low,approved
20.1512883806559,11719.88207615528,unemployed,6.2761712908321465,9891.396277222928,0.7402697472367156,high,not_eligible
33.76914737415427,31061.588919149963,unemployed,6.5187691214360015,3671.1424806185105,0.7911133173261303,medium,not_eligible
50.83729375561544,61451.01247118121,unemployed,11.495265098048849,2823.626573983239,0.76627375689503,low,approved
18.580762744114185,21785.134595456675,self-employed,7.799384240653749,3238.5498822368513,0.7892124739324182,low,approved
28.80519548851012,62001.7607157323,student,10.231778607260344,6462.382228710198,0.7960877296851021,high,not_eligible
45.76266439493437,42677.10841705055,self-employed,5.286805814691126,6043.619538734652,0.7951731205074922,high,not_eligible
25.89840247608302,52893.94829094604,self-employed,15.209684323815727,3912.199077469789,0.9333333911780308,medium,not_eligible
20.57034751210363,20978.194088322216,self-employed,8.429546657592173,13097.335590509781,0.739513720693748,high,not_eligible
19.9599541349982,76129.2188914781,salaried,0.0,5580.8533118307605,0.8720541427013867,low,approved
45.63450287162728,16098.86979527026,unemployed,2.1638405589563336,5737.48496419116,0.971795915230556,low,approved
31.0,53016.0,student,11.0,818.4590666656964,0.7986803635486603,low,approved
39.92166751220896,75467.68966632418,unemployed,0.0,4773.87119349236,0.7782081109252398,low,approved
18.99991440972612,93215.16483684798,salaried,10.49877016609715,3409.5089854986636,0.8269475374819749,low,approved
57.6289666321884,63040.914556724434,student,4.072585517111335,3374.916519401736,0.967972520836071,high,not_eligible
49.71568165448007,40768.0381319207,student,8.409414399646261,4686.34806574878,0.8694107630953357,high,not_eligible
53.2557604366649,62653.10547409729,self-employed,0.9623033072003392,11933.760967064976,0.7968785705392402,high,not_eligible
38.96475596602301,15159.621067407154,unemployed,2.9721873251971225,3328.129808584294,0.898387665118804,low,approved
26.498867836881253,32608.702118884707,salaried,8.666098125797351,6924.66046362739,0.7397707850163576,high,not_eligible
39.47791129270194,96642.87742777128,salaried,5.404507089024557,10368.816866775289,0.9181359510442948,high,not_eligible
42.48751078500989,89478.41841491945,student,11.151688564425672,1668.014507136454,0.8908607307701768,medium,not_eligible
21.700140800796586,60814.03121775967,unemployed,1.033111728107813,6772.729596966327,0.8192191528861116,high,not_eligible
54.306774038103136,57482.13056943918,self-employed,0.950876908094948,2058.715265028519,0.7661414201552769,low,approved
46.76418672403729,15488.462464770988,unemployed,4.0874118542601865,13508.143786540455,0.7613319077716543,high,not_eligible
41.85120903052598,13152.783498959388,student,0.0,1315.168195357148,0.903481733634591,medium,not_eligible
49.11934931173989,79358.88010424342,self-employed,5.371360050757566,2162.7020065315387,0.9728980502489062,low,approved
44.63878222214899,41231.15056457924,student,14.673427877501682,214.9782792021566,0.7862692252971205,low,approved
21.575868447242247,42050.979988733256,self-employed,3.871095223033435,3472.7535705817436,0.8958386703551484,low,approved
18.85368439826757,11192.382186940558,unemployed,6.102116995848672,6602.043134188392,0.6412972981397931,high,not_eligible
29.939937741622234,59703.59000735693,student,10.86068809525175,3964.379173843798,0.79153822693428,medium,not_eligible
55.82726611773823,14759.611413292145,salaried,2.150277607584284,11375.817288200222,0.8468941067129098,high,not_eligible
53.70990036072663,80425.440341969,student,9.641988044812695,586.815439864557,0.7590316583018166,low,approved
41.238268926052754,86342.02696170004,self-employed,1.9141353084021104,1588.9742141458407,0.7563493625210403,low,approved
47.65119971714668,60710.95473308652,salaried,3.03577012624884,6953.454436713473,0.7832220443531114,medium,not_eligible
40.789578803279504,23088.430444141624,salaried,7.418048349369746,5918.137329404358,0.8792192728326373,high,not_eligible
51.18480095861342,60485.31314458741,unemployed,11.230007177283522,10760.244609498455,0.8312670981593625,high,not_eligible
37.33742487794291,77574.16220489013,unemployed,8.19276847719386,12092.980022449023,0.6261768766675028,high,not_eligible
51.0074078544205,41552.04341752356,student,8.166554290158762,3582.912343596246,0.6379299847364933,high,not_eligible
27.801345152232283,50004.130464490256,unemployed,1.9891508408273115,9621.491149836325,0.7893134822142824,high,not_eligible
53.28593835508413,49511.61911238406,student,12.615670072530987,3886.8765691068697,0.8957686586053552,medium,not_eligible
36.28162918450231,66721.36353562673,self-employed,5.245527320932716,9922.448772765816,0.5752495157274765,high,not_eligible
24.902043735064485,52870.08511895828,self-employed,3.0296372695589664,9131.15070261987,0.8000269823848369,high,not_eligible
37.31049191212112,86175.77802909538,salaried,3.809650206173316,7254.817285232121,0.7973752143482579,medium,not_eligible
28.92175577417856,50608.74432394536,unemployed,2.0735608648376007,1995.172470641461,0.9888337778208448,low,approved
20.523474507661263,63642.80300064226,salaried,6.357511827076489,11495.301510329575,0.8114978188287136,high,not_eligible
28.015769999930978,34735.96251951389,salaried,9.143042467272323,3885.466419180493,0.8882988984740928,low,approved
54.33824848611682,11937.656349681918,salaried,10.765660636676389,2567.463120158467,0.8641257140087463,low,approved
38.26371464362274,12539.319779763136,student,0.0,507.79871176498443,0.6369433520192799,low,approved
57.29504942590008,104177.74201590387,salaried,7.454067945014133,7060.760161350121,0.9268207216631738,high,not_eligible
43.222396720037246,27648.417824857308,salaried,15.752870911250737,3241.177420327512,0.8715396505456288,medium,not_eligible
25.475550791247684,37537.41647690258,self-employed,10.11412824970134,1400.0311324807785,0.9008268639674588,low,approved
37.64064331074891,63189.19074536562,self-employed,0.990532430706077,10882.47201171306,1.0,high,not_eligible
18.206434776941283,18648.57837268728,salaried,10.189083805593022,4149.21571241608,0.6415887060501411,low,approved
40.9764274758594,87556.56084967188,student,13.23579665984714,3564.290288173608,1.0,high,not_eligible
38.05886104721123,68678.1738976355,student,11.980353903075468,2497.279681966223,0.8212552480599644,medium,not_eligible
18.648191003827144,61181.49270474541,student,13.552572597068666,7396.812694163342,0.8787328904403009,high,not_eligible
41.65530410145649,66019.34050389525,self-employed,13.90529181395721,7537.209540788451,0.8454487754698757,medium,not_eligible
28.85687783692675,31320.808694023934,salaried,11.156027351264957,5308.933858251565,0.8075763666601956,medium,not_eligible
37.82080438530525,85620.03090983644,salaried,11.93423088909828,7101.181146338029,0.793016707176124,high,not_eligible
42.99064456431942,94749.06010257918,salaried,3.035960792927449,2774.184252210239,0.8829508735573008,low,approved
26.70482738661584,66670.93634911162,salaried,1.0123308554515589,3388.5591435510055,0.698282630332832,low,approved
56.696997388804746,98260.99582415727,self-employed,2.952160695541416,5521.490655816034,0.9250579167521764,medium,not_eligible
30.88390512748653,49033.109633321386,salaried,13.83282647341969,7750.9389632869525,0.8083805595114746,medium,not_eligible
60.96394570174244,15359.13909760538,salaried,5.061764305446857,5706.00188109036,0.7369930660959642,medium,not_eligible
45.57636468714122,75568.87810850813,self-employed,5.384396855885958,9812.236724971579,0.8049987142004186,medium,not_eligible
18.311187409795192,20115.09235256893,self-employed,8.607344460301515,4788.489024081399,0.9757149216862572,medium,not_eligible
42.99326745204856,49448.33720606043,student,11.247490880679504,6224.511881446072,0.7964664912983777,high,not_eligible
46.76653639824198,44991.04026719625,salaried,8.850818437407959,2957.488236664432,0.885845361820962,low,approved
41.260529003605065,74339.90897271431,unemployed,4.862304810871118,9860.76654178783,0.7769043724284527,high,not_eligible
43.13061599075014,26230.71286209558,self-employed,10.137733535613258,8845.341488686528,0.925792184992362,medium,not_eligible
52.80248536423522,101539.0417166799,unemployed,9.403940747723698,9470.066178029572,0.9185507738790204,medium,not_eligible
21.56197729430731,64700.90234680386,student,9.910863508609056,273.14791814064733,1.0,low,approved
49.14404643529927,55428.32831206317,self-employed,8.301817316477091,7586.1167442620645,0.8324436054500784,medium,not_eligible
34.84653201686567,59244.09426301113,student,0.0,3636.7906950097213,0.9168654804757906,medium,not_eligible
38.993417445858846,85263.35487014116,unemployed,8.44586203628205,8623.018667241744,0.8598067539538944,high,not_eligible
57.115969449694845,103173.84132510208,self-employed,2.847906147397633,5177.5429161724605,0.9795871781863016,low,approved
17.101199966596205,13927.718968751968,student,8.13832597260674,4381.835336281892,0.778116761239127,high,not_eligible
45.662292433690766,80770.91165822854,self-employed,10.809428860149843,7951.489908575252,0.924500531287728,medium,not_eligible
55.21054922719296,46907.84734067877,salaried,11.159359015190294,3231.491707312049,0.8305302703883318,low,approved
18.72790780706808,21841.630045574453,self-employed,7.639671446571274,5090.740726142368,0.8435811822891502,medium,not_eligible
43.27443491938415,36935.56825261017,student,14.822333373881737,416.88929786464513,0.8591752484448373,low,approved
59.18875537681319,100863.49715759198,salaried,6.551901605284362,2019.5952417325025,0.8752240396426677,low,approved
57.91534402324486,12193.891821320658,salaried,10.853895091363103,3299.821341927054,0.8383770956878042,low,approved
19.15755203296168,72147.10678431728,salaried,11.812446281826306,1806.1651997159129,0.8714713183170526,low,approved
43.88269636244871,30225.144121968377,salaried,9.709441502821338,3054.941310347629,1.0,low,approved
60.71631488437447,41155.50141549866,salaried,5.947829963790287,3490.186946458408,0.9485449685615218,low,approved
45.97346120580354,61608.79604999915,unemployed,5.784407023622171,5871.872302584566,0.9369154592496896,low,approved
38.52978710608194,13649.87375612513,student,0.0,7756.186946174827,0.8044460473976129,high,not_eligible
33.24295099981513,47016.36498566314,student,3.804760044601106,1377.3596928033928,0.7610759171771675,medium,not_eligible
45.20061103190565,49430.57189183681,salaried,9.205553963669216,5160.16963690883,0.9455300558237753,medium,not_eligible
32.97255252866425,87541.21292009536,salaried,12.230074069754338,8935.546594411824,0.9376046792529794,high,not_eligible
60.798482190283295,48152.865588524495,self-employed,0.0,5006.1251486179835,0.9972670675750982,high,not_eligible
42.61683647551888,67429.64312425951,unemployed,5.959355415275178,11800.685523783897,0.789601937403077,high,not_eligible
24.811923846424623,37813.521020245535,unemployed,2.0401076977445265,6798.437512360729,0.8270451344639653,high,not_eligible
48.47454921630713,66385.26847718304,self-employed,12.531341928634705,7921.860381588249,0.6860515837474566,medium,not_eligible
26.67232776238323,33386.37541532388,salaried,8.466231112497843,2875.2478293117747,0.8107528893939127,low,approved
50.27251678052552,61965.70409760526,self-employed,8.10390631145678,14168.08479908978,0.9496570510579448,high,not_eligible
20.32102053728394,92645.6950245481,unemployed,0.9566062861061913,4178.444576024334,0.8033504620771802,low,approved
36.27558461250932,86353.0860085805,salaried,3.757421925408976,7625.358032213762,0.9140479795200824,high,not_eligible
46.42676472551131,16157.89535969998,unemployed,2.0260452241198634,4837.586825067693,0.8309496894002188,low,approved
44.83108318860828,31097.062386146947,self-employed,14.474068203050969,3633.2548011086005,0.882405702822156,medium,not_eligible
53.41514867924285,96586.74863705918,unemployed,12.360418692266649,8818.313429058042,0.7352308610184333,medium,not_eligible
26.95854201811684,29245.07189666852,self-employed,5.265155104191589,9167.651764492899,0.85852094496339,high,not_eligible
25.96129817606957,48807.424895629374,salaried,4.210159425443154,4926.654203563787,0.5508864029099276,medium,not_eligible
44.11061656070377,40718.97744559376,salaried,0.0,6440.890035941027,0.8313103841838015,high,not_eligible
43.68429898524765,77366.17242827076,student,10.26053450024772,557.0667196404623,0.6869526756284859,low,approved
38.76049482879038,90135.71186860595,salaried,5.0606253799941285,5046.276594657003,0.9705994516546816,medium,not_eligible
36.41232674853554,12501.046398336804,student,0.0,6466.758374341647,0.9277407352764512,high,not_eligible
58.286515491369634,37628.36738364686,salaried,6.063420888790902,3010.5427391797166,0.8966670981966081,low,approved
45.72203851857928,28804.01007288252,unemployed,3.253755018165416,8142.169593770825,1.0,high,not_eligible
23.50979922985329,13296.596146581956,self-employed,12.678643678947804,9151.572386305557,0.7551083479175162,high,not_eligible
37.507045801507054,42615.13056436854,student,11.906838012225556,344.958961078539,1.0,low,approved
43.58863182637918,25834.72380966944,salaried,14.189309348803857,2472.6522582170824,0.9432191564260384,low,approved
57.07728652741126,98051.08579988463,salaried,7.026158558736118,6743.087476785319,0.8263444712781054,medium,not_eligible
53.83387579570391,103084.67150291963,student,13.194339433753232,1469.1564293718602,0.9635620147182944,medium,not_eligible
49.69167565239024,84701.52665034139,student,14.398080940289102,3149.755895422826,0.7393706487588365,medium,not_eligible
44.40931010527751,15618.347056373344,unemployed,2.0585224623915868,3462.5056853325627,0.7675485838472327,low,approved
45.434935165339446,73246.69691007503,unemployed,4.85553668179412,9318.403774320008,0.7891410276760299,high,not_eligible
53.54757472881781,45920.81805728207,salaried,10.940326315847123,7198.254653133175,0.7971022291935984,high,not_eligible
23.062316121996545,65260.20269291936,student,10.81988113692456,3706.209259320355,0.7443442357239747,medium,not_eligible
21.689494183243777,64315.27513218364,student,11.403682254589778,250.59785508961838,0.9723083067095324,low,approved
31.9995914558001,65894.38441189329,student,0.0,602.8995745953441,0.8241145599630169,low,approved
55.051990444896205,101893.5393703792,salaried,7.581867467582574,6105.622595964716,0.8852504968356879,medium,not_eligible
24.941819104226227,51458.65037410258,salaried,3.906837951931892,7275.503235415506,0.7929648633586319,high,not_eligible
59.07229148208326,87560.68590164359,salaried,13.817843448076538,5992.81242851635,0.6679396699451483,medium,not_eligible
36.31941262339776,94571.61762436062,student,12.1438345348424,2570.9087791994198,0.8770057358391422,medium,not_eligible
62.35306816783834,103800.24766073792,unemployed,9.025457694511932,11169.390439235569,0.6587745024580223,high,not_eligible
26.35693087900625,53129.11349810197,salaried,4.896183162582073,8025.690373295674,0.8431365953914531,medium,not_eligible
52.1796560770989,31519.61112576679,salaried,3.936211905597195,9870.46570572842,0.713168496116719,high,not_eligible
21.6428530194294,60514.60856822206,student,12.787177562764542,498.69509808901637,1.0,low,approved
58.67798017569728,12627.350026050051,salaried,9.852157441015216,2355.113676691247,0.941136272217472,low,approved
26.6630738345414,40193.36852899123,unemployed,11.782521934550996,2729.622253328688,0.860575379127148,low,approved
37.05547337712,11767.762312976793,unemployed,4.011786450032797,6814.067534902479,0.9763706677654668,medium,not_eligible
30.67884708537397,85977.86753728773,salaried,6.000963110573027,5245.0677858896115,0.7653684022534264,medium,not_eligible
32.05424955112169,53134.722041083485,student,11.210412483729495,173.3804288956608,0.9043479378670092,low,approved
30.97356851314744,15835.26073422464,salaried,11.717893075021996,8704.023616170318,0.8699810433718713,high,not_eligible
56.89978319228523,14941.935789126135,salaried,4.642182392666609,10260.651793320003,0.876402008133367,high,not_eligible
62.08632083755966,53937.2641021361,self-employed,11.3127370885043,3812.9040109517155,0.9772353500106769,medium,not_eligible
24.33508910804848,41369.749175469966,self-employed,9.877054618293988,5226.1012788717735,0.9232492102779802,low,approved
45.72965182543705,30706.20361904948,salaried,10.611698178353336,10915.149666758609,0.8788723662825023,high,not_eligible
55.88223787240087,58193.34561709252,self-employed,0.0,7341.9246044726115,0.6845112563771704,low,approved
23.22780138900237,69963.16825564134,student,10.69667550663119,2864.8397949255527,0.7539953704720536,medium,not_eligible
32.46054949431931,46184.54528819964,student,4.044061974576849,679.381699786668,0.8377291066404275,low,approved
23.48902076982676,15299.851075675271,unemployed,9.827039352090294,8982.137984026362,0.8593372374276651,high,not_eligible
54.24245547802472,38516.83125352826,salaried,5.867632161337458,3025.466642557916,0.7369796275326076,low,approved
58.9472633927798,84745.91235084475,salaried,6.288648771944912,1446.902355669032,1.0,low,approved
56.166639390011326,61591.56358888552,unemployed,6.284076182000844,14532.439522123337,1.0,high,not_eligible
19.57647140823071,62915.83547174626,student,11.443222088945886,609.8294814478966,0.9102118320392484,low,approved
26.62282310571528,52378.069319653885,self-employed,14.156168752843334,2911.8253523685503,0.8572036861283745,low,approved
21.806946772746947,14200.048143898232,self-employed,12.99515072281958,7000.489278867325,0.8287791030098848,low,approved
45.30986743265638,14918.636774323082,unemployed,3.961057074681528,1200.5028493025015,0.7548081539977765,low,approved
19.454425071162447,46999.91900838847,self-employed,4.002962315591051,3832.331337993508,0.8577480518518862,low,approved
41.93485144003242,84648.44068567872,unemployed,9.046118879179156,7697.958776575076,0.875775254014275,high,not_eligible
52.68902627663294,26041.49345955047,self-employed,0.0,6502.233860327963,0.7258239424518376,medium,not_eligible
52.66191815028026,84124.17190193447,student,10.249751890204989,4532.58627062858,0.8834176417244897,high,not_eligible
22.64829175084409,65656.06324919678,student,11.987773185341828,4741.2343916512,0.8344740951175251,high,not_eligible
24.93634011158101,56662.50558463224,unemployed,0.982451637757904,3227.1020601651303,0.6592192442122609,low,approved
24.21933524366868,55511.10703799599,salaried,8.4938405107327,7786.712641839825,0.7639614989220498,high,not_eligible
51.626004219038514,86388.39617228095,unemployed,9.508837528778148,4106.339703661872,0.8086394466578355,low,approved
54.559431211442366,91459.2482429262,unemployed,10.933664635501646,5338.093947823856,1.0,high,not_eligible
31.14483351055879,34065.946073003994,salaried,10.607312871264076,5640.515809676775,0.9056553124533758,high,not_eligible
31.39963046328156,64384.351272471045,self-employed,5.4463413528184725,3374.688957255432,0.7164518430900109,low,approved
39.73553641285697,12490.599249042678,student,0.0,1905.8423055830594,0.8986036289417637,medium,not_eligible
45.20355837711485,22400.595305827246,self-employed,12.589204351797903,1597.4970100211976,0.6952696011061634,low,approved
56.0,84290.0,salaried,6.0,3410.2400710821107,0.9582691053887074,low,approved
59.44992435128962,100984.175164584,self-employed,3.9889280230255535,4180.631080391166,0.8028875348182121,medium,not_eligible
53.37912205798938,27218.62529573852,self-employed,0.0,3658.0479166592913,0.8406363811260829,medium,not_eligible
41.00729066883519,72057.5541605568,unemployed,4.854758633141862,4575.43130346601,0.982579664754219,low,approved
38.11171039703355,67188.91065553404,student,0.0,3948.8132822802577,0.721283643141575,medium,not_eligible
21.740166938106945,91979.28089795006,salaried,6.968390641348481,6286.089604444765,0.7102881814887009,medium,not_eligible
31.30059327932091,12130.156436453688,self-employed,5.672402428185544,8662.478266405198,0.7916400673653995,high,not_eligible
37.988903500152944,12241.845367923548,self-employed,12.964470387875938,2111.629728054152,0.9538378851019316,low,approved
48.67251830573649,61595.12197740969,salaried,11.516008259317797,8793.461739365932,0.6980653924523157,high,not_eligible
52.69208617813603,14882.161987261326,salaried,1.8641474807235403,3732.2201270670303,0.566784440188943,low,approved
42.96409830884349,90476.67592475006,self-employed,14.28542357930569,6303.1447172364915,0.8048841141591001,high,not_eligible
35.78577458894819,88854.76762835364,unemployed,8.460019300679118,12915.555160208385,0.905174079991092,high,not_eligible
42.3876104833672,95345.44046492309,salaried,13.913968158599465,9402.123311726204,0.9700261749738828,high,not_eligible
23.28380488869212,30397.115909342425,self-employed,2.9294140251810536,8629.982756574896,0.8036838637914601,high,not_eligible
52.91702656618046,57971.9759992016,self-employed,0.9479243271592808,6934.464170306487,0.8088573392883998,medium,not_eligible
48.12518231029395,20467.638375545022,student,7.98414110852713,3369.415403121271,0.9653900734255748,medium,not_eligible
35.59441272428239,85895.60659558422,salaried,3.8784325206422654,3138.8593731641204,0.6630258300304579,low,approved
49.78956611563199,28050.031838262512,unemployed,2.984141271573059,6090.0233855608785,0.8111479224816991,medium,not_eligible
26.130534913459773,34343.670067792365,unemployed,2.005340933722035,1827.072147179973,0.8690423889925057,low,approved
38.902431285911504,79573.52402522512,student,8.987886344749063,684.61953923068,0.8949218721285034,low,approved
35.31914863768788,72578.74577711525,salaried,12.375126243696592,2619.0565596444094,0.7990193306809117,low,approved
24.94702190133769,17239.972496655788,unemployed,10.249778209421317,7291.377145720806,0.8534441011705841,low,approved
41.38444926867209,90489.05395790756,salaried,3.134011770533725,5875.168833759563,0.601167264658701,low,approved
40.06419351702657,84161.64346914705,student,4.1614457125321165,1471.0480681434656,0.7841751587666151,medium,not_eligible
28.71200157834557,60440.60604949713,student,11.159559099050654,2427.7050858200723,0.8953508712554468,medium,not_eligible
32.905462172744485,96134.75416990342,unemployed,12.508136091640338,3965.66619783505,0.751770596574532,low,approved
41.97829015842121,69855.77421985914,unemployed,5.775770837734068,910.9751859222267,0.8558984221589597,low,approved
30.64959811695936,54915.397069758765,salaried,13.06336047308814,1678.2983423895173,0.8946872500802698,low,approved
24.494778804304502,15691.592870933471,salaried,8.136209745443802,12166.398899195212,0.8157450799142235,high,not_eligible
49.12258828607835,81506.215113533,unemployed,6.43245560519709,5943.912804735202,0.867046377099657,medium,not_eligible
25.40571906696812,45231.66501367901,unemployed,12.287084560174794,1352.0386276822553,0.7537267434715388,low,approved
20.02641451360388,77738.56079430465,salaried,0.0,2641.856583216065,0.8293388720303954,medium,not_eligible
27.13818316949546,48447.12073612845,unemployed,2.09155677446459,13489.817076974306,0.9110216169589224,high,not_eligible
38.54189651482623,72444.89833895459,student,4.138353859026304,365.84541367212154,0.8656972960968434,low,approved
20.00732818279,61527.13610477398,salaried,7.868210177379963,6593.101173370677,0.7913468730436064,low,approved
38.79791757534128,38363.96279959075,unemployed,12.968645990905063,4673.332690317973,0.8724216404290793,low,approved
49.88842403597211,57213.33273468084,salaried,2.532278906490532,2817.0441616638477,0.9214609790636618,medium,not_eligible
39.4705052268502,15581.386654657452,unemployed,3.2670367638834694,8489.81604291658,0.6450058721422521,high,not_eligible
54.65491095751997,12105.876129952874,salaried,10.900314221703988,3920.031391175478,0.9659074064955896,low,approved
27.69626030906984,30905.24388829593,salaried,8.98717090742515,8868.005137110034,0.8163745261318928,high,not_eligible
57.11467543407288,78498.54462758124,self-employed,6.378383431356986,6757.978384913287,0.892548993324023,medium,not_eligible
38.315224056153085,12361.806558412503,student,0.0,2879.541629319417,0.9697246923645227,medium,not_eligible
30.73850500835244,25850.953576308068,unemployed,8.503207522722276,1092.4641873206183,0.7128326302769534,low,approved
25.21023277321559,45412.16771171613,salaried,7.718765786120575,2501.0769809034264,0.7790558997572453,low,approved
25.64640847162689,94023.48630189589,salaried,7.686314738258579,4162.481118129218,0.8211451304124295,low,approved
44.0,10301.0,salaried,0.0,7298.813276115745,0.7716246478875571,high,not_eligible
24.6279297304072,40911.77022304426,self-employed,9.628010256195411,8130.129323656671,1.0,medium,not_eligible
25.21506549871121,29782.09392040465,self-employed,4.9552570747194284,6041.591010959483,0.7643227906173207,low,approved
47.312912577469305,20755.05409885805,self-employed,12.00290120643304,6809.413266193114,0.7944453220513134,medium,not_eligible
46.96728746140533,85152.1154127765,student,2.891010089288004,1611.6982020008468,0.8704389031602977,medium,not_eligible
24.02529893963436,68667.26184565725,salaried,0.9906909657729672,1907.194924707993,0.729785047392391,low,approved
22.065970467883947,77533.35602756235,student,10.745338762816212,197.91624689280218,0.8104319288243735,low,approved
25.162442532757435,71615.88865878932,salaried,0.9213733606234408,2402.1804584548645,0.8817453261250174,low,approved
47.726107828716415,21045.68325922055,self-employed,13.294602881156775,3883.2792886704337,0.8167139595617489,low,approved
22.403749154026183,16072.063544045985,self-employed,12.432952139663534,13105.191759676069,0.8406613141100051,high,not_eligible
25.57978816960336,15794.91570129877,salaried,7.768548219597017,6007.731713850761,0.7970667887551629,low,approved
21.075667138138915,56618.12580722011,student,12.946661833293124,7669.44085716753,0.6985529690819232,high,not_eligible
46.07976779744076,31846.93303021687,salaried,9.817109225043277,8916.409735306688,0.8821593211339238,high,not_eligible
20.984499854496217,73926.9973197921,student,10.359384606017594,2777.4746402317187,1.0,medium,not_eligible
46.18579448260552,97582.84390712084,unemployed,7.907215405770271,7463.3777856106235,0.8518401630783438,medium,not_eligible
53.06629549537234,59744.53839763868,self-employed,10.072234882383784,13268.402450708347,0.872526411724755,high,not_eligible
48.27836871251381,51466.689001398336,salaried,9.51012240866493,4543.250434662799,0.919272275511686,low,approved
63.82865265705127,85151.74059023503,self-employed,5.632062059447055,5439.018912839345,0.7230669503453301,medium,not_eligible
55.66504384540331,19596.40289029044,unemployed,11.337667592179878,3583.1254291058476,1.0,high,not_eligible
24.89462660154045,17169.87665773602,unemployed,11.382928460728978,1729.8419691187937,0.8702328796422801,low,approved
56.69943476985275,94098.65594037889,unemployed,9.0297736154199,8628.04031652465,1.0,high,not_eligible
52.51978532211034,102639.2341628292,student,11.77534134607185,1495.2796915925956,0.7766967004476011,low,approved
59.0,55017.0,self-employed,0.0,10781.407353989354,1.0,high,not_eligible
57.63506574687048,62134.1421335413,self-employed,11.21651514558987,2010.23434458521,0.9275155494034784,low,approved
45.826195732581546,16340.89054406935,unemployed,1.994634093065407,6625.1933746097875,0.905304008585236,medium,not_eligible
54.76882111382895,96788.43071325713,student,8.231097774188129,5801.453737056101,0.8734024454353148,high,not_eligible
59.20516087002549,57741.58871487277,unemployed,13.235939702840046,2909.8025515260288,0.825147138192555,medium,not_eligible
23.294113989338808,50861.052362888535,self-employed,12.342450838540652,10074.293600844503,0.9700531658473872,high,not_eligible
52.28546835505786,51003.54039389156,self-employed,0.0,899.7354060650647,0.8640359869848047,low,approved
19.30879153008512,24966.776870012243,unemployed,14.644518688379415,7516.090016188127,0.6532930296412848,medium,not_eligible
54.48454481942543,47388.391470926974,salaried,11.382013548670624,5829.059022203486,0.7382813538292997,medium,not_eligible
44.981967622114034,97439.42499952752,unemployed,10.235239519626504,3748.302719042328,0.8314154247807253,low,approved
42.695008025852175,23619.542787412687,salaried,6.994059323591452,6028.310995700975,0.8809998983165555,high,not_eligible
25.225723309827,55674.95787771264,salaried,4.697801736292329,6416.765243311443,0.8443411511100104,medium,not_eligible
29.653012494884265,32497.28887109232,salaried,11.59377764607126,3470.9652206384953,0.9718970789793664,low,approved
24.45264996005364,43570.10088703805,salaried,8.53125484755884,5121.782863919801,0.6548898135961375,low,approved
56.48909026970478,64741.64656117398,unemployed,5.511186748767818,6875.96690791557,0.864358793650516,medium,not_eligible
38.92165321444816,79746.78745850048,student,4.12622718003563,1567.2082275654996,0.6682020774612845,medium,not_eligible
47.992044712589816,42397.76114113877,salaried,8.216915069782324,4543.038207214688,0.9259712295484168,medium,not_eligible
19.93246016942064,77172.01292012254,salaried,5.17810482039374,9242.664249860132,0.8405541285557997,high,not_eligible
55.75010542956101,23403.406334998646,unemployed,3.418512037459056,4244.312857087939,0.8919609972024118,medium,not_eligible
48.80379793645314,38524.34587141325,student,13.072308410572443,1333.9596156696068,0.7636117039410234,low,approved
46.43723904314173,16176.530106022856,unemployed,2.013615828860136,7981.356633478152,0.9779464931657752,medium,not_eligible
54.87213395216335,62717.44529050021,self-employed,10.705194676849018,5057.041747743975,0.9541724664058852,high,not_eligible
31.07353229384058,94927.23313384091,unemployed,11.049813059652964,5030.8764359974975,0.9083544303011888,low,approved
42.780449508719386,97907.93402128808,salaried,4.8388494955075965,5961.623404552443,0.8370482753136559,medium,not_eligible
51.200266116804926,80842.8817557927,self-employed,5.844166891921826,9301.643898156744,0.9079857285295132,high,not_eligible
29.20467281503947,51426.27876772752,student,10.346513892065389,5180.144491183219,0.7793107432012651,high,not_eligible
25.311562829770253,30559.25560297403,self-employed,2.793610433921757,3579.491480521,0.9355555659020712,medium,not_eligible
21.163302065270344,16196.76576709144,unemployed,7.844735132726397,6848.640798013455,1.0,high,not_eligible
54.66359531774302,13588.537411460054,salaried,1.842483463053243,6049.700446205953,0.9570610559979186,high,not_eligible
30.227387979175763,12397.696066299352,self-employed,5.904969505495636,2034.784172825202,0.777039753019259,low,approved
43.10472264206565,91889.83821811466,salaried,13.667443356427654,3170.923661429751,0.8861417317273103,low,approved
47.40183871812565,35924.21063847794,student,14.14514279425636,5453.776871075661,0.7206858456241352,high,not_eligible
50.45264445410642,15388.88145565364,unemployed,3.896575891022299,7331.49675331929,0.9072390311175677,medium,not_eligible
53.55564318083975,59925.84045865296,student,3.642608200300834,363.1566557231589,0.8950603412862539,low,approved
23.773023021858588,73372.9329843036,salaried,0.9885505316280327,7039.536959994208,0.6630183660467835,medium,not_eligible
25.410468401445307,34466.491206595965,unemployed,12.272146175289066,5183.433543607757,0.7338216156087636,medium,not_eligible
59.0,13436.0,unemployed,2.0,3242.4401148596735,0.8216861103256232,low,approved
51.92370121052215,100031.45435129518,student,8.3352658010182,1691.2409645060422,0.8199140252859174,low,approved
18.820578385034665,72416.14517381269,unemployed,8.419051021690512,1505.5871521766737,0.7290523064581195,medium,not_eligible
42.299453821047706,16706.58767471444,unemployed,3.2101743712281143,4775.317086062818,0.8888978729352184,medium,not_eligible
48.98176947063196,99046.5547759129,salaried,8.998217020026432,7509.3680894544505,0.8751473608940512,medium,not_eligible
47.67399392742266,45395.75745669242,salaried,9.432717511048928,1811.5781564912882,0.830573086802148,low,approved
50.98867624544937,27011.741065873928,student,6.090561572104134,563.8830920729199,0.7744208499841637,low,approved
22.88078727789617,40730.85448402704,salaried,12.372794067869998,2225.8435152547545,0.9548707126416563,low,approved
51.51410476480384,93871.85812767837,unemployed,11.719441664566556,5878.982673725329,1.0,low,approved
55.82535880871547,34984.43097668547,unemployed,4.928597000503513,7579.858504798348,0.8016438516153462,medium,not_eligible
22.080473832147884,51607.82848638588,self-employed,11.44257329479353,7686.739242636802,0.7887833082845179,high,not_eligible
24.944940105920995,47689.70136762758,salaried,8.390961820403023,5566.455218052706,0.8991207665411997,high,not_eligible
25.004797634192485,80868.66570626281,salaried,6.958429850742601,4635.788328995229,0.8141970620253014,medium,not_eligible
20.590826057622355,83359.78351246219,salaried,4.7868158127630425,5390.620704242311,0.8360602799336766,low,approved
25.02342639582274,15925.232935725937,unemployed,11.422549698351684,6090.814973577857,0.9239653151724672,high,not_eligible
57.05273064252375,50801.13021867958,self-employed,9.114755545378593,12777.632362398632,0.6590643912492706,high,not_eligible
30.90862370643034,83768.8437150916,salaried,10.713421285945316,4127.226693004324,0.9818302324852668,low,approved
32.16151035020966,71993.15914906464,self-employed,10.300842220665976,5229.324652764449,0.8572680524329341,high,not_eligible
32.520539095955186,83048.22644852541,unemployed,11.50698942554126,6047.389218603381,0.8088506855437819,medium,not_eligible
55.84755316783798,96603.69335921649,self-employed,3.996144442443968,5680.5067751430715,0.8410765845778551,high,not_eligible
52.23210353181314,40868.16738553444,salaried,5.552880621689065,2888.753483631409,0.8462429355020519,low,approved
34.135833688886585,72340.27112573339,unemployed,4.085212034399095,5803.2805924930235,0.6768798696555074,medium,not_eligible
28.47358547959201,20155.952049910247,self-employed,2.1989480509918784,13870.85509469348,0.9994938227453236,high,not_eligible
52.57958508935794,45252.85863532585,salaried,8.764323463253124,1988.5316992857688,0.8541325632270618,low,approved
51.1953824544586,22248.559816743003,student,7.322578751763365,4332.2294064961725,0.8943002130447375,medium,not_eligible
59.57667623173997,20244.533428744977,self-employed,14.259711714094406,3488.2466989127397,0.9451549770574044,low,approved
53.11397130126477,13200.02752185638,student,3.6928040234361856,3657.180131372767,0.7478837542439699,medium,not_eligible
59.24825089773125,21664.25426293233,self-employed,13.023979399747247,8616.857922606336,0.8973471899035228,high,not_eligible
48.12198917440065,79867.6798135545,self-employed,9.786868087437613,4160.956583605062,0.8232358909101206,medium,not_eligible
18.156290135272663,97472.55396278502,salaried,10.547538911439036,2691.366638120704,0.9346770775216492,medium,not_eligible
44.67788796085846,66684.68938873067,student,8.790233830623006,4101.658949941192,0.6372772579648505,medium,not_eligible
22.074737942182647,46956.47513851553,salaried,8.281124096501152,1098.3733335238808,0.8400905699758731,low,approved
51.78389494009938,36270.06131686537,student,14.441170509965364,3571.1692553324956,0.7897179344216039,high,not_eligible
48.15827560460341,19035.868673036544,student,9.503615916593564,1410.1667583609326,0.8932262950634156,medium,not_eligible
46.92037155649444,92978.18865542696,student,11.842267607942668,4895.8964491409615,0.8970044187368202,high,not_eligible
18.41170826937623,41392.39758364731,student,13.993846256501785,1776.432358829926,0.7792374105177974,low,approved
24.76996423337089,29995.40261449376,self-employed,5.571586963913226,3652.048969133822,0.7787826135823956,high,not_eligible
43.64960106171676,58416.2206580618,salaried,12.49840320665784,9113.505355950103,0.8389334631442671,high,not_eligible
58.35683948331042,21665.04394980009,self-employed,14.470845008418337,6147.059255844586,0.7603357772684791,medium,not_eligible
29.601592078455788,32403.447607682847,salaried,11.307717189074738,6235.3211227268175,0.9341983695452128,medium,not_eligible
54.47758418694707,14751.1990745592,salaried,2.07739306630316,7753.379128269195,0.8130792799552553,high,not_eligible
19.04402566272148,12967.202911780536,student,3.6120598252278673,6104.850070143843,0.5593011780678359,high,not_eligible
44.81829308771604,22663.814488636464,salaried,3.053460374821377,7219.872115146838,0.8125177943378193,high,not_eligible
42.50595444522723,80935.39800080848,self-employed,9.616586720461838,4484.769233822364,0.7461456179156027,medium,not_eligible
24.50638843279239,42843.361985601885,salaried,4.039345182832881,5088.107045819292,0.6868724184539055,low,approved
46.3223041124118,63793.0569236123,unemployed,11.794920402952071,12575.487841447324,0.7262573361777427,high,not_eligible
21.419322870984804,52732.08167228198,salaried,7.970646128051253,3092.0822144576596,0.860940847183297,low,approved
27.54111676673918,33527.172826636735,salaried,8.357144830363989,3996.990706755209,0.9828640828248232,low,approved
29.74220335540928,73283.09918721873,self-employed,10.477569759414234,5212.330573970435,0.881318447386498,low,approved
40.16484789668438,29653.771749412328,salaried,0.0,9696.725389346539,0.789349661178426,high,not_eligible
22.4623012136759,95686.25058500512,salaried,7.233140804973859,6617.23247556779,0.8955904195170703,medium,not_eligible
39.47310810826121,27296.905904236675,salaried,0.0,7378.597164673974,0.8040909689781008,high,not_eligible
34.8710554093642,57492.12069050984,self-employed,10.691378161198177,9889.690880195476,0.7805399630836856,medium,not_eligible
39.11105203768322,41761.85766957114,student,11.40577290045657,2610.356530531353,0.7345637331767015,medium,not_eligible
47.22454994701739,92388.6024200222,unemployed,11.69456873447663,1846.1805686640632,0.674817119324828,low,approved
30.53503343268132,50517.41397738012,salaried,14.027344583567912,10153.1192356233,0.8110076293440555,high,not_eligible
20.38145169071869,90120.24702005716,unemployed,0.974019559692018,10272.56791400089,0.8658053489920131,high,not_eligible
46.61861540928497,102703.88790536523,unemployed,10.791216757851275,4957.438839659068,0.840337632998511,low,approved
46.34799617144798,64354.69794938982,unemployed,11.419801741174926,13807.599406564252,0.8084033072052641,high,not_eligible
53.89492820791416,62798.47464132469,self-employed,1.0029009106434656,6332.2022418906745,0.7554253939303218,low,approved
22.72000758477806,65808.02936025203,self-employed,1.9471580729622897,7422.923576537483,0.9108246191684968,medium,not_eligible
23.56113556896656,31230.821231843853,self-employed,4.9753998415154825,2061.4942852869863,0.7182868080053415,low,approved
26.925889327534364,55796.8497616653,self-employed,3.163929531655484,9880.11999805615,0.9276027913843476,high,not_eligible
18.12581377534921,74692.1179260857,salaried,11.246724758962255,8419.183153022701,0.7497782981073275,medium,not_eligible
34.36567617148699,11922.35918630614,self-employed,5.718954079663496,3110.9927869404805,0.7747564762646965,medium,not_eligible
20.07758402671696,22435.850634621973,self-employed,8.449540187212493,3928.5749055636747,0.7033214809384323,low,approved
40.92460582446703,70789.36293037201,unemployed,0.0,5505.692185333955,0.7998597853114363,medium,not_eligible
51.3232654963189,34532.35335389284,salaried,3.998084312076213,7166.451774705918,0.947531245847798,high,not_eligible
30.45187535663324,51591.207490505214,unemployed,2.2092289813171364,10414.475911204574,0.9015628088443955,high,not_eligible
20.47256245469228,19106.785580220163,unemployed,8.163178058439321,13665.335453626025,0.9478422112028037,high,not_eligible
44.0353257069457,18733.462743617256,salaried,2.8533194961857102,6591.311803673483,0.9022142545933935,high,not_eligible
40.61248558569388,53224.051946757565,self-employed,1.9881127539895864,1869.4022781936042,0.7396330171469631,low,approved
42.397183634784994,70885.72211901125,self-employed,13.849194606387174,7179.250479684735,0.8169210775672442,medium,not_eligible
24.26503390240918,49702.37748382212,salaried,3.934913284926053,9624.98839262929,0.7719800870882537,high,not_eligible
40.72295030611456,88278.91186743685,unemployed,8.429568954941741,8329.604445438934,0.983057490403904,medium,not_eligible
20.273701776578704,17858.222520650466,unemployed,8.85318588039814,2014.9401976728113,0.7303211353573689,low,approved
50.11023701083102,18101.43760675569,self-employed,9.680912568149878,6918.223912520689,0.9393697689389112,medium,not_eligible
54.011982028505855,33852.64320703364,unemployed,4.969563639160439,4267.493794256471,0.9392953870108768,medium,not_eligible
19.05506625046372,15549.555683826196,student,7.782632810837206,4498.860428023389,1.0,high,not_eligible
24.081404367852823,74362.41139845314,self-employed,13.875999908596498,2982.957921577018,0.8090313407370502,low,approved
29.08739009809537,31273.98737911388,salaried,7.94565330042184,3637.904551863541,0.9212322159580162,low,approved
37.83292236970942,26749.50005621427,self-employed,10.579709155393113,3207.136835942825,1.0,low,approved
43.47303690861837,16006.483913068902,unemployed,4.0196487275409485,7693.267429321416,0.7882358323066303,high,not_eligible
48.971575917540136,90535.85152147916,unemployed,8.514794027481539,8181.943788044226,0.696495975246764,medium,not_eligible
40.58725048484217,23718.191362110967,salaried,7.03322082623594,3417.6302461491778,0.6619989966092236,low,approved
49.72994378712109,43376.13268194469,self-employed,5.172055229817715,8178.693559828535,0.9212712028861332,high,not_eligible
40.71137846708089,25427.89052817915,self-employed,10.80424635255311,1876.9638525854457,0.6616849791941416,low,approved
56.72855208016729,22180.829866595275,unemployed,3.010378980688989,7860.284056137008,0.8127680947062077,medium,not_eligible
54.73623445431242,52365.680999077085,self-employed,0.0,4061.557461551124,0.893731318703896,medium,not_eligible
29.782270997644915,91392.0057809658,unemployed,12.113642275375677,9438.779887209786,0.8685175536829914,high,not_eligible
19.9697259898726,55877.05260225591,salaried,7.88021846694186,6957.186705467034,0.8925444864184172,medium,not_eligible
39.01134210068883,14835.461895798291,unemployed,3.0081592773522225,5478.0197225680595,0.8722289855800854,low,approved
21.811325363928887,74972.26615602356,student,10.296331328455182,1690.1965586397673,0.9778865813313392,low,approved
40.7313145974068,44775.5154425531,student,9.241828628660816,6261.152395212849,0.7547683619261203,high,not_eligible
24.483290287567613,77550.39010660438,self-employed,13.7339797274689,9094.719994968222,0.7823004861541468,high,not_eligible
49.94824281871658,88570.45038668475,student,8.153443358101317,2749.242858254382,0.7727340554729176,medium,not_eligible
54.394577562458615,105327.1572203766,self-employed,2.8309825080864486,552.7493057654028,0.933019181186261,low,approved
34.0,82615.0,salaried,4.0,6728.871976551041,0.9400398588395064,medium,not_eligible
53.47945939012341,74285.77303214974,unemployed,7.491236200622454,1917.0076069797296,0.8951225319318508,low,approved
37.00881536686352,14079.39506923573,self-employed,13.460499845036772,8107.529865750304,0.9683493666889929,medium,not_eligible
54.83329137797927,37137.684307678974,salaried,6.16439078852361,3089.8118516106597,0.7321959132623619,medium,not_eligible
56.48165113361681,55603.535888097664,self-employed,0.0,4367.401355274255,1.0,low,approved
22.30007481129895,15303.408874545796,unemployed,11.242256439873048,2847.252714507149,1.0,low,approved
59.106689882285,80419.54577021193,student,10.00112022191242,2746.6488802704625,0.9235621997245748,medium,not_eligible
25.821922214279653,56312.34857200051,self-employed,2.8310028354581966,1845.06786693284,1.0,low,approved
33.10853445610145,15569.149579188104,unemployed,7.248293790187197,6311.574758410854,0.6843376792322226,medium,not_eligible
51.13898610019484,83132.08242115652,salaried,5.75864018326773,8758.4690487134,0.7975551863737348,high,not_eligible
56.04834050095958,79431.62118112085,self-employed,4.474081499066158,10353.968633983051,0.7764696539318048,high,not_eligible
59.608111346358086,53680.94522804879,self-employed,0.0,9211.743564688832,0.9221479323757344,high,not_eligible
18.38358258934499,19649.55576228386,self-employed,7.991896273613775,2463.4450717588065,0.7449859260397854,medium,not_eligible
51.50437464995733,103182.1835142699,student,11.342546525031649,2137.8959392524184,0.9257495149337486,medium,not_eligible
51.54838424096874,62487.51044313247,self-employed,13.520248692372444,4998.833536207567,0.9870536143996712,medium,not_eligible
18.16897220354285,17652.74903904568,salaried,11.033708732988,3859.2331331963956,0.9195202900084,low,approved
28.63580399896896,29079.434610695924,self-employed,5.1617600070107486,2176.746084782575,0.8783751023661501,low,approved
26.75257179574813,54467.67941062316,unemployed,1.8651535089717508,4149.726390960424,0.7512126659099251,low,approved
19.79736178218312,59207.10279138269,student,12.330914410192312,457.49898627417366,0.7653149033874636,low,approved
53.07389064875792,66605.14884142288,unemployed,10.934719987058726,10298.291861228192,0.9749618905296666,medium,not_eligible
38.21469850368755,37382.02652269703,unemployed,11.526960083554345,698.5351659009798,0.9279349003905332,low,approved
41.44921081374009,63644.05374993556,self-employed,0.9968052129629674,7789.578847859815,0.8460980480622455,high,not_eligible
25.53453304317872,15879.044959930166,unemployed,11.169019713189776,1997.3577238184835,0.8082090454234109,low,approved
28.022879174283176,80740.15467722964,unemployed,4.051242081305086,6895.967782015737,0.6474192126888623,high,not_eligible
18.577601168041426,56124.89647737092,student,2.05051853401453,5264.502584086642,0.742914758131556,high,not_eligible
52.70537181256147,16864.710583275915,self-employed,10.565376491915316,3610.4712429186598,1.0,low,approved
47.88534884278328,76764.68757487857,self-employed,4.8264924726316085,7361.651951079423,0.7219544428997533,high,not_eligible
21.60807836362988,62562.40551804608,unemployed,7.6652276247991935,3899.5815787702068,0.868947982122108,low,approved
54.88024961558438,100325.72147580008,salaried,9.57026586435482,6619.719275538714,0.95074439731952,high,not_eligible
18.74259872736599,83406.69284846577,unemployed,10.71092805983722,2614.747056204445,0.7245077331997707,medium,not_eligible
26.769042044022488,56938.04198788207,self-employed,3.0210586150498058,6415.908448774105,0.8684710474781083,high,not_eligible
44.64418074130929,103692.1269777572,unemployed,9.62809360293815,3552.0470315063044,0.9437915537510656,low,approved
18.229630651315787,22371.49146826752,self-employed,7.918105374109602,10064.290321257311,0.851249932190725,high,not_eligible
36.10289944504125,72551.06415450916,salaried,5.961093174276042,8145.261809746342,1.0,high,not_eligible
40.08578682845745,66600.34109910988,self-employed,11.617447728991596,8874.863101858713,0.6831400741121805,medium,not_eligible
32.55461042761131,98019.25116880688,salaried,7.101614468587548,2709.8687868043676,0.955872852988388,medium,not_eligible
33.922673316269425,79781.48569838842,salaried,9.59829829172939,7265.004637657979,0.8327198262603536,high,not_eligible
43.58870275581823,11995.16423369658,unemployed,3.606418746101516,8006.614442182272,0.9271920154836676,high,not_eligible
36.92791069129423,88780.56912839819,salaried,4.357059657610292,3658.4798971780706,0.8941307151699246,low,approved
44.492092326786114,52393.73252611051,salaried,9.100192785378258,1666.542514443817,0.7766843802890003,low,approved
45.24370114046166,88219.51445669374,salaried,13.618398961088088,4487.276570336366,0.8728996392459341,medium,not_eligible
25.927011958690564,54809.12346116421,salaried,4.561535870819618,8119.845534276824,0.6642098548601713,medium,not_eligible
22.42292426173957,75901.59929617096,student,9.580283628909708,3837.6226560172095,0.9103247500571392,medium,not_eligible
24.42655778267553,48292.13981096788,self-employed,14.897514335829165,7054.813456559397,0.8798158465990525,high,not_eligible
20.656203054973943,86295.3393564509,unemployed,0.9794048380329232,9175.325334429657,0.9138660168643102,medium,not_eligible
61.974573009694616,91765.55306203768,salaried,13.31514666128645,4340.818338855913,0.955811832508715,low,approved
45.21310105655807,21346.139800025383,salaried,3.0500268952272904,5957.015359350889,0.8867619840209711,high,not_eligible
35.34684022273855,76213.66291597139,unemployed,0.0,2521.5398082820775,0.8648089419798276,low,approved
24.08353679186211,26066.855053951087,salaried,4.036490013165574,6153.787102832306,0.7618931663338707,high,not_eligible
40.09991328861205,27907.49113006356,salaried,0.0,7469.186035201847,0.7787779236350949,high,not_eligible
45.72050632041608,93003.84948817748,salaried,13.62044944511354,2614.8227177839535,0.9686734620177332,low,approved
34.06396458995827,31770.30300981354,unemployed,6.94265766392951,3934.238854492646,0.9936335405705978,low,approved
20.5085164204204,61664.96824857684,student,11.13581885860091,4502.85797705518,0.8261889563687945,high,not_eligible
48.58640360807662,84599.82715522636,unemployed,7.362614958539206,3657.928930753022,0.8546002747253274,low,approved
22.067125225044645,19596.080064044305,unemployed,6.594668555922878,4203.508596125195,0.7595385625006233,medium,not_eligible
36.52633314047788,96731.58103148582,salaried,8.277768371621509,4257.052044266543,0.9672756845267444,low,approved
54.45754747116042,90129.61311090802,salaried,1.9670560471066745,5228.399908472635,0.916541682369178,medium,not_eligible
16.903614722718554,43748.00179376808,student,12.62022139930326,5713.1423371737055,1.0,high,not_eligible
43.28063152010253,26721.886534052657,salaried,13.886573677245469,2153.152410060201,0.7621676922820261,low,approved
34.48123850611495,48245.42512992871,student,3.902460515476821,3403.971103071731,0.8121992100981783,medium,not_eligible
43.55501753642633,23230.779346099047,salaried,7.476355136990459,6526.952366544322,0.8731445922525573,medium,not_eligible
50.00313141026652,57637.71732864162,self-employed,8.222256356892217,6933.5220497200235,0.914648953772577,medium,not_eligible
54.0,97922.0,salaried,9.0,8121.971782231959,0.8284332362452368,medium,not_eligible
44.58092408417606,53058.45635272142,salaried,3.06318452093413,6309.501556810979,0.76270389095463,high,not_eligible
27.33681385011572,51862.97141139561,self-employed,13.49461411736553,7544.801600043087,0.9381407528923572,medium,not_eligible
44.68710937051649,22857.70754898688,self-employed,12.725715590666226,6305.4224815678235,0.9221135362545582,medium,not_eligible
31.46134413206475,94040.73801788608,salaried,7.455683563998088,3848.401066560244,0.7583725899436274,medium,not_eligible
52.4871619907381,81570.85179513316,student,15.009414999854874,3735.451192408069,0.9855442801105496,medium,not_eligible
43.09252142056205,24419.51057517821,self-employed,13.564851450144616,11788.914468397614,0.9670198709196604,high,not_eligible
23.228456459744947,48728.14244252299,self-employed,11.205736393561429,4146.597534370063,0.8634296497247793,medium,not_eligible
55.81661389692445,64060.61391541467,self-employed,0.9940956486628176,6456.740840431213,0.8579597862376036,low,approved
47.39712425708322,15515.676928365328,unemployed,1.968397210576755,9216.149256225784,0.9054057771115906,high,not_eligible
51.27199545245932,29228.84125738882,student,6.082548908981813,4686.7611814886095,0.7638296929743742,high,not_eligible
53.73629487974331,13595.543235325376,student,4.03529671639791,2742.861537896472,0.8530031479164082,medium,not_eligible
40.57435061327326,36862.338361555376,student,9.051642125114608,1175.577730686937,0.6347616455390819,low,approved
18.67283746349508,14509.06608414658,student,7.968948631695088,4553.349515121427,0.9376455645502936,high,not_eligible
56.38053220551152,15924.76627882182,salaried,5.144717257862519,3706.9544491367515,0.693850677755814,medium,not_eligible
42.82681436865023,70739.92681606929,self-employed,12.848041041897174,6576.440478219792,1.0,high,not_eligible
19.040927624928344,56938.4326182978,salaried,8.21184738672872,3499.543572885933,0.8169879906033549,low,approved
20.93455188053201,44939.43404613851,salaried,7.172175814259799,11212.148123319555,0.8288333018068823,high,not_eligible
42.0,68871.0,self-employed,12.0,1815.6534488553527,0.7872266093915494,low,approved
36.17400368997019,49058.46740965213,student,4.05927527946248,3539.6532945580284,0.8211961126077924,medium,not_eligible
37.49687567059825,13586.455914073862,student,0.0,4653.461149904352,0.9918531345148036,high,not_eligible
28.88967911182249,48051.52616369284,unemployed,2.2214133609725377,2635.6551845892272,0.601219134346492,medium,not_eligible
32.157444417459054,85766.34914829089,salaried,6.644685169252943,12342.419795315778,0.9776965386088188,high,not_eligible
29.48679194481419,50479.71468215336,student,10.882452591238955,4202.0747206877295,0.8838023481101708,high,not_eligible
48.40716927686888,16029.421148522855,unemployed,2.0204673720590565,1240.9749513992813,0.7292978352142784,low,approved
26.76863600076505,15612.193710895132,salaried,7.322673747467464,5126.070123372039,0.7424687606950762,high,not_eligible
50.8495242463487,103583.43163190846,student,8.18355463859668,874.8649376853407,1.0,low,approved
21.802936730821703,60384.384545075976,salaried,8.983257353971608,2878.9998318456337,0.7554493120057268,low,approved
27.367409482467085,54066.06284846642,salaried,4.974750442346745,2723.2487026146246,0.734664948940404,low,approved
18.268494090270483,104535.97743647412,salaried,11.45461252379446,5866.449032253825,0.9637314542364728,high,not_eligible
42.1094412116641,10713.740328735168,salaried,0.0,4560.060820555482,0.8838552876285914,medium,not_eligible
57.3476028226218,24342.151238397422,unemployed,2.898773677974982,3824.808262131623,0.7562074423463601,medium,not_eligible
52.86161191357083,27835.509393566816,self-employed,0.0,7799.7687370926515,0.8716624975404619,high,not_eligible
36.53842697057419,81790.22938436895,salaried,12.418206728000875,6182.734562528432,0.7474247316359722,high,not_eligible
47.7039284229239,41071.87286842325,student,14.212984408162423,5569.419304945238,0.9600821398422604,high,not_eligible
52.08022106457679,26905.952786890102,student,6.285619884063054,349.52116231036763,0.9561370964873134,low,approved
40.36995084870816,39337.79553820168,salaried,0.0,1811.277061620545,0.9032006198821942,low,approved
24.0,49384.0,self-employed,12.0,6983.758343008434,0.8861661061247016,high,not_eligible
40.05154823782424,15096.898438920156,unemployed,3.173990056909844,9401.20383947097,1.0,high,not_eligible
41.94222653729236,30863.905884840053,salaried,10.83936436627322,8087.94690437667,0.8499686327388225,high,not_eligible
32.04456983631043,12094.27181782206,self-employed,5.934941730168765,4590.780243693973,0.7318125874579199,low,approved
54.07250638641966,91939.7020923916,salaried,8.760091216200419,5278.041818185246,0.8949473912832306,medium,not_eligible
20.453735343499257,13209.663147644324,student,4.527746480547253,1863.13842164063,1.0,low,approved
56.36498130484721,20593.46378760154,self-employed,14.651828855628455,2833.9006016706408,0.7485240506814148,low,approved
51.92391468561619,17481.57934201619,self-employed,10.898185939429384,6283.161580698015,0.8138537233306014,high,not_eligible
46.31627675973996,33706.869422333075,self-employed,14.073777799342018,4224.194859490632,0.8916446038101452,low,approved
59.599948785131744,16565.053029032784,salaried,5.355454658585201,5442.161626779379,0.8446095150994261,low,approved
19.995150913194507,82757.09415583876,salaried,5.081443533670525,3702.6140740572964,0.7517696419622685,low,approved
29.059640043891747,29162.45863261008,self-employed,4.806638086143174,4792.847840871602,0.9621857856230472,low,approved
50.40038172588193,27608.89911714994,unemployed,3.061126337985244,11010.175567375009,1.0,high,not_eligible
23.55934945369897,68084.08606713683,salaried,6.3663943953504445,7809.076401685805,0.8696131459023907,high,not_eligible
57.814111005402125,52332.71471282768,self-employed,0.0,3288.2878161557323,0.7595931710263999,medium,not_eligible
46.82426749058381,70956.89749112645,salaried,2.117663324329697,3115.055804869567,0.6951039474946524,low,approved
51.99743264826333,100461.2428381538,self-employed,2.6559114581271324,12773.90391349223,0.8757975981221181,high,not_eligible
38.10741721347042,12746.41399644462,unemployed,4.04296695534333,6698.0268637406025,0.9603877343316256,medium,not_eligible
42.66324498446063,23894.925175536675,salaried,6.811513788039568,7075.557884291217,0.8975167746495382,high,not_eligible
52.49650306057815,14322.6784797972,salaried,1.912401187575603,7593.321938780262,0.8497596159081146,high,not_eligible
17.183384861137252,73422.23263797305,salaried,0.0,9682.671056697003,0.7910728348210694,high,not_eligible
21.017548648170475,42392.11451393403,unemployed,3.0053545288314574,4923.629916956613,0.740783636728191,medium,not_eligible
21.51941748871193,75052.57926348035,salaried,4.745532104703421,4332.63719912387,0.9334751326324882,medium,not_eligible
37.37944537287598,39245.37522040788,student,12.200685230957507,792.4101074909545,0.9413771621385584,low,approved
19.348159650642465,18509.92907237913,unemployed,7.714377857108396,12693.522956527664,0.6954270213309266,high,not_eligible
34.789212049812555,57183.50433309895,salaried,13.333008108565632,7235.840742911691,1.0,medium,not_eligible
28.13489000868161,54475.13241287925,unemployed,1.982879350006505,7068.447279126333,0.9074071220894,medium,not_eligible
43.30699380991924,11950.126207661562,unemployed,3.8240371665881874,6476.650086768506,0.9899594645145792,high,not_eligible
44.757102817595296,59763.18082325775,salaried,4.945740812598696,2802.389622683184,0.7157872251514885,low,approved
49.96717953881428,96739.94833123368,salaried,2.103038298763155,9717.459823395471,0.713417584458456,high,not_eligible
31.40132091156692,31967.373876492347,unemployed,7.126106513476855,3939.3078371252154,0.8351030690232703,medium,not_eligible
56.91810808171368,16453.50522613378,salaried,5.187826928217111,4054.4358735122896,0.9002784426895194,low,approved
31.68827494099665,12170.444988060131,self-employed,6.342999412751074,3129.2105135870597,1.0,low,approved
47.79546269637039,34954.81798188802,student,15.31734197661858,3766.4591353950987,0.9206078913815132,high,not_eligible
54.84098925606005,97287.43442022058,unemployed,12.085977608220352,4968.2984016322225,0.8257318723187966,medium,not_eligible
48.45656227150611,44497.35926464675,salaried,9.618974566533383,6374.218401846374,0.7473630792334107,high,not_eligible
30.938856906513017,58200.28811958418,student,10.56532040560082,1438.929642946218,0.973000057271915,low,approved
20.7107627654911,92030.2255463005,unemployed,1.0317420312126837,8555.409643725561,0.7535294574249285,medium,not_eligible
56.69070333273941,57749.20497882511,self-employed,0.0,4524.283500394689,1.0,medium,not_eligible
53.50128339300492,89306.68036451434,salaried,5.651650691344163,8760.031951578894,0.821561535039349,high,not_eligible
21.07135866065233,79893.60650206002,student,10.790766338566447,2754.7331956666467,1.0,medium,not_eligible
40.76543742834821,22072.378543316587,self-employed,12.335801190198996,2240.0032620130223,0.9178931290059278,low,approved
59.00086088153289,54526.87535863544,self-employed,0.0,2681.063149783573,0.8363004510557541,low,approved
38.69936481928138,92152.21824713012,student,12.413299143726322,317.76575782211484,0.7980603628173873,low,approved
20.02347120465712,17765.651701665483,unemployed,9.2576821512254,10445.043143158735,0.815909212265392,high,not_eligible
27.117490459688817,28859.98230015539,self-employed,4.67557972883584,4865.762272292038,0.8928316692375238,high,not_eligible
37.602536404918126,89915.4485274909,salaried,13.2296934134493,2849.198547581546,0.8577156496217716,medium,not_eligible
41.45158614230573,78897.8131679847,unemployed,7.497397017048476,968.1367594417466,0.7906188591931295,low,approved
27.715875222971825,16553.89252720915,salaried,12.907505045524744,10044.112684087911,0.8334368589682367,high,not_eligible
57.85530606147205,66954.99074650231,unemployed,5.349976542564114,9229.347802819097,0.857857702971915,high,not_eligible
19.964222035551188,65616.03522703102,unemployed,7.430592200963477,10366.244505669558,0.6371265905585187,high,not_eligible
32.64119574742362,90965.67868949164,salaried,6.954618524451378,3497.844754141509,0.8958168114788698,low,approved
29.0,32677.0,salaried,11.0,3839.5707693841027,0.7520278775283193,medium,not_eligible
41.16625610947723,30812.67998541684,salaried,0.0,1902.575614220154,0.7346667596794254,low,approved
46.57460402135693,15719.808396465778,unemployed,1.9833219032547824,4705.71595614388,0.6812655652889289,low,approved
26.819482174453853,38121.31404394505,unemployed,1.982890073837576,7506.52592199898,0.6706107502132109,high,not_eligible
22.04189322787052,38031.59114132884,salaried,12.330499082999909,6262.879595945352,0.714455249688771,medium,not_eligible
58.79460389124108,95756.98508421626,unemployed,12.885014774864809,10841.105597130976,0.7790979042369509,high,not_eligible
54.14207729453116,79746.7409398511,student,9.662992609318003,2274.8151056798674,1.0,medium,not_eligible
25.45144315878734,40655.54403463994,self-employed,10.305465555627002,7488.097275779821,0.7974120324104796,medium,not_eligible
17.19352505754392,99699.42666488592,salaried,10.47886578191164,7012.746649404289,0.8677750106268031,high,not_eligible
20.1243045122628,43386.94669608599,self-employed,3.845924789505608,9069.388026131255,0.8900481386506328,high,not_eligible
27.177952679487102,16797.828858259192,salaried,7.480734345781752,3366.049792781496,0.8631065186215848,medium,not_eligible
39.58453103163489,67655.77986760894,self-employed,0.9134455004012636,2233.2591361294335,0.8422556539274006,low,approved
25.764293467426462,16366.227840747662,unemployed,10.643092047674822,6311.790416777451,0.7304706236400755,low,approved
32.81699845961954,68118.75423123522,self-employed,10.97539084529724,9092.191877671317,0.9950927548279213,high,not_eligible
29.63083568876801,55922.27989569081,salaried,13.142193423965832,7744.736961378222,1.0,high,not_eligible
59.03731492519497,97165.7196787847,self-employed,4.1899383200237015,2960.956021627042,0.6817341305877314,low,approved
53.69920909138662,19056.42661726481,unemployed,10.51743935018668,2786.6845373098804,0.747597140911362,low,approved
57.15706597745952,33435.87868029501,unemployed,5.066337006984502,5648.597807334775,0.8220189657622994,medium,not_eligible
53.48965801265828,63455.16385736118,self-employed,10.015145376491391,2909.109386156434,0.7535462205089809,low,approved
31.85474771406227,93743.006563918,salaried,6.890375996205647,6782.126584629924,0.9005965553455865,high,not_eligible
21.803162920160045,40003.79017588328,salaried,13.004785410108584,6639.064354072438,0.7771727797593386,medium,not_eligible
32.25658681063391,46650.13811130884,student,4.255110761862525,3226.098475993023,1.0,high,not_eligible
48.789299841608965,97085.29094208615,student,7.854705044703556,1706.6376481550565,0.9690548594343597,low,approved
58.65639483957442,12667.970553420566,salaried,10.44559857273789,4968.405550640142,0.8712574030632214,medium,not_eligible
44.13580180591591,25427.28712160779,self-employed,12.322392623755237,4283.44053589631,0.9526986263319732,medium,not_eligible
38.19967312813808,82577.53060840968,student,2.0337365103524387,1602.2423595060216,0.9605900424357308,low,approved
25.15127549805707,24418.25900604955,salaried,3.9198680069199225,5005.4033478823485,0.7936052511941757,medium,not_eligible
49.46201702463351,13142.32736020114,student,3.780357284340413,1570.0981687173226,0.7683782755458035,medium,not_eligible
62.825050740093616,22777.53752544564,unemployed,2.8731249472808305,6577.228641997936,0.8578143062969648,high,not_eligible
39.3831164516547,77691.58229864287,student,4.15070458561707,6545.665447157182,0.9361636124497944,high,not_eligible
32.059246562839206,70775.49838541594,self-employed,9.577238876994652,6449.641541336648,0.8639060398653418,low,approved
18.55780701250892,18641.505937508657,salaried,10.029108233404047,9342.09692622305,0.6923003517809002,high,not_eligible
31.14546088493741,83158.53605621522,unemployed,11.779176179643873,8490.781840211745,0.7697175556049157,medium,not_eligible
47.09500875061619,59952.16730713128,unemployed,10.99518242630806,7086.6636927926165,0.8426027136405622,low,approved
47.97440859663508,30315.71952091056,self-employed,0.0,7812.0539212558,0.8424334395674169,high,not_eligible
55.46410594107461,81559.24367218796,self-employed,5.996436371377356,6625.959424993436,1.0,high,not_eligible
30.116178407291542,98813.76091411152,unemployed,8.327725478846821,14670.616617560647,0.7114012057601001,high,not_eligible
41.94883437807142,58513.163681606056,self-employed,1.988623816058205,9630.836553413856,0.9005589241835874,high,not_eligible
53.66703909645659,13154.926007311127,student,4.024037419396895,3487.260869176561,0.9989113108328288,high,not_eligible
54.86518508542308,86214.11499315141,salaried,5.731665472678853,3861.151526841539,1.0,low,approved
27.529963817445097,19682.25594970661,unemployed,11.195509820085336,6312.952904369028,0.8095602576816039,high,not_eligible
53.08028398798002,47054.70844467688,salaried,10.823108686936822,5303.392306654444,0.89914294527202,low,approved
42.84967576204581,80633.82640936671,student,3.9265916278933366,407.9839007171043,0.9069760357198646,low,approved
35.62951333617254,73421.7634483875,salaried,6.052943769721559,6531.970843442514,0.8695481731553291,high,not_eligible
18.94554921548972,79961.7033144247,salaried,11.675112480186376,6330.492897839418,0.8401154798760694,high,not_eligible
41.898472875991935,100284.97600787586,salaried,7.40952412238696,4231.505972165757,0.8935975389500046,medium,not_eligible
37.86390944953082,28344.19796427244,salaried,0.0,7477.603485243397,0.5967753914780314,medium,not_eligible
23.11765546497147,92860.16908431164,salaried,6.476826806802008,8013.559450458694,0.9182069490062632,medium,not_eligible
52.43351987719211,47037.08113213677,salaried,10.586763740033808,4382.473903058116,0.8626177903661967,medium,not_eligible
35.88505569377521,64701.12813663295,self-employed,0.9044387330072544,6039.134706286089,0.8277525103221735,high,not_eligible
28.53573836974499,49519.07418312461,student,12.24409571953172,1523.8885487467944,1.0,low,approved
55.603046507487015,22948.44775626092,unemployed,3.138404355256494,11451.616787598854,0.7825065981209447,high,not_eligible
18.786297437991227,21671.28800640276,self-employed,8.118882615764456,1253.9296507681047,0.8096924010934969,low,approved
24.1463095228188,66540.53707678033,salaried,0.989421183426071,3844.1011974190055,1.0,medium,not_eligible
20.016814022950644,41921.74519064251,salaried,13.08182731124333,8664.287178055236,0.7667938695150143,medium,not_eligible
20.90530180305106,37943.03938815453,salaried,13.224148024901272,1537.1395869363348,0.7949884717063461,low,approved
31.70948435408365,56309.53211463111,self-employed,5.160569857382709,9095.992136824309,0.835297457656915,high,not_eligible
41.53256165287687,51962.872733387485,unemployed,11.029086986295846,8058.025712992787,0.9340734482129548,high,not_eligible
24.976425479690853,68680.8370960355,salaried,1.067674042193415,2229.9369822327376,0.8707802507353313,low,approved
36.0,64021.0,student,12.0,4475.831477615361,0.7207374652847737,high,not_eligible
34.0,55525.0,self-employed,11.0,2914.133801067049,0.796783143687281,low,approved
34.0552433767794,12383.605519322438,unemployed,1.0177445110060508,2909.865545354934,0.7892645566787788,low,approved
43.09682869551582,67211.89128433871,self-employed,12.788026537365436,5653.896750274828,0.8422778954776954,medium,not_eligible
61.312243255756286,48011.53016204968,self-employed,0.0,7562.974422652839,0.8925843658629828,medium,not_eligible
32.30294493472841,97953.07838235468,salaried,6.2729543289110365,3579.856028505462,0.8918205755887972,medium,not_eligible
51.6571570119837,102449.384801008,unemployed,9.649143243604556,12178.882839772341,0.6723988245951598,high,not_eligible
54.877687323823366,97384.6438614787,salaried,6.928888435846192,3296.0558454552165,0.9563940987560856,low,approved
59.36284718895004,92272.13061299268,salaried,13.194554208703758,2218.21745621171,0.8752568845996623,low,approved
23.776477716910463,37166.79415866058,self-employed,9.463981089458688,7077.730484207909,0.9884532047593906,medium,not_eligible
21.70255273817797,63188.9696692053,student,10.52561068137922,1958.5788512904196,0.8944198327290671,low,approved
27.576726227165285,55661.6437644372,student,10.39415096708166,1389.7513259600178,0.9601322957735762,medium,not_eligible
24.80884450790378,36146.4134130421,unemployed,2.109621530353033,4125.99482606028,0.8966545311450127,low,approved
22.39010963692308,46438.02637128847,self-employed,11.152373484863976,5415.0988820872335,0.9846225756202748,high,not_eligible
58.11922403537246,96751.88925140222,self-employed,3.119261070545836,10257.892495468313,0.9022250636017778,high,not_eligible
30.05863233068668,16224.270825256244,salaried,12.88677156709764,4270.166721525065,0.8402084753557095,medium,not_eligible
25.794155434834025,30397.39245358401,salaried,9.12955596199073,8306.971866261527,1.0,high,not_eligible
22.42550322620017,41205.13207837773,salaried,11.937623942085594,8204.581385752965,0.9389037122279892,high,not_eligible
43.53521750675248,83728.21960869551,salaried,14.253614501463892,3288.153579235517,0.9073744421004412,low,approved
24.55317596525017,49344.46958533582,self-employed,14.037347702859446,4140.095687480143,0.7223695583461663,low,approved
21.40047021928084,88366.31957097106,salaried,6.941843075589876,6688.1491311381005,0.7211692382536462,high,not_eligible
43.5290668550888,12944.091585877832,student,0.0,2868.042883161644,0.8792715482141853,medium,not_eligible
50.10315981441951,12767.86097872144,salaried,11.44898344100602,3597.4413632758888,0.864552119776824,low,approved
28.2747241155576,27831.04822969138,self-employed,4.975619388310821,4248.371833969333,0.7885877434991684,low,approved
58.54593368141352,67063.3402441185,student,4.089750340513471,1192.7460576906424,0.864098269961206,low,approved
28.91334416096572,85685.12807038745,salaried,6.806300531340414,4617.462615430494,1.0,medium,not_eligible
50.14403314967985,18181.08012488552,self-employed,9.781522188986347,2769.0272396447776,0.9195402474550298,low,approved
51.27063049874205,61798.407837606006,unemployed,11.1480976307844,5325.019241621606,0.7358991490247262,medium,not_eligible
42.37966563242216,45322.67343256353,salaried,0.0,1920.6241403804252,0.8388491172857057,low,approved
25.714225652131105,46687.74281809219,salaried,7.82132869163969,2796.792744993729,0.7695033519147438,low,approved
36.14711615032387,62805.57941444295,student,12.3271777292758,346.8431362224496,0.8112300083591438,low,approved
33.25442557000251,11947.216599269112,unemployed,1.0227674788972396,6738.293375362237,0.8086384334370357,high,not_eligible
45.261079121255406,87730.61663512896,student,2.162119657667545,4148.237076954285,0.8022354417395995,high,not_eligible
22.51515962598583,68161.1315791839,salaried,6.464632165230869,2989.1878436068673,0.7244864628026605,low,approved
46.68503926665437,21503.941741859995,self-employed,12.21534362263396,5184.749113058826,0.837234531848181,high,not_eligible
21.888527506916528,76795.04909877862,self-employed,13.23035411848872,5281.54824276113,0.793939236315269,medium,not_eligible
48.88290432136687,15834.914306581632,unemployed,4.074591503632609,1164.0419423349883,0.5570551309997731,low,approved
51.86756772569404,16176.409749743374,self-employed,10.781250521110668,990.9072438589991,1.0,low,approved
33.9514107453662,48701.112884850736,student,3.742007069939657,1502.012473723688,0.9588769654216672,low,approved
47.54730004436318,60148.872946475465,salaried,11.4947158638872,5776.103455943872,0.8123699275075004,medium,not_eligible
53.601077514869935,14035.940875203492,salaried,1.940750690879124,3883.6692103323703,0.8518819049740598,medium,not_eligible
50.91367255434708,60722.66018439618,unemployed,5.785454892908964,2374.864266393399,0.7328345652682438,low,approved
37.3162902450286,58454.373238272376,unemployed,4.117271999755841,10212.050567647899,1.0,high,not_eligible
21.307340580155884,14300.626526897764,self-employed,13.102493630648311,9500.97221872771,1.0,high,not_eligible
34.38285906786679,75396.34934733823,unemployed,4.249573808175636,8005.979686152591,0.8656693728246524,high,not_eligible
24.96968555044433,47200.54478964592,self-employed,12.018157189455602,3385.0104597239642,0.9523530644185344,low,approved
52.25445591321091,59525.66962289075,self-employed,10.507456573588897,4455.705608621132,0.8675286778933924,medium,not_eligible
46.37701666069802,16110.115165997744,unemployed,1.8647930782618152,12794.539906448143,0.7163274561124069,high,not_eligible
44.5640495532534,12462.097422814591,unemployed,4.02699993648622,8436.729556325026,0.8088176631036342,high,not_eligible
21.42717667525231,59622.22643839791,student,10.949821025766813,1620.340228381982,0.8631927966771957,medium,not_eligible
27.00276966634385,29591.49318798341,self-employed,4.910798758581194,13725.361834375311,0.8045452281256555,high,not_eligible
30.54488914743748,85405.60861894513,salaried,5.968080665418654,1361.505008485732,0.8281346722564964,low,approved
35.33527580574116,71889.55795698697,unemployed,4.340513562390941,2857.2533423170607,0.8408600442490886,low,approved
24.91468161417389,42769.57265870346,unemployed,11.836863811418564,2619.466233281424,0.8419121502134539,medium,not_eligible
54.87456733440027,22722.78751116852,unemployed,3.131292672311308,6474.866056664413,0.8552258490497483,low,approved
18.778278927982903,82724.31628948177,unemployed,10.449992785796308,7227.4523986585455,0.7439394933603398,low,approved
34.13572586092852,54385.52087834564,self-employed,10.587995838188244,7309.377248634111,0.7782983850872064,medium,not_eligible
20.00414234860478,86812.28439565141,unemployed,1.0467188061633832,2683.555158101229,0.721541573430003,low,approved
39.53727307428284,72060.09163438396,unemployed,5.0381146551527145,3566.9619616779837,0.94778155496862,medium,not_eligible
31.83894257340865,29800.144323165816,unemployed,6.93798376938475,6584.292090540361,0.6394353058159675,medium,not_eligible
17.518457387942483,77410.8541574436,salaried,0.0,4452.35069002949,0.9653590343316926,medium,not_eligible
25.56076203432781,61534.24008250179,self-employed,2.303051033622666,11099.411028258153,0.9886349397262844,high,not_eligible
49.90721472822031,85039.72372615321,student,3.096620827059275,2903.0663228441467,0.8197819413017379,medium,not_eligible
30.04456842908008,99351.53217138672,unemployed,7.914771199926038,5404.114074100995,0.5896862912172701,medium,not_eligible
51.69788365659018,16641.792267577366,self-employed,9.8409473516761,13649.382976501896,0.8138689438032709,high,not_eligible
21.97793951627457,54902.35655461607,salaried,9.170078957902478,4367.81152513239,0.843581583871118,low,approved
41.47963095067634,23466.941117962884,salaried,7.076695082073365,5540.085013146237,0.7489401780071087,medium,not_eligible
24.09155332782045,50913.806752886936,salaried,4.093659171185183,2341.642402337292,0.7984781606191758,low,approved
41.05105740063064,41399.54467260466,salaried,0.0,6342.282246639445,1.0,high,not_eligible
33.241425878270526,13885.54560936462,unemployed,0.9822481877802988,13066.363089808621,0.916492716230174,high,not_eligible
47.89608215959513,22588.79637435506,student,8.473410352374223,1462.7732921814911,0.75754358856219,low,approved
28.337619859650506,41439.87996512175,unemployed,11.397875535923507,7096.101888925614,0.6902400830404567,high,not_eligible
18.55594172735201,12368.55111837702,student,4.043121514803279,4985.130823980434,0.8172982682390229,high,not_eligible
20.04528722970229,60885.3005039162,salaried,2.995666929435696,10899.447748315415,0.8286543220649562,high,not_eligible
35.04062914254703,77268.37573953878,unemployed,4.41503755804429,10293.451574069371,0.8996199187363316,medium,not_eligible
50.7192236094921,63361.84462225677,unemployed,10.748326243194724,10537.991915615155,0.796468328743234,high,not_eligible
23.105184358083992,48197.28139044642,self-employed,13.014730220710472,4604.94723473573,0.901149957536186,low,approved
22.313945960821552,75318.77930577045,student,10.58211706859858,1568.3549686579518,1.0,low,approved
26.71323813566336,59423.25590687293,unemployed,1.0970280437878936,5571.049058479619,0.9315501022444262,medium,not_eligible
32.94041424890045,68735.79725631714,self-employed,5.192290959861504,4590.16360736005,0.8451911492669227,high,not_eligible
31.461306222916704,64141.711786018524,self-employed,4.955748280934704,4052.9742749498487,0.8316849528946705,medium,not_eligible
47.22100041663245,16620.524511245254,unemployed,1.8843622957646475,7444.173851820353,0.8143326865820129,high,not_eligible
39.8530810401939,27346.84009177616,salaried,0.0,8985.718665635417,0.9680640912452144,medium,not_eligible
48.38943552664332,57046.14087547813,salaried,4.779065408361886,4646.557769837997,0.7872686554048697,medium,not_eligible
35.71333718769651,57951.7107202015,self-employed,11.099277895668212,2213.023909023137,0.8545222708999982,medium,not_eligible
28.57940133999639,17844.92979315094,unemployed,11.264133800857254,2614.3643031224337,0.8551197901881085,medium,not_eligible
40.98671602681543,98537.26228015068,student,11.379103147333886,1292.1411132987662,0.7998215807188468,medium,not_eligible
54.96352852469427,85800.60374277233,salaried,9.49759260061295,6677.68760901569,0.7127534452115899,medium,not_eligible
19.719805813129533,12364.159350017258,unemployed,5.959539052257055,6298.870695581929,0.8822974503617668,medium,not_eligible
28.80877802044393,46208.05658390359,student,3.818731452103117,1335.6251890138053,0.8438996028144616,medium,not_eligible
54.88184895177394,82099.10546419301,unemployed,6.731561206239027,9846.489534660272,0.900024046943657,medium,not_eligible
44.99702083126857,69362.57491066154,self-employed,11.457275277088238,8067.40485425591,0.7966399693560833,high,not_eligible
28.80224705774911,54002.982389064135,student,11.58532598715674,526.4660747849587,0.9720821298813048,low,approved
44.46949386067552,61771.62635665709,salaried,5.545685596895988,11852.229179518328,0.7623226218788155,high,not_eligible
23.855805300763134,58212.874616463705,self-employed,14.291992614552214,9748.965618149523,1.0,high,not_eligible
43.50866486007201,20512.20802564869,salaried,2.966707794119797,7270.312289026222,0.6752363490171738,high,not_eligible
51.979124167537925,94411.54500442078,unemployed,12.338475479446306,8260.366838533333,0.8934770064556891,medium,not_eligible
59.36417169623937,13057.243165596394,student,6.9907499584825326,3589.2150881278617,0.8975430682526623,medium,not_eligible
53.23449271062866,40678.26080075783,salaried,6.1590762837235165,10845.711835590802,0.7704442932059117,high,not_eligible
59.65618132029008,99404.71449217542,unemployed,11.55003525188494,5929.239044637885,0.8924393937861013,low,approved
42.11322827073936,81602.97592544355,unemployed,1.9531279357528224,1839.4898602660903,0.977951866976016,low,approved
44.74197747534281,42873.87477559791,salaried,8.599807043761535,11309.702134608528,0.6283181160645935,high,not_eligible
27.472792048202137,33947.9737467726,unemployed,2.092250441553105,7389.037620793856,0.9002744807490815,medium,not_eligible
24.518492369566584,42948.46030059425,self-employed,10.612309957650412,3240.815728759789,0.6006729179669922,medium,not_eligible
56.391763090337896,61747.5678322952,student,3.9946521764878895,6541.600574658801,0.7534335196476791,high,not_eligible
47.4539735004895,67211.03704076675,salaried,3.0345182098337826,3781.8514432820743,1.0,medium,not_eligible
39.71099979615,78345.64202479288,unemployed,8.264238391706854,7216.254586354158,0.7918217966607946,high,not_eligible
52.50304033856264,14659.79964715087,salaried,1.9829677400714056,6625.713622451553,0.7326120035591027,medium,not_eligible
39.74517330759987,39360.48968918496,student,12.547839485796963,1275.9884439522991,0.8302062271015318,low,approved
21.697268475399785,46148.59969124634,self-employed,4.086969641967879,11168.10176448404,1.0,high,not_eligible
30.69547690442788,29924.265116591403,unemployed,8.60828372140667,3531.114445099618,0.6668317752793973,low,approved
20.03555371004333,59337.34264958721,salaried,7.882671225764063,5890.906348406248,0.7448690088360655,low,approved
56.43454045987953,56547.16791693059,self-employed,0.0,2472.5876136360816,0.9997431683179626,medium,not_eligible
24.419695455782865,29320.35029737191,unemployed,11.654265250587777,2254.632376676416,1.0,medium,not_eligible
24.265561940647498,42876.86504895041,unemployed,12.221566301463785,4195.121913323803,0.8396568775709716,high,not_eligible
49.22290111319781,15203.85159789366,salaried,2.03618429318348,1954.9829799475128,0.7260947297473357,low,approved
44.268870434738346,60441.02800910387,self-employed,9.001533529576665,3154.7206639971196,1.0,low,approved
58.71525966161992,25071.364203198144,unemployed,9.241800899387892,3420.3120592723412,1.0,low,approved
44.93916733077956,29674.700497495112,salaried,9.404755115112296,7771.126488046168,0.9178946987762232,high,not_eligible
59.41417780334051,52230.061321556255,unemployed,6.379283895723097,1085.3373047675898,0.768759765106258,low,approved
29.34707937020412,17249.4342950363,unemployed,8.193264777280108,5721.628721092286,0.8450970659161963,low,approved
20.88504446678364,72167.80407100782,salaried,4.977460235358192,7788.707591443861,0.833963991895517,medium,not_eligible
48.05939587709305,86799.53369474848,student,2.794063540109315,1743.2534624731202,0.8830851304615578,low,approved
29.588839625550985,68378.36246194606,self-employed,5.586761548216107,4523.300308180367,0.9951001438131336,low,approved
63.22140395814372,95053.47965581536,salaried,7.209267931794615,2796.187884011128,0.9379417041137404,medium,not_eligible
40.62961685268938,70848.63600045389,unemployed,0.0,1933.697239984174,0.7422623923015241,low,approved
45.58211662787648,93353.29166886456,salaried,13.40732378320705,6971.00019668069,0.9876496450019536,high,not_eligible
51.286044336135504,77478.35859850227,student,10.594571427122643,5177.504707753362,0.8813132140013155,high,not_eligible
57.35429499810637,85993.85772476795,unemployed,6.8853530842405215,2210.364852793742,0.9187065795858916,low,approved
47.22984356559699,93823.18930984724,unemployed,7.094482572154442,3436.0741906180074,0.9966540859278604,medium,not_eligible
32.66551530612469,12093.693908052774,unemployed,1.062325090976517,7660.53298570841,0.7388419750486448,low,approved
30.83013685086555,96496.10512428924,salaried,6.299694414409043,4404.463828144025,0.8464174421293537,low,approved
29.906316250845872,55895.166019419485,unemployed,8.505396154142511,2386.7327419186045,0.7968545448640785,low,approved
52.15060134589985,38270.9873703118,student,14.872257529173474,4140.183328926675,0.6932140574634544,high,not_eligible
25.30905414837721,67243.96747032739,self-employed,2.1437306461874948,4728.595974816539,0.884670997760492,low,approved
61.88254177029793,59397.45008447477,self-employed,0.0,2738.3456372316223,1.0,low,approved
35.42066151399614,64517.74826688029,student,0.0,3329.3830632977388,0.6659922255494247,medium,not_eligible
36.61124333655052,65596.04259917016,self-employed,0.9192207937782224,7990.898194905098,0.846771938895053,high,not_eligible
17.789553232168746,75780.509938209,unemployed,12.021004105580168,14687.789177316983,0.9140542935074774,high,not_eligible
32.54693497210042,66179.09598550806,self-employed,4.987492583168632,10470.584886663688,0.8623078201656181,high,not_eligible
44.3408535460475,95611.4746781805,unemployed,11.41761974079034,10585.864553899855,0.8386871947484259,medium,not_eligible
48.27964270403179,60902.16806464136,self-employed,1.0510180087618113,8969.634903942986,0.7200783636554176,high,not_eligible
51.72933421602868,60226.76494923664,self-employed,12.513892566087543,6810.658665869424,0.8732786742940164,high,not_eligible
25.770161835974704,32679.795497003663,salaried,7.466119433289834,3936.9462642944236,0.7743236022984074,low,approved
57.451728769527534,50994.67537076119,self-employed,0.0,3964.8940631724768,0.6310078295021446,low,approved
22.26716449833098,30970.59412758872,self-employed,3.066940387698539,3847.5847879082503,0.969459222051373,low,approved
49.0,62921.0,unemployed,11.0,4518.22096635482,0.9458385819842042,medium,not_eligible
34.48408239463538,68232.20085398569,self-employed,4.695699087731973,5039.530916099896,0.855166097685108,low,approved
20.096828097209528,65336.1472616243,student,13.042356033127373,3501.1817491833435,0.8729074688205702,high,not_eligible
39.4546975858751,77391.72566845278,student,10.372969173309096,2842.7549288021087,0.957431801271556,medium,not_eligible
45.30145926585234,33073.67489547274,self-employed,14.497946560125577,6740.528525536853,0.8724339656778083,medium,not_eligible
19.22088341297557,79754.62864064988,salaried,0.0,2928.904982167006,0.9404017554761316,low,approved
28.51542421303416,60130.7671482972,student,10.844282261949326,4448.641541133532,0.820251779912615,high,not_eligible
45.12238919954712,43776.930099713245,unemployed,13.345491033926232,6092.111578287646,0.9811983738573946,low,approved
55.97738904455295,95342.162231131,student,8.170422733795531,362.4603176835651,0.8820785725932684,low,approved
51.11752718965117,28180.53964938285,self-employed,0.0,4831.641842464298,0.8694051943605874,low,approved
19.921295441007526,56267.768178663246,salaried,7.97117254494015,5885.9696201921415,0.7229938911287968,medium,not_eligible
58.6173294677132,54849.63967652155,self-employed,0.0,5721.166351266532,0.8786955854301709,medium,not_eligible
55.56098572520872,84694.66276271612,salaried,12.6686827107406,5067.878407891104,0.7668045082505548,medium,not_eligible
39.85734125817383,11459.681165880404,unemployed,4.055848986816507,4392.467114319526,0.7861717273471506,low,approved
36.98305632353114,39146.32918904842,unemployed,11.476342694558507,4197.420081996869,0.7684624371683879,medium,not_eligible
28.21868507988269,57480.81203680397,self-employed,3.2156441143483465,9236.366908780814,0.7433765068100775,medium,not_eligible
54.0,13051.0,student,4.0,7022.189564074278,1.0,high,not_eligible
26.67035879605282,32462.35091028943,unemployed,2.0475910645327136,10933.520974730178,0.9831339061988404,high,not_eligible
39.83915410030056,29279.38069917223,salaried,0.0,1841.684897860941,1.0,low,approved
34.59700676833688,42357.57512734713,self-employed,10.665435572860403,8133.5451896844315,0.7277104980444435,medium,not_eligible
40.62593033410981,55142.28984638704,student,10.303394892527594,1948.4153821811676,0.8571253749910892,medium,not_eligible
24.69546371243328,60330.83655006113,self-employed,2.982863674668554,5074.380937377167,0.7206492374795904,low,approved
37.61765600654572,60591.876812245166,student,0.0,3933.2442350101537,0.7804305122802936,high,not_eligible
26.93620890821809,53272.34128954208,salaried,4.646237324485829,4028.607097955189,0.7581873016583425,low,approved
19.463250110108977,25731.517181529645,unemployed,13.620655412255491,2088.9642227598797,0.9739584006441562,medium,not_eligible
40.17017369223424,19615.852127929968,salaried,3.085337356958009,11085.363519690307,0.810377032189824,high,not_eligible
57.8603554686159,12259.40827678677,salaried,10.941386069237454,5096.8692035271115,0.9568379333694016,high,not_eligible
18.62693877719981,60441.299764050185,salaried,2.84401098949367,3732.4896083211324,0.9104120889588516,low,approved
56.28330945548162,56819.98553571288,self-employed,11.612168536249394,5940.464257293837,1.0,medium,not_eligible
37.99231613086334,80037.52059176982,student,4.112598596384381,6662.6982388444285,0.7020555776860276,high,not_eligible
31.928518998643888,93798.05291948815,salaried,6.849226253585596,6211.574922787443,0.97592332397868,medium,not_eligible
44.92007719825031,40065.46640967966,student,14.67502986580693,3427.854022411575,0.9646440870400728,medium,not_eligible
50.8914341901289,52600.74079370918,self-employed,9.12271299728929,9091.845150068122,0.7526621161972965,medium,not_eligible
30.68020231756665,48336.48172988768,student,3.858362186079496,2327.626570104297,0.950713333647316,medium,not_eligible
56.03784101875621,25025.760802678804,unemployed,8.736289758845606,2217.9096526627354,0.8836144963026229,low,approved
19.486475821312723,19891.83267790014,self-employed,8.20256145286782,6505.872670361881,0.8272523740046592,high,not_eligible
38.22469976631291,94850.28132945905,student,13.455269957750088,1914.7766555237636,0.7676064513028,low,approved
51.75855836410784,14241.30286174611,salaried,1.9161372726283263,6451.373157891121,0.7780890548550814,high,not_eligible
43.407011175698194,60890.99294190929,unemployed,1.0574386022681352,2264.133506359734,1.0,medium,not_eligible
59.187371378965885,27826.76413236086,student,5.980446064247769,4811.564614781952,0.8500682818957482,high,not_eligible
45.734794466065175,96687.3725639003,self-employed,13.950203529939316,3016.858488576679,0.928213000153146,low,approved
21.41442499533193,38838.63456351813,salaried,13.435995579221077,5394.190695787319,0.7709100618332446,high,not_eligible
54.112340884161824,69348.04629914374,unemployed,14.092945155605335,9669.35659640751,0.7720147053778361,high,not_eligible
20.45511736562249,40549.75819239432,salaried,12.966068140573125,4641.403930688211,0.9581984809249942,low,approved
30.543578009284246,11100.402719728238,self-employed,6.172832217721462,8569.781465720833,0.7150423788448468,high,not_eligible
48.220593869829415,15205.356584699472,unemployed,4.238929491868522,2520.338838082391,0.8084786232094728,low,approved
34.37562422000684,32791.04828800775,unemployed,6.630161204024345,813.5022602982575,0.8534027411072231,low,approved
17.97640333283462,79125.05533138072,salaried,0.0,1025.2295941038842,0.8611372601840053,low,approved
43.793755394839145,44391.40152639249,unemployed,13.069097497671418,3977.118087147457,0.8320906714983843,medium,not_eligible
28.7767323339982,16215.575833597415,salaried,11.870193669114364,6703.161805266485,0.8895819781095923,high,not_eligible
33.920505319748315,40612.98100795555,self-employed,10.717388202939969,4350.219377446738,0.9192855755817811,medium,not_eligible
19.945218056591862,12148.276189785083,unemployed,6.0455041702760814,4530.241959966665,0.923463754545933,medium,not_eligible
34.88786766333136,40204.52628048272,unemployed,11.44313342729512,1727.541499502436,0.7514196191332173,low,approved
19.2908451665084,42466.21245873872,unemployed,3.140229282312911,3932.4287799264134,0.8215844902071202,low,approved
42.48852792033146,49117.767631032446,unemployed,11.651369809910593,10565.635900611527,0.9694762861876938,high,not_eligible
36.0104146947191,77554.25535936056,unemployed,0.0,1035.2583369088259,0.9394647187573872,low,approved
30.8590597140388,94047.70014803496,unemployed,12.75302396450872,8571.610651862138,0.7127140548518935,high,not_eligible
38.117753525533615,79128.12315158459,unemployed,1.7787495207912374,1920.8781683011407,0.8851479900352202,low,approved
52.857917464567954,23125.95448156605,student,8.475926672786189,238.51513226250464,0.6521774750625189,low,approved
19.82205124619012,77057.3549059867,unemployed,11.322834785594846,7394.176757231339,0.8546934902060369,high,not_eligible
54.0589585537864,29963.11345882672,salaried,3.830826837666781,6490.450856351448,1.0,high,not_eligible
51.69268153326343,96360.77736266254,student,7.898056550367516,4157.0548249651565,0.7552107282731013,high,not_eligible
27.399121622304023,30509.845352402648,self-employed,4.9861798554320655,4755.062277904632,0.7665676954508418,medium,not_eligible
39.73100591899383,51220.30365733587,unemployed,9.924774420722722,10969.207806471139,0.926402978157286,high,not_eligible
49.000581819882754,100143.5628176552,student,12.485472667198758,5649.639837294543,0.6957198484790353,high,not_eligible
48.48213553299515,59109.200756833576,salaried,12.328198524085428,7543.869579355415,0.786724497011496,medium,not_eligible
42.31395821597613,50125.90920146782,unemployed,11.137773518096532,6693.501005776293,0.9096441137581752,medium,not_eligible
56.0,35342.0,unemployed,5.0,2081.648170224247,0.7865714152310597,low,approved
45.45069299504501,37371.42224316015,student,14.873967985580109,7060.507593182034,0.8264030012789028,high,not_eligible
55.15721997978175,61628.29224722442,unemployed,5.432958726081251,10653.59665119203,0.9244185710315034,high,not_eligible
54.952481233922256,61081.0778403524,self-employed,10.790350742325376,2691.9830315488202,0.8921546083536561,low,approved
40.68329608573899,66526.7470367017,unemployed,5.231559379754472,5073.564634533749,0.8766818396295402,medium,not_eligible
24.651569867709043,17061.863943969194,unemployed,10.701468607951975,9691.563291840217,0.8160877720729961,high,not_eligible
34.800503256605765,57882.20008683636,unemployed,3.9480107928062,4750.845326670895,0.8870061115268955,medium,not_eligible
28.01297762205434,32413.538451259366,salaried,11.083654862130247,4077.0698754283026,0.8376267319900244,low,approved
38.66363027553021,56497.038698237695,self-employed,1.943335271925844,5457.934754047051,0.8957805609925784,low,approved
60.77688593567729,81880.50076974105,self-employed,4.626341039727706,1981.8324381052344,0.8003067974882021,low,approved
20.79268339638749,57436.96704410533,student,11.028502625752813,7209.339375514017,0.8317431025620459,high,not_eligible
55.89565012984701,17383.810762672714,salaried,5.101354830185915,4866.126686203834,0.7510042207447986,low,approved
47.0365999618173,70496.02060028206,unemployed,6.49950284597666,10122.489725445048,0.8464992389993764,high,not_eligible
41.99464086677225,81000.43723994307,unemployed,2.0701933516656217,4809.605256486763,0.7688999136371155,medium,not_eligible
27.84154262880504,19356.598284069143,unemployed,10.342975685893965,6247.55093532405,0.7385953549838007,high,not_eligible
36.31027526370372,89416.3419646324,salaried,7.667162348912421,1378.638602894045,0.8758661147855388,low,approved
25.75459118998169,15180.306040743171,salaried,8.27060421512048,5178.034560395628,0.871273977585766,high,not_eligible
44.009182519488654,71966.22783539772,unemployed,6.021141289429936,7133.498674896971,0.9282873734948572,medium,not_eligible
19.85929243443719,69367.72019024105,salaried,3.053880655750848,2858.842347709947,0.80688744304249,medium,not_eligible
37.66211949829626,13212.61587104447,student,0.0,5961.588754539612,0.8908052846836756,high,not_eligible
32.53010045201387,48330.91549060084,student,3.642113584197512,498.163724819079,0.9050797572273664,low,approved
54.378262635381546,90358.59849743864,salaried,1.9535629788352784,4060.8143759778723,0.8944773807831594,high,not_eligible
38.61463904990706,59038.59178610518,self-employed,1.9387350437027373,7282.372438195381,0.7674346317197858,high,not_eligible
60.43025397191755,89746.22247967114,self-employed,5.729865699661532,3151.711281700874,0.8649363482271188,medium,not_eligible
24.452804125237154,42880.33691910656,salaried,11.903166302848208,3684.3594961710046,0.8864140296054661,low,approved
48.85751967194463,90998.67165525902,salaried,1.934025505743923,4014.3117348859514,0.8507178466907942,medium,not_eligible
56.714084912835055,81977.94373099576,student,14.347981098961997,751.3151154975832,0.6413522341628914,low,approved
33.71265304121318,17987.019957992718,unemployed,8.48290271999551,5032.156011434841,0.866048962397348,medium,not_eligible
23.06916618169315,16825.19153165151,unemployed,10.36914878297547,8171.377537805789,1.0,high,not_eligible
50.03948519031891,54294.46396913439,self-employed,9.599736399341143,1950.743219222813,0.8139960731243017,low,approved
42.614388106178005,79433.70958415775,student,8.603703298729139,1898.4119603565118,0.7771922902144679,low,approved
42.69935900713627,76571.13202742934,self-employed,5.029572522564548,5246.616923276812,0.8873348559711398,low,approved
22.61440183281585,29385.39138596773,self-employed,2.7474031610644305,4182.604790450844,0.8812378210466572,low,approved
21.59498356367572,55314.92262285367,salaried,8.725452759559591,2388.821058307708,0.9692735165416414,low,approved
60.19108890735623,15488.601261885293,salaried,5.096036489319976,2050.5122479302163,0.7242131844091112,low,approved
47.33906616537416,14712.75105822301,unemployed,3.833569721039479,3085.1540701856575,0.9231380252574992,medium,not_eligible
43.38282730912652,64007.37059136925,self-employed,2.2779072734056163,3281.878878690582,0.9090422061251464,low,approved
40.01289154252804,50509.78897020049,student,12.524223661865676,4849.771125332801,0.8357853463059454,high,not_eligible
31.96554440080458,48819.14873160949,student,3.577887220186282,425.1583799429307,0.883868731792169,low,approved
33.52384324474202,99671.92376625,salaried,6.577200763976506,5407.863361085033,0.9529457481598356,high,not_eligible
23.81414226179875,41940.9718896571,salaried,7.304119483906684,6347.235251122018,0.937231538002845,medium,not_eligible
46.742025315502005,91324.44195985884,unemployed,7.782379333290271,8866.317995710791,0.7356980687926271,high,not_eligible
21.57666944855332,65503.40861164797,student,10.74031411605909,5746.213755052898,0.9320158186755484,high,not_eligible
23.96286254091811,79519.64940941849,student,10.826891306815693,1549.4994599860954,0.8435311394967482,low,approved
39.58936198332557,93103.00883622476,salaried,4.968687889036036,8545.703434033006,0.8572874098015515,high,not_eligible
49.93997006854205,59342.45778454377,student,12.714996132811116,3318.2002420049466,0.8573196991001695,medium,not_eligible
40.8338936781602,95239.19650458096,student,2.010292845782658,1408.954845192661,0.8349757011201739,low,approved
39.49055336640061,65999.47395118851,self-employed,11.435225326105602,1130.266457368735,0.9691707497107064,low,approved
43.07247703512954,58617.18497257536,unemployed,0.9878759945815272,3976.3822556588757,0.8416282040150788,medium,not_eligible
35.81894216509702,67391.20097220139,salaried,6.311520579963254,3062.0499821558296,0.7380453871616831,low,approved
29.73518308711656,46989.6633095192,unemployed,2.0403671708326216,3038.5153497510955,0.8106470144030271,medium,not_eligible
25.65089161617179,57853.38637569481,unemployed,1.0607106027705784,3887.0082315774875,0.8678694716810476,low,approved
43.803731266685126,30629.450493298915,salaried,9.519516004618003,2822.7726214540153,0.972921478429705,low,approved
52.184652007182265,98483.39869573068,unemployed,11.648019918524986,8742.956298647254,0.9103094684948834,high,not_eligible
39.81169481669357,61785.37781306114,self-employed,1.0112933316269055,6652.035744445422,0.7649464721252955,medium,not_eligible
37.55130706639816,51777.0197642129,unemployed,4.073072800382607,2340.771746915967,1.0,low,approved
47.44852129242292,46479.21729333849,unemployed,11.966970108785564,4839.367089273548,0.8764775310977979,low,approved
19.871481123780832,78027.50234049754,unemployed,10.628591882498792,6446.6757765620005,0.9775390737999016,high,not_eligible
44.21332611436211,80406.38322884355,self-employed,9.969998267523213,4391.2802472110325,0.8348285566422771,low,approved
33.70892269023629,86185.22476423936,salaried,6.84881734762967,3293.6039924963134,0.9033359244705448,medium,not_eligible
20.397959913448656,12774.466216755003,student,4.146779613121668,1513.4286582802874,0.9339468504518404,medium,not_eligible
40.268548357314,58220.4721981304,self-employed,2.06745462065218,10524.657669153463,0.9718194711754256,high,not_eligible
40.24540950462109,20971.88993173388,salaried,3.014812050646224,3965.368645792363,0.9557368305378224,low,approved
25.0,71434.0,salaried,1.0,5909.9830136970395,0.9372197000072976,medium,not_eligible
52.889037733415705,12391.767935536933,salaried,11.705239812351646,2723.2857576080623,0.8184913268805891,low,approved
56.904404311232376,63197.126863098725,unemployed,5.953641293909048,6896.717039046785,0.7928253958043938,high,not_eligible
33.54020517473436,84474.4511508073,salaried,3.996328439641736,4319.5719190858745,0.8832607510324197,medium,not_eligible
26.12218497228737,54778.1183477608,salaried,4.651807556149093,11511.059749263357,0.9433128072341068,high,not_eligible
56.0,95314.0,unemployed,12.0,4378.883201808681,0.8277279299223392,low,approved
19.87999814519313,55735.82849686944,salaried,7.763918064863712,3207.585231780577,0.9565171965714386,low,approved
39.97072244172629,54506.79389685628,self-employed,2.0737648089745777,8119.1287223391755,0.995261674548618,high,not_eligible
37.822145031702576,46706.48643792419,self-employed,10.411535980052848,3908.1780677374013,0.758367908092658,low,approved
37.57727862519482,61224.85506177135,student,0.0,1606.2528831775726,0.766307929620372,medium,not_eligible
23.992184179904783,94035.36883943158,salaried,7.166720667622672,5356.193263452271,0.8359624941094663,medium,not_eligible
24.13163816266532,64827.35519855097,unemployed,0.984168312670308,6779.968441963506,0.8807612668189196,low,approved
52.71268190655811,66700.31045188107,self-employed,13.247589536268862,5275.511283282757,0.7975432986232949,medium,not_eligible
40.416418958089245,97901.29035230348,salaried,4.878442879880444,7018.019657400479,0.9852202678867144,high,not_eligible
53.39587603701446,14472.629187368244,salaried,1.8785395381256629,2311.2046088219554,0.8924066861518452,low,approved
57.88543435481236,82768.45557392284,self-employed,4.701393524969709,2986.388235324586,0.8539447048240739,medium,not_eligible
37.323538665005074,66386.2728930203,student,13.30711921798756,2946.0951260721054,0.7064090476131473,medium,not_eligible
45.26661075769596,70003.79880891781,unemployed,4.882652163659448,14186.04542601397,0.7184184183572493,high,not_eligible
30.532254768084417,27463.84006910632,unemployed,7.761991406741487,5126.20077067901,0.8781009250281806,medium,not_eligible
41.74280732942445,68865.2142072922,self-employed,11.961570168623158,3266.237176804913,0.6367404373845164,low,approved
36.07454993205525,61887.45702676039,student,0.0,6731.934393696827,0.9512637409644072,high,not_eligible
27.865178312713983,96735.18694751576,salaried,6.922130728099502,7653.514725214072,0.8341846155627679,high,not_eligible
30.53332709424727,12205.05576452932,self-employed,6.022766199118529,2770.166295082285,1.0,low,approved
46.10786704350533,100316.23991323652,salaried,3.212449405559372,8678.274194269252,1.0,high,not_eligible
18.22574758628284,39858.32316732219,student,14.075401558064414,903.977314354377,0.8318550930752483,low,approved
36.93417964298587,78778.25904738992,unemployed,0.0,4927.766128597899,0.8393662997468685,low,approved
47.84216662418616,21614.034419104893,salaried,2.8362144457401834,3459.6145227345637,0.9495581514002028,medium,not_eligible
30.433984780506066,57101.10556815269,student,10.681788079915894,1368.23058681198,1.0,low,approved
24.227279336617645,16394.185536646222,unemployed,10.787058242467609,9877.595933578963,0.6861970942563983,medium,not_eligible
52.23586293533381,79769.03657434323,unemployed,6.138833327856556,3829.005133608014,0.6713624534645313,high,not_eligible
19.848652737662547,43471.22692146994,unemployed,3.1609279189470527,7649.537305563311,0.7877965194445619,high,not_eligible
43.2599010339615,55239.33734358805,student,11.016987674802168,4099.245454483841,0.9082737583173864,medium,not_eligible
23.5080430078001,51536.42275772567,self-employed,13.924002240809676,10580.2824916104,0.8996873590507597,high,not_eligible
40.83276523902924,72522.09333095801,self-employed,12.205869451072996,2550.4435460975105,0.956977145498385,low,approved
40.07489989661594,53223.15636141461,unemployed,10.40982120576099,3225.259497964346,0.7300302471634692,low,approved
43.61278971821392,73784.81356402607,unemployed,4.427362219774283,2656.5016503497727,0.6183856137031123,low,approved
23.440188027792427,39627.17242869489,salaried,11.860523290071209,6681.412686936575,0.9358014195302146,high,not_eligible
44.8943069990054,16280.70653065273,unemployed,3.821576908742809,5401.922184213278,0.7671803727034765,medium,not_eligible
20.44769904295283,40866.01452134172,unemployed,2.965829052371116,1119.424438481498,0.6481512135611361,low,approved
42.83758301104628,15234.922563935706,unemployed,2.900043319853701,10265.603644992834,0.8645063745959382,high,not_eligible
58.09016433222567,60388.841591137,self-employed,10.829236643798106,3131.1881587298767,0.9293175688218678,low,approved
41.4290790092236,13124.830265829143,student,0.0,1001.0624689028978,0.8377942867878723,low,approved
33.03544487731252,79369.40718011081,salaried,10.963230818298936,2400.5942626667834,0.8042151613817511,low,approved
41.0,42097.0,student,9.0,6808.010167458621,0.8340637767854093,high,not_eligible
40.89933488195992,96014.11507244429,salaried,4.8211761343677,7096.789858445582,0.8129417237599217,high,not_eligible
22.62165914425832,94149.45050860837,salaried,6.912463196913906,6170.374258731135,0.7151952888059833,high,not_eligible
21.65526740873537,44648.29258235564,self-employed,3.6023750035198017,4806.742411882252,0.7785319323009567,medium,not_eligible
21.69556732168096,40858.110139396114,salaried,12.57471779808407,3021.3854444897956,0.9021279905013816,low,approved
20.56984670818964,40848.36262196667,self-employed,3.8661411742661,7063.475902202711,0.88216785413765,low,approved
35.85522617835441,54952.18047986941,student,11.2760108871667,537.6295726838833,0.866805980596682,low,approved
46.51786611143604,44665.633114781405,salaried,8.811852439515675,12741.833812087883,0.750485151814662,high,not_eligible
55.02807617942567,39777.50271744008,student,8.882154360413674,4516.0687184862,0.8318496837864333,high,not_eligible
37.6173248939879,59523.05991479828,unemployed,4.520671824802307,2560.984961857343,0.6322934953557144,low,approved
35.12081100357225,40922.09628764613,student,12.62374345678737,625.4880251111565,0.8678476663885389,low,approved
48.56649434052313,104782.30645684358,salaried,1.7609014908051377,10594.55216783932,0.9928857707813568,high,not_eligible
52.22023496483198,91831.00608860976,student,8.140733478532201,5632.495338922514,0.7025867867957893,high,not_eligible
46.73410855529509,101401.00484576514,unemployed,9.291969069303594,7871.000165011792,0.7914072326682244,high,not_eligible
26.880512726372192,53956.87037404824,unemployed,1.046964293424594,6562.723014569951,0.882910677871013,high,not_eligible
32.90483029740923,61860.03780824035,self-employed,4.703303851810786,3261.168975700969,0.9752842634427484,low,approved
36.19620192799587,58077.38036128381,self-employed,4.87569500516135,9666.016469326843,0.8051775383699851,medium,not_eligible
29.967798877201773,53849.981592680015,salaried,13.315648156914447,7744.661335390085,0.7807749670734103,high,not_eligible
29.16052035854323,23359.848865603904,self-employed,1.80637602005794,2155.2861402199055,0.6531076857583916,low,approved
25.5754301403134,30252.994246270384,unemployed,12.09750804025369,6225.30407453539,0.8603438129308106,high,not_eligible
48.11832579371677,45079.8849230382,salaried,8.871893382464158,5415.380867656784,1.0,medium,not_eligible
28.693120430989552,16423.825187108432,salaried,12.186228022387969,5597.053670326304,0.8777358461964676,medium,not_eligible
54.28807128041904,92793.61166417364,student,7.8677139186034655,1874.934960471424,0.8477721020816287,low,approved
53.939572826250576,31617.370976071885,self-employed,0.0,6753.245262384332,0.8822082310766985,medium,not_eligible
26.241724639877088,26410.008074774487,salaried,3.999597431838642,10556.917770967444,0.8488907996051398,high,not_eligible
34.70938880425835,89240.26676951055,salaried,10.655956085055532,13198.106543491058,0.768698562773987,high,not_eligible
20.53375138399084,41726.71481757016,salaried,11.705849075603645,2772.2906073618988,0.9323279915677704,medium,not_eligible
46.8906244764572,88858.84067009039,unemployed,7.741663765361663,3701.1797866770235,0.8725761523111755,low,approved
50.803509600580895,20778.368760157016,student,8.178265728635251,1577.418445658327,0.8517613251933657,low,approved
53.9529422025319,105290.93354466128,self-employed,3.0785028713626543,9030.046663673467,0.752463397272175,high,not_eligible
28.0,29190.0,self-employed,5.0,2798.193538438568,0.9803507931934758,low,approved
42.065029115117255,15530.467336009477,unemployed,3.036734012116524,2974.2897690215295,0.916470274533311,low,approved
23.92175712071625,67710.6146685197,salaried,1.007384059034513,2239.4769210885,0.7947079162632698,low,approved
51.65512925152629,65815.23764547896,self-employed,12.627527639110964,9215.370795417657,0.9501824853681936,high,not_eligible
30.87512249500676,32773.97807770484,salaried,7.972130043080809,11543.226737210385,0.8002429161614792,high,not_eligible
23.19074099329735,44059.61483842822,salaried,7.752920769791157,5747.41977054858,0.7717996507488962,high,not_eligible
45.04471401443111,62213.25254273494,salaried,4.784816708422458,4592.440333690022,0.7740296882519713,medium,not_eligible
58.36623137216663,78256.09579033844,student,9.82331437800456,3210.0652552089805,0.6728931446911909,medium,not_eligible
55.37324001828179,82125.10925192387,unemployed,6.909506146981784,5061.7127777575915,0.8971542380418206,medium,not_eligible
34.272639563569165,11901.529271998448,unemployed,0.95152820498398,6436.936711718652,0.666885512166165,high,not_eligible
42.83482792648825,97122.5566367138,unemployed,7.873391157065487,2733.5010549357494,0.7271556168734237,medium,not_eligible
48.343475550619246,77636.8815284093,self-employed,5.244941580896693,2371.7626286145646,0.6424411990921466,medium,not_eligible
30.91790833600114,51104.13375004434,unemployed,1.926822618031292,5554.2243153199015,0.8413930307209107,medium,not_eligible
21.624317501574005,56926.258396159865,salaried,9.32066530125496,5972.398774473666,0.8349679539728128,low,approved
49.060449224350776,93860.03149370312,unemployed,8.863350502341124,10712.907770700363,0.8173303786813636,high,not_eligible
46.19720420618591,15751.820789956098,unemployed,3.7804319460150815,2614.8995919603667,0.7457422305329423,low,approved
29.80780977419421,15643.92153333358,salaried,12.132787430225545,5035.002582989326,0.732776624656336,low,approved
60.90926557727895,22641.384660786025,unemployed,2.877267177509078,3758.7123652956784,0.8964369863546574,low,approved
56.390263573321214,21098.74429130493,unemployed,11.013991531331303,9434.691814176756,0.7949448068291513,high,not_eligible
50.6628089998226,101107.71903513768,student,11.897614974033218,7364.6573478122655,0.8816358321536144,high,not_eligible
19.100963687701345,70456.33985147321,unemployed,8.39489003147535,8865.164508096655,0.7614751313875777,high,not_eligible
19.603667717393805,11973.416471521265,unemployed,6.141062336965053,7856.865523478138,0.8681062742771082,high,not_eligible
40.35036426133538,77719.78295409064,unemployed,0.0,10204.735504501512,0.9803278037316064,high,not_eligible
56.08629698843997,59274.65953145592,unemployed,14.393636456995026,10225.555025525387,0.9086165800392784,high,not_eligible
20.94937002756984,96574.0963408605,unemployed,1.0109909490740687,9828.074289472228,0.8087586181783519,high,not_eligible
45.24621709479143,82392.9643495227,salaried,13.457342499390414,8135.999133349818,0.8757198970355927,high,not_eligible
22.148718942900697,87414.17411340692,salaried,6.741492961430337,3144.5061695913105,0.8259334825469786,low,approved
34.81094631171845,70695.24974614894,salaried,5.888348171111207,4073.373915242326,0.8507880184694728,low,approved
35.75589220639809,53744.32407012639,self-employed,10.300177095819702,7293.985028802323,0.8174388947851496,high,not_eligible
58.72954983420622,19267.37527286768,unemployed,11.605697291340292,3574.1538526767695,0.8335664794114609,low,approved
28.57225550539371,27599.37321163218,self-employed,4.797662503764694,13960.364576459671,0.8712093353074175,high,not_eligible
28.72232976370594,87962.72287548946,unemployed,11.602457768617995,7039.00596988419,0.7506641300418049,medium,not_eligible
42.79099138020109,91421.15998782724,salaried,7.512477582146565,5658.055355565888,0.7484121173010021,medium,not_eligible
51.48972450030232,88081.80697046047,salaried,5.861020399781173,1973.6164780852062,0.7111457446168788,low,approved
23.0,76320.0,self-employed,13.0,7214.900841460387,0.689972889549629,high,not_eligible
44.81774148227127,14926.869293187312,unemployed,2.034279924919634,1044.446649596797,0.728271730777952,low,approved
29.47682655440965,51209.583742178285,student,11.686297208303722,2076.057887171567,0.8659462506804129,medium,not_eligible
45.93467607176433,51796.83821493421,student,11.943972452767603,1346.9900191933982,0.7607212484508116,low,approved
21.96461091881224,76609.74070409023,student,11.134240295487611,3962.7721229181425,0.9013614464231096,high,not_eligible
56.55278596428784,106104.89431138708,salaried,8.7571965794919,6048.395937378511,0.8534713748752562,high,not_eligible
38.11249610272884,97667.77809397438,student,13.164363976383465,3438.188727864828,0.6531495786561946,high,not_eligible
30.840344223153,92781.9426461592,unemployed,11.456573440982682,7384.795172931977,0.915497558422169,high,not_eligible
25.52407180005919,47213.18974985185,salaried,3.7465395174469465,10502.508805291749,0.9310798645591708,high,not_eligible
32.57006517531286,16481.929059085625,salaried,12.152143410676086,5737.85000767804,0.7506137325165146,medium,not_eligible
21.78996850842072,71025.36603016574,student,11.436852612983484,2916.5906621841496,0.8920191542894992,medium,not_eligible
46.82118180405537,48358.66723184158,salaried,9.311484860913405,7157.505105813983,0.7643501762590801,high,not_eligible
53.18225142355179,106146.76281168214,unemployed,8.958189282465304,7455.814904214619,0.8597670376748335,high,not_eligible
24.937967097175147,43348.06169811716,self-employed,9.892294321082264,3836.1227653730543,0.7235501593045034,low,approved
39.50597773503812,26954.531322640003,salaried,14.564742341620052,7105.19763906023,0.6706893547465422,high,not_eligible
20.7722977746986,48662.23970734367,self-employed,3.783934068287442,6589.754299808986,0.8117182810387031,medium,not_eligible
45.85593111755308,99486.7225009633,salaried,2.9127423101041154,10539.67159019544,0.8376271053725164,high,not_eligible
39.26092865618901,45441.77207086345,student,12.852076639839307,5050.705368491239,0.8102320306385395,high,not_eligible
46.37733593623257,16258.85818079692,unemployed,1.90831325583388,13895.135078181605,0.731596944177744,high,not_eligible
49.34036203169203,33908.6683168443,student,14.802695034738209,734.5462739835441,0.8100100937868863,low,approved
61.11229314139143,16611.32828681362,salaried,4.726592963779774,3896.221297786405,0.8769294752580734,low,approved
36.99467911697396,68567.86669119456,student,0.0,1604.2880642194996,0.8455106969877463,medium,not_eligible
31.48689469898269,56478.35921518271,salaried,12.24143835071755,4297.690130530455,0.8682501030599213,medium,not_eligible
20.5740519523446,40648.76603172414,unemployed,2.830093385621341,8267.123295829257,0.7829884799545767,high,not_eligible
45.63949623150514,46140.11079153174,unemployed,12.319585775998249,3419.4529609214287,0.967171791471616,low,approved
49.76550411137708,101392.68906316964,student,12.098303721931526,563.8669887688961,0.7323826663445219,low,approved
62.40328777468072,16945.300886822173,salaried,5.142442465812659,8206.611812235627,0.8987560297086719,high,not_eligible
50.27776551738447,62684.68907198901,salaried,11.45060340164471,8151.563642984799,0.968189109295996,medium,not_eligible
50.36415393330142,51376.712729538325,student,11.568829135771605,1813.5551133121312,0.8980908092748895,medium,not_eligible
58.23117872581943,21998.224610619083,self-employed,13.924916894103283,3556.777337032556,0.829747577293517,low,approved
36.206249791414784,42751.02397026386,unemployed,13.518233520232547,7693.405768108574,0.7971702953337021,high,not_eligible
25.031148340338305,31134.32238309796,unemployed,11.151503855866522,5303.456997353258,0.9536087651046256,medium,not_eligible
18.65624262762628,42923.91439032181,student,12.853410518872384,6649.678382203809,0.7077025074738327,high,not_eligible
21.869971249401846,41978.467819810496,self-employed,4.3503927818599015,7315.725600702143,0.7529875739620356,medium,not_eligible
53.99703892882364,20083.10203515843,unemployed,12.263781823015044,5210.740265429206,0.8102442234508278,low,approved
31.73015883429569,58031.84952223105,student,10.966270500873886,534.6836913950432,0.9737653757511998,low,approved
43.77302609207848,91619.9681618892,student,1.971470325876666,294.53794576282996,0.8879767636040896,low,approved
49.13448130997891,29278.253937428457,student,5.959186414552077,7333.15506905141,0.7531954241489754,high,not_eligible
28.90727704148481,95561.41686944304,unemployed,8.88929032140792,3878.3084071717935,0.8189692294615096,high,not_eligible
40.08703719122238,42596.98327592921,salaried,0.0,6396.124567960171,0.7885676855903705,high,not_eligible
26.522118447484583,56216.57640723144,self-employed,2.865546325401327,1786.569417552669,0.7790211007766464,low,approved
34.641470982067304,50884.46591984317,student,3.736449431584653,2410.081743514244,0.947888955855678,medium,not_eligible
45.4698992071587,12452.413084383455,student,0.0,6376.498766876185,0.7128256870736494,high,not_eligible
51.52338750926615,87722.7508279295,student,12.626144195948893,666.9864274198815,1.0,low,approved
41.198744577587526,26036.380761816097,salaried,12.77651780117598,5501.209632780739,0.9328229690184624,medium,not_eligible
45.88526677505735,90883.31922013208,salaried,13.782382987645352,4085.4448344028224,0.9590861670603698,high,not_eligible
55.725825942319446,90950.72773494742,self-employed,3.795167414981885,2029.2582577323951,0.8037060487974741,low,approved
39.28365721783213,70808.04259357225,self-employed,0.9902126328913816,2930.3868102974807,0.8350059280920891,low,approved
17.874600200105412,76743.97251631344,unemployed,11.265949661478386,10258.630359911333,0.7066848185475287,high,not_eligible
52.1722925218352,90132.16259172696,unemployed,12.237827060494194,10718.214884670953,0.7975337592933197,high,not_eligible
35.721436847138506,61708.26992317416,self-employed,5.063839829347101,4937.536417698753,0.8993654847643151,low,approved
32.0,11802.0,self-employed,6.0,7900.6598318270535,0.9796063061781396,high,not_eligible
18.34527009873048,12180.173052337905,student,3.7658528971037457,2443.8699186843733,0.7392843183197548,medium,not_eligible
60.278594197395336,59389.37802294347,self-employed,10.903433027144978,3847.3618553949354,0.8134494063014734,medium,not_eligible
38.44587644379763,11878.345570710342,unemployed,3.965141954097745,7735.7922436476865,0.8348700779767477,high,not_eligible
55.02504259464366,74191.42320133185,student,10.037886784181476,2751.1116748728277,0.7104210797807514,medium,not_eligible
52.74653219629828,63226.538326743976,unemployed,11.414420154777876,3654.425708470189,0.90913492417584,medium,not_eligible
54.02668869314595,81346.06410921272,salaried,6.054640176100023,4598.6339061409435,0.7776009668257391,low,approved
16.105066633556504,13564.384072379728,student,8.264880109704997,4307.4836254349475,0.8304609648822976,medium,not_eligible
41.317461188609535,23303.740136138247,salaried,14.545132058496742,4983.397097181466,0.8048050628088123,medium,not_eligible
23.23067590580045,30373.44333622294,unemployed,13.004111145822248,8075.667115326449,0.7710661494280325,medium,not_eligible
59.64248565898888,55680.22231929929,self-employed,10.377890322214023,6114.216269360324,0.8492955014519445,medium,not_eligible
42.61235272365241,45567.94829750919,student,8.790719414099193,1438.6387743304958,0.8284390421431977,low,approved
56.80435342610963,78297.47414376463,self-employed,5.26892561047087,3379.42424405745,0.8128142117721334,low,approved
44.005523526733015,86368.93082948582,salaried,14.691570979251496,5242.722596794456,0.7771538378319657,low,approved
17.503535133320916,75996.57037723323,salaried,0.0,8304.375144084708,0.8819524670782956,high,not_eligible
55.26471148913036,46330.46156617416,salaried,11.650702933503457,9121.238694845799,1.0,high,not_eligible
30.17568165371548,72495.78125423571,self-employed,9.179461437845172,6753.597531032434,0.8639887232839127,medium,not_eligible
30.846021868094606,29723.80141130036,unemployed,8.293576846589339,6127.723347040954,0.9496118214911128,high,not_eligible
40.64562667716831,96502.682742567,salaried,7.245461046597341,10275.839908529571,0.7109778074846537,high,not_eligible
56.06548567912115,94607.79233599838,self-employed,2.948559867524698,2522.9537394968106,0.865776143929377,low,approved
30.847295509307145,16366.513362952162,salaried,11.350766459811638,2278.9846190490384,0.7402631681028933,low,approved
30.481325159882022,86226.9085366069,salaried,4.333870087764441,2984.079179918855,0.7023075072468098,low,approved
44.63250505405015,81256.12523170766,student,3.0494548381592645,1572.349830124537,0.7760628592540963,medium,not_eligible
41.16794543858116,80746.73585243183,student,10.784536500432594,4074.134816783789,0.9691899334413572,medium,not_eligible
33.98719467920339,50044.9602765648,student,4.078821062181251,1242.0503295840556,0.9450015828669646,medium,not_eligible
17.730914452564114,68249.95170716305,salaried,3.031932447819361,4714.215114813475,0.8743004722054399,medium,not_eligible
50.32247188779899,64697.75842443329,salaried,1.967079121303008,12425.660492104966,0.6967299440110069,high,not_eligible
36.20061878645103,66660.04749358511,self-employed,1.040405981244075,2147.9137549150037,0.8303719348612063,medium,not_eligible
53.17591758118835,21535.65955374348,unemployed,11.033730958428816,2700.8083435828826,0.8801700008901735,low,approved
40.398310628943165,26988.108474471013,self-employed,11.625499534606297,2911.5662775872793,0.8675536229578598,low,approved
60.19814908256421,13109.172391086866,unemployed,2.07492783420252,3163.9283262678928,0.6656206416519254,medium,not_eligible
49.66545144055928,51002.98075374396,salaried,9.30998122923808,3085.521788950934,0.7609682151980128,medium,not_eligible
43.13932806162483,96015.61908372484,salaried,2.885082030119833,5038.283097607993,0.8435922235851283,medium,not_eligible
41.71014310855888,84193.91675931461,self-employed,1.9812074986349504,5066.0149446058795,0.903629090951719,medium,not_eligible
40.786163781829565,70044.56683845815,unemployed,4.600103587606829,4911.97762518325,0.6303872178900053,low,approved
51.693923076214,27955.0151456516,self-employed,0.0,7593.3427548785085,0.8337876024520141,high,not_eligible
55.57535930781874,57750.45533924999,unemployed,5.629297737087243,13916.190960116426,0.8643048769878953,high,not_eligible
30.261038511710087,86305.47101099422,salaried,7.606923731048077,1865.4964896450556,0.9349611988516212,medium,not_eligible
29.84171707762148,61018.64180132424,student,10.998681203271405,1537.833610584658,0.9192857584237436,medium,not_eligible
32.034387283796526,96761.56436053668,salaried,6.225045194147691,2165.8451828748857,0.9082571318808804,medium,not_eligible
18.629202753493978,52049.14101393375,student,1.9201429712544,732.7535997223758,0.7700059493298066,low,approved
51.322812762572845,44106.22527653639,student,9.032058663164822,4278.189890488515,0.6591997862876692,high,not_eligible
25.24372257498633,63672.83610854552,self-employed,2.0464558639300385,5522.206101567415,0.8106947242938599,medium,not_eligible
32.95756352008724,54241.67756040199,self-employed,11.421086617213962,3073.318026426568,0.950163182520856,medium,not_eligible
52.9254110175197,43840.2586227251,student,8.93159099951548,2571.0540173877775,0.9893454527524432,medium,not_eligible
55.35142957665167,61256.96501583636,self-employed,10.033443050647318,3643.038442448271,0.9210549102297784,low,approved
40.51264149359461,10532.312938051704,salaried,0.0,6892.901309906134,0.8929340822801735,medium,not_eligible
40.76126320517978,12850.879947898176,unemployed,4.288060417860138,4352.394940209215,0.8879639648385965,high,not_eligible
24.594960553303764,32924.30656756192,unemployed,12.104961615414297,14495.222449986812,0.7943881253239219,high,not_eligible
40.54671260533565,12808.896607846606,student,0.0,688.4274844947229,0.836993970644638,low,approved
53.17112118481334,70893.06890526318,student,3.964301482389853,898.6686141656966,1.0,low,approved
51.92249409188094,27666.861389482605,unemployed,2.896223405982143,6202.317803069935,0.7557441994208123,medium,not_eligible
56.0,12368.0,salaried,11.0,3524.901264269135,1.0,low,approved
24.4479798186086,30623.881870080822,self-employed,2.8395276982869,9967.750021770684,0.8177971845507941,medium,not_eligible
66.21188807380499,22268.40738147055,unemployed,2.7987833432321065,7915.613716388706,0.9825432109095078,medium,not_eligible
42.11660939997352,60374.91205807073,unemployed,1.0258333329797398,7463.22693245643,0.7093184990502461,medium,not_eligible
39.166835547407885,11625.056647173027,unemployed,4.219935115482968,2915.7560951679366,0.9085904201164648,medium,not_eligible
39.27482046666814,73249.52752113774,student,10.64571813035904,1278.935427419488,0.7763229864052378,low,approved
49.930546420696494,93518.37688865831,salaried,1.857895416194635,6291.042507326689,0.7084732808075812,high,not_eligible
29.225115947233903,27406.24209205476,self-employed,5.158880749504339,9079.842570416273,0.8718534042410946,high,not_eligible
32.197814005867144,81619.92563122831,salaried,9.418755209602788,7238.346998710259,0.9509471788595968,medium,not_eligible
57.0,78497.0,self-employed,5.0,8623.610302260164,0.7655058561406504,medium,not_eligible
42.26246068499715,44663.2061018856,salaried,0.0,5317.223696912683,0.7000984039541598,medium,not_eligible
22.26187124169281,55310.595882179536,salaried,9.837596264437432,7345.9187780309,0.8408155235665045,medium,not_eligible
26.234971001266583,15366.76067126081,salaried,8.547805968114666,2845.994918987974,0.8412564671222819,low,approved
23.800150244200417,51930.317342361406,self-employed,11.781553169172604,3467.4111907065,0.90483196275545,low,approved
32.0,12557.0,unemployed,1.0,1421.2903009912402,0.9449594571364488,low,approved
27.90991847774828,52151.65120855047,student,12.95402340446753,6459.896046186413,0.8440584818727506,high,not_eligible
24.201198871495965,43704.5432235554,salaried,4.157612995058525,5244.740440295967,1.0,high,not_eligible
56.62058146322485,16236.865204752005,salaried,4.981524452682758,12963.508080660786,0.8724234744535292,high,not_eligible
24.03448020279614,41226.52751406229,self-employed,10.644831495855907,6491.805478728603,0.81535734939931,medium,not_eligible
58.27200768381314,12850.592328244762,salaried,11.733973462263052,4637.3762813531375,0.6888432640897172,medium,not_eligible
44.053463584089386,26663.645605923863,self-employed,11.714505261674114,11678.304112509508,0.8237340479683832,high,not_eligible
29.14986262823828,15582.579187421268,salaried,8.326948759565502,4190.665841122543,0.8163613054588863,medium,not_eligible
56.78599156907392,23531.528031385056,student,5.863110000422653,1153.9368524819247,0.946030479628147,low,approved
27.11364372724345,47843.97539276861,unemployed,1.97281003634,8038.912905460626,0.8962483624066854,high,not_eligible
44.0,66491.0,unemployed,6.0,2011.085495732627,0.7320630878367382,low,approved
56.39589483809736,78965.4717095148,salaried,5.874646306799479,3999.95038441262,0.8672254386411037,low,approved
41.61744251954778,63617.73877369607,self-employed,12.673999306099214,8847.47787393627,0.9171531171729052,high,not_eligible
32.32477625237317,63923.03010619725,self-employed,5.0404633260973135,6173.128206048217,1.0,medium,not_eligible
22.262422548568424,71099.68455266753,student,12.218158931650418,321.167901652932,0.938750396741406,low,approved
22.02607839417492,14164.197096888667,self-employed,12.310508606347156,10619.841709402855,0.9260846654311478,high,not_eligible
48.63271063294867,48982.96811829852,salaried,8.977808912791719,4508.00693499995,0.8560085994615163,medium,not_eligible
30.46921291333207,54765.05155528042,salaried,15.054899812995156,8672.972644414338,0.888831200542345,high,not_eligible
35.45570542579559,48986.402846872734,student,3.8952342235987056,586.1465724201712,0.9749504900706158,low,approved
44.39957869178659,87833.93949221315,unemployed,8.357357834450823,11969.636692876375,0.716722260252035,high,not_eligible
59.52142212897573,20483.971259235303,unemployed,11.380804223431712,8481.218730748504,0.8150560672783044,medium,not_eligible
26.390356641584223,53384.19754396363,self-employed,14.48759252490218,2049.273598253367,0.7727431251243759,low,approved
46.07051483093996,57509.76081232007,salaried,12.530764386493685,7997.575730202696,0.8879153118726124,high,not_eligible
43.31283199010636,21697.0338214428,self-employed,13.723976489639115,2516.5137464917643,0.9730222175650788,medium,not_eligible
40.21955120436325,79291.57238228714,self-employed,9.468565903995003,6103.66601529581,0.7903025713278926,high,not_eligible
20.20224356090096,92624.57395388608,unemployed,1.0140816695732031,6947.327817291623,0.6109695632530562,medium,not_eligible
39.95376914755956,71142.86569988819,student,3.897817032944766,6608.144288327286,0.808777925497553,high,not_eligible
19.981279122538457,39057.205938503146,unemployed,3.0794389637758823,3713.194122307875,0.9413473732017408,low,approved
47.632180236297344,91867.15649249508,unemployed,8.474432568604241,2803.9518525027274,0.903762990294988,low,approved
59.3558315373386,61740.967224571374,student,3.669458573781892,3422.7126375842786,0.8928186247810576,high,not_eligible
57.52833801873945,14117.6348011798,student,7.254539472757999,823.7009231007555,0.822000669812552,low,approved
55.90072507888181,53253.44564281196,self-employed,9.064209800659423,8325.24206980907,0.7220969263780214,high,not_eligible
46.97444675260516,69541.25276758257,student,8.900731756533466,830.8631884579637,0.9015294321624469,low,approved
30.104882320119977,68748.08416293023,self-employed,9.943312255575872,6137.2444133861545,0.7665718189965375,high,not_eligible
45.18149867353866,84008.78649746423,salaried,14.664167350707078,7980.685692919469,1.0,high,not_eligible
51.09190340976017,14362.754923147031,salaried,2.1072026748577257,7221.6698847792395,0.9070507208354516,high,not_eligible
19.93592766263328,17944.93045932931,unemployed,8.150872418713512,6507.0850580493525,0.7919351697446049,medium,not_eligible
26.23897759552712,28386.370428401,salaried,4.0156104082406525,8221.602336881566,0.7888614752611371,medium,not_eligible
43.53127466835386,87143.71341786715,self-employed,10.562482904926672,7150.115437112985,0.8407055793386411,high,not_eligible
33.315119177918625,92282.90024146256,salaried,7.094120628869075,2807.273631812997,0.826049807797825,low,approved
19.72859972208824,73166.87338737067,salaried,4.861934207407535,3246.0808693050944,0.9616833775529954,low,approved
20.23671266769004,38038.542048712014,salaried,12.53872382451764,3501.6795964342214,0.8686416169744046,medium,not_eligible
38.098191215314046,93674.52557344791,student,12.158881250401778,2095.484544716158,0.7768368261091472,medium,not_eligible
34.93318587743386,16892.058245505283,unemployed,7.943986087399806,2272.1148829227322,1.0,low,approved
48.0,58354.0,self-employed,9.0,2685.594809875486,0.8549308331520222,low,approved
50.1646342586112,20360.36542116112,student,8.0026066560735,3500.4054356723327,0.9268839675968896,high,not_eligible
18.84713126664139,77052.25129725278,salaried,11.407267210417306,2214.8853848596427,0.7891773492555241,low,approved
59.28463445685091,11596.324105008303,salaried,11.516217042310103,3758.801826254617,0.8863115627744523,medium,not_eligible
56.92672548258345,13850.728908450375,student,6.338758221301693,788.9501122343397,0.8811109991143194,low,approved
27.46101756850625,36010.872928839446,unemployed,1.9955345841017675,968.3693455543258,0.6610350707903847,low,approved
31.15241171704925,14849.530816239929,salaried,12.23161322021093,4537.809984094601,1.0,low,approved
32.13382195367446,45128.84821251508,salaried,12.915824299846976,2099.6502449588647,0.9790644460922548,low,approved
27.21065515282774,33382.56021735433,salaried,11.163171704996484,4657.766298265993,0.8102804683854012,medium,not_eligible
55.48625112575566,61665.37356977233,unemployed,6.560852728636867,5814.768292846361,0.7397730259544144,high,not_eligible
57.34492329534832,11805.85991351507,salaried,10.90730036017861,8258.118732115661,0.8847561613803552,high,not_eligible
61.36445982491133,93225.79037457977,self-employed,4.030729104823175,2504.9626592867403,0.8586697699414396,low,approved
41.7053590248868,58922.6210651491,salaried,2.8394895990626585,3659.6619500340985,0.8855668948563229,medium,not_eligible
54.89719939527214,88604.80544603255,unemployed,12.216230041746496,4456.224567505478,0.8691577396194089,low,approved
17.765546688255945,98649.8210150428,salaried,12.037013334102534,5914.821485758572,0.9006240989305926,high,not_eligible
58.54484694390122,68242.45646164633,unemployed,14.235429730180634,15190.167006220956,0.9947305699391806,high,not_eligible
29.52580680557909,12227.444254913342,unemployed,0.9571517365415736,9035.39363760617,0.9068103205128646,high,not_eligible
50.69449032355605,15958.704696860636,unemployed,4.147127780748173,2501.4920619871464,0.7450344501090058,low,approved
39.0,83744.0,unemployed,8.0,7806.322331163288,0.9862562852712452,high,not_eligible
39.48437129150476,87302.08435192078,self-employed,1.9819961910563624,9645.763255628324,1.0,high,not_eligible
51.25226913555957,76389.44044384045,student,3.194695900485269,6431.890391489031,1.0,high,not_eligible
55.47408112740711,12246.38355054124,salaried,11.655022153524422,5964.309878773062,0.7376505966760402,high,not_eligible
47.27013318132514,85840.8435126613,self-employed,14.44477341261049,6314.904647864813,0.8742882013150275,high,not_eligible
25.94126252358735,56507.771926837166,salaried,5.043044410351856,3398.4140852856667,0.6417901296811013,medium,not_eligible
41.65320537587692,13174.804189428378,self-employed,14.546171628783028,6893.654829020612,0.9053149156379208,medium,not_eligible
21.09995471001591,94405.88761173956,unemployed,0.9382445976536504,6694.549429924915,0.7951799701833228,high,not_eligible
19.01679413193581,12171.236725468598,unemployed,6.019760458852355,4599.390646867508,1.0,medium,not_eligible
25.19072560410413,61626.15020400072,self-employed,2.009009881929087,4772.419276517881,0.7725385029981418,low,approved
58.98030937260522,88815.50428319315,unemployed,12.493201894973623,9997.829604372926,0.6810816962032737,medium,not_eligible
37.39370795035245,69822.62149632617,student,4.244278141189049,3699.452762527869,0.802873625929748,medium,not_eligible
19.05255406349633,77604.09158584994,salaried,0.0,6788.0800444761135,0.6524512228782862,medium,not_eligible
28.112627170293685,16204.227198369988,salaried,8.019017310386673,5322.380126544855,0.925109945450731,medium,not_eligible
18.53159162358398,20933.41137306518,self-employed,8.683574761655171,6142.216508156695,0.6434916953743679,medium,not_eligible
24.23287176233609,54754.09333126229,salaried,5.273176298533971,8110.991996443763,0.8528457581183159,high,not_eligible
44.92922319344338,44777.01251306705,self-employed,4.839281504512952,4649.030741266229,0.6422188180143803,low,approved
55.99970842988323,13440.14615716336,student,6.893021803257758,586.5970939499541,0.8179702195463358,low,approved
53.39254899148939,65190.90079917929,self-employed,10.49244305162541,5140.562053832233,1.0,medium,not_eligible
44.31649395672405,60076.17440692036,salaried,4.746172374330355,4216.783911319028,0.8860647891435794,high,not_eligible
48.50904571335431,55094.48175443931,unemployed,10.091415998556856,13698.884627031826,0.7636506395035065,high,not_eligible
48.25111974913912,15437.468485178142,unemployed,4.011674757672346,6080.411918970377,0.8468796511060915,low,approved
43.62557582705535,43275.27627360972,salaried,0.0,5056.2190086801875,0.8518016872044446,high,not_eligible
56.33136513303322,35144.81954009384,unemployed,4.701099402976579,12746.800048426814,0.8972630345843405,high,not_eligible
58.0,60300.0,self-employed,11.0,6276.700369012252,0.7133141636719174,high,not_eligible
58.091008800743566,92393.54435826823,student,8.807636463342563,2559.438547746789,0.9092567273847332,medium,not_eligible
18.43283918850996,13663.564733449031,student,3.7240584938528496,4642.732675057434,0.5795608368397225,high,not_eligible
25.61502202522165,55642.68116372263,self-employed,14.737875927604517,6755.7918189616685,0.7870115447636189,medium,not_eligible
57.38941662954205,85619.64334760075,unemployed,12.010969707156512,3600.482955784926,0.8011726157548456,medium,not_eligible
24.11887451404917,40987.02568370654,self-employed,9.431260357782191,3271.960561449474,0.913332682607124,low,approved
40.10969157868615,30252.744839067065,salaried,0.0,3918.4433111411877,0.8522630852676869,low,approved
54.16737829973714,98607.98084222448,self-employed,3.8066056622728888,2980.9675780814014,0.7094436946143713,low,approved
37.75711044379176,58963.35825532625,self-employed,2.092596221039204,10500.482749410305,0.7515006874182985,high,not_eligible
41.73823526802728,51585.41989015973,unemployed,0.8963135122838485,6892.748272118178,0.8698680009547407,high,not_eligible
49.65675180635455,24307.408506297204,unemployed,3.1035622635870785,2534.552538744313,0.8420932658135444,low,approved
16.586358970722138,53330.30998894311,student,1.9378361147393008,1354.836251956212,0.7920875890364253,medium,not_eligible
41.66736982222878,45789.50430695839,salaried,0.0,4876.402183190631,0.801916621048802,medium,not_eligible
30.295254092114337,59529.53685474234,student,11.334322638962188,2059.1208222795103,0.9196167997159288,medium,not_eligible
37.26708940542432,88335.21999854929,salaried,3.660209487775232,4741.1291082273365,0.7982307427130785,high,not_eligible
48.05211231966032,41147.74357186785,salaried,8.7909989161541,9111.304381820763,0.8411908755970926,high,not_eligible
49.274282898122735,84749.29642545062,unemployed,9.67174877574253,2017.1247893106279,1.0,low,approved
24.19118907631683,39065.29941834432,self-employed,9.627482698484515,9000.219869651177,0.7076317363116077,medium,not_eligible
25.290853056488576,16864.3121893507,unemployed,10.476451073415454,4712.212074236653,0.6648157268425341,medium,not_eligible
51.512372882875525,21123.10058422165,student,7.923208267993655,3509.6084117874757,0.9283589664798606,medium,not_eligible
32.08329108423094,29870.157296036483,unemployed,7.950810917932505,902.5853730628113,0.7821356938705897,low,approved
56.967982838655374,49255.731888910064,salaried,11.58702573940548,4589.523730399045,0.8181762472257379,low,approved
55.05534501600974,25631.9800191044,unemployed,8.716897728133103,1754.8974182002871,0.7718843621868885,medium,not_eligible
46.74682888212712,15541.323255074409,unemployed,4.508922870557706,823.5336359486126,0.8240199859232488,low,approved
23.514348285109865,58272.86033032176,self-employed,14.302236821074532,5579.186309929701,1.0,medium,not_eligible
22.764752026341696,38889.4017761397,self-employed,9.710181004810083,8322.484153723814,0.930212845861812,medium,not_eligible
23.507463982265723,61749.35068442462,unemployed,0.9156402186506548,1306.0248243191388,0.9362223511886976,low,approved
30.368814737417487,47247.647488644994,student,3.8158718274769727,1661.4404484686252,0.7083772944207354,medium,not_eligible
50.549810383614215,58899.642299914056,salaried,12.211515346489527,3224.417796312262,0.7348846263447131,low,approved
39.1046845400916,55715.41885117046,salaried,3.139064235709279,8130.175289555365,0.5660921340514573,high,not_eligible
55.76489705610887,49198.251687839416,self-employed,8.129928930388859,8539.532014101631,0.7690619178917246,medium,not_eligible
48.34247595225208,39047.003016114766,student,14.449705708569674,4898.711937348479,0.9456703186385658,high,not_eligible
27.39443365035867,30640.27501319095,self-employed,4.649318286266091,7769.60371708053,0.9016946515748372,medium,not_eligible
39.83228741864934,71745.28830870587,unemployed,0.0,5242.792854247214,0.8278486737047875,low,approved
56.48302986604074,32699.59119872536,salaried,4.041194109839299,8531.510186115014,0.8477699716281947,high,not_eligible
20.20491958255897,62988.25536162718,unemployed,8.264555324258536,2302.054357921173,0.7811114457424594,low,approved
26.86801231393788,65650.90962932125,self-employed,1.825952935883057,6517.677826726953,0.8704758882401784,high,not_eligible
38.58333993692617,90028.86790845789,student,12.129192812468345,3767.839647261129,0.9265878279480616,medium,not_eligible
27.97277361436224,50621.62513098553,unemployed,2.02133503254388,6605.5645613451,0.6884113212589527,medium,not_eligible
19.117287789847303,41595.06595777152,unemployed,2.9813990363322995,3196.8558184296353,0.8799647687837348,medium,not_eligible
37.74196795521562,45978.577194520825,self-employed,11.191649071113847,8155.793695069858,0.9432434870954668,high,not_eligible
46.82870280675928,52548.26592469683,self-employed,8.418383934569926,2814.2362626763747,0.808489971103663,low,approved
21.00802669523097,60971.48467773527,student,11.239854494085868,362.7879652079905,0.9200700612120584,low,approved
18.775461914276526,61035.75902130442,salaried,3.0887202489403887,12569.369768030196,1.0,high,not_eligible
20.80376345532816,40117.667285312666,salaried,13.397126906585234,11188.211006092264,0.8395657207013107,high,not_eligible
16.936998326609896,86049.02604534736,unemployed,11.488080443930013,7371.970424767919,0.8893307050005324,medium,not_eligible
37.10821907729303,45478.49380627791,student,9.11799622955321,1838.8454367418567,0.7761942916338608,low,approved
53.66180590430687,60001.36120507738,self-employed,1.0432621943317153,4586.300503905973,0.868125116260205,medium,not_eligible
53.20493108594291,91989.72995132096,salaried,8.009599228050732,5735.085131975287,0.8960271624982303,medium,not_eligible
32.36046373859327,62137.49085426217,self-employed,4.955208109403582,9628.88953820779,0.8694842340270138,high,not_eligible
53.3325921720606,13609.638077990054,student,6.886812223852466,1476.9210329701507,0.7480304680291143,low,approved
51.95056383749371,12715.324287960206,salaried,11.393211275195103,4456.076450467244,0.870636177132545,medium,not_eligible
23.06041813224133,74984.54235435824,salaried,0.9900840334742448,1201.336537187903,0.9962195938717636,low,approved
56.37993443483786,46416.96583191345,student,9.054246203018636,1454.8132216439976,0.8948635764514528,medium,not_eligible
42.252771039874645,63447.62078860167,self-employed,1.0790422778641904,754.2389222154645,0.946198718907184,low,approved
50.90732760467614,41148.902611671954,salaried,9.087940889625036,3724.681665431499,0.8262988029987373,medium,not_eligible
55.02409046645947,58922.13351131765,self-employed,0.0,5246.403243250202,0.9249900239423712,low,approved
51.204068607491465,29848.12509578748,unemployed,2.718290237917726,10295.092515623784,0.8779267838216526,high,not_eligible
52.19345406317908,89807.52038313549,unemployed,8.823712041393012,3173.6305893163994,0.7549089270312768,low,approved
52.432302424178665,26332.96775026602,student,6.36928375361294,770.252500112646,0.8818521004798874,low,approved
35.0,39299.0,unemployed,12.0,8362.88853344736,0.750830333655969,high,not_eligible
17.93136222712075,18384.51706536016,unemployed,7.915187595565688,683.1990102344365,0.7867119725115208,low,approved
44.759202762158594,16057.38283809218,unemployed,2.082298931935672,4554.43306696741,0.8689328307292374,low,approved
53.90486261813184,24877.622099423632,unemployed,8.681678993656302,3545.9361683367993,0.8797244273380124,low,approved
40.8947894551161,28355.855725237583,salaried,14.04279949361483,6530.629094196058,0.7310767534922871,high,not_eligible
35.435717753664406,32079.2946900737,unemployed,7.002634543314006,2586.1915990183097,0.9553985771182876,low,approved
52.75435538139549,101429.46124808204,self-employed,4.2846354820309465,13916.990078721175,0.9072006278300472,high,not_eligible
38.15008200179776,76987.05512249048,student,10.37018155157715,2702.082233705644,0.7795271564389116,medium,not_eligible
55.4092440970744,14438.726487119273,student,6.299647820245095,3800.78985677717,0.6962415203550825,medium,not_eligible
41.26461067749808,96807.573563053,unemployed,8.119192630866316,1452.0875695812758,0.8355095420918568,low,approved
26.16552321949997,26722.778293728228,salaried,4.488215590278827,2951.611004531886,0.805405628613884,low,approved
31.86045439650637,54606.53585351004,student,11.88615473416444,217.9058754076898,0.8613140457053022,low,approved
36.92483462460154,93637.72634955868,salaried,12.37519696869698,2321.8849039088495,0.8136883338844433,low,approved
18.994355657523634,76037.95434413954,salaried,0.0,4771.578810703613,0.6492543139254989,medium,not_eligible
44.62146490649206,12768.176313146225,student,0.0,3691.609064168265,0.8111653061698841,high,not_eligible
60.726212915115845,12774.267637039216,student,7.681279536723217,1728.6229888965674,0.8194380888931687,medium,not_eligible
53.0,14014.0,salaried,2.0,9311.806692152077,0.9133661024774058,high,not_eligible
61.35179711694286,12278.920022827297,student,3.72770174109048,3972.5425262673543,0.780180032538895,high,not_eligible
28.30718185297812,51663.342742986526,salaried,12.888606049786388,5693.310808733718,1.0,low,approved
44.40800610264229,43908.23993295638,salaried,0.0,2144.79561590332,0.6588359449348242,medium,not_eligible
20.048237110659084,55102.6444868561,salaried,7.535111147675458,1105.272004155534,0.9811167497802624,low,approved
47.53248642964434,16935.4847784259,unemployed,3.613621771209367,7753.414777929587,0.8275681029121895,high,not_eligible
19.33471114660057,25061.54701918921,unemployed,13.021119385320755,11319.449804043074,0.9359584872343556,high,not_eligible
51.76828680115754,68976.95833265477,unemployed,10.542252214772098,9428.016078695051,0.8579801484058733,high,not_eligible
43.09561844173037,77527.45991056586,self-employed,10.259666144010035,3626.510701296664,0.9639555536025468,low,approved
55.47213030378877,56770.45658495658,self-employed,10.891879176705402,5054.969461091729,0.8112638035447188,low,approved
57.45007481833753,55104.97922212334,self-employed,0.0,10298.269678469049,0.7401379574822188,high,not_eligible
47.44425947140562,62108.46571576283,salaried,3.09067146634317,2339.5195860170415,0.9920504287271064,low,approved
22.578378112432567,71874.52872519048,student,10.46672268968402,2286.4066465821475,0.8386519354117858,medium,not_eligible
32.943289324910744,44264.88081505039,student,4.012889131117101,7141.530349161104,0.872155847362421,high,not_eligible
24.997486819012657,49904.62417054965,salaried,4.4051525849073565,3625.842710605772,0.9734751914044796,medium,not_eligible
32.551963884253944,68725.87336652805,self-employed,5.00353381611821,10649.803798135465,0.7468044757905565,high,not_eligible
54.94249587174948,75013.13921144759,student,9.854869341880582,4307.764012760153,0.9095490897639256,high,not_eligible
20.277103068280304,71797.5706160483,salaried,6.180138098866712,12022.320143600242,0.7910105243537109,high,not_eligible
48.46163049039794,44187.238471023,salaried,8.20867639879364,2043.5649896277614,0.8367830644355628,low,approved
18.39651840771928,54770.22102379818,salaried,7.979238582604803,6030.756331964165,0.8572278965384289,high,not_eligible
48.61146204603657,95642.56519606872,salaried,2.046983908694578,13021.311550402937,0.6999778138553063,high,not_eligible
20.518312244580507,17897.85538243149,unemployed,7.585090528302009,1748.4415196658258,0.7721162957179565,low,approved
30.47122720192179,11196.371466016331,self-employed,6.077949145673463,10277.974152327333,0.985107289241314,high,not_eligible
28.95696045611105,36142.01083376973,unemployed,1.8189490893198328,8353.014102703051,0.9386191188584796,high,not_eligible
34.10742369050965,61198.28638357222,self-employed,4.707402341246587,792.4957414737723,0.8437360422672765,low,approved
25.11462382155691,24158.030861319046,salaried,4.170108067634416,3316.0609811152694,0.8743123458512893,low,approved
50.00237489858677,55331.726539949705,salaried,2.791235687384579,11179.616731940007,0.8205757494363543,high,not_eligible
58.00685400361938,13124.62827804743,salaried,10.092993356906506,2309.4943891266103,0.9856583385827982,medium,not_eligible
34.90076842109444,41246.46644094199,student,11.161072793886005,3268.298953165355,0.8299647422205836,high,not_eligible
59.16781340186576,58702.15794106307,self-employed,10.6573899317741,5129.485010994132,0.8731842092134848,medium,not_eligible
36.38567923249862,63133.30768948883,student,11.766535656518087,4310.29414576762,0.9646030144142064,high,not_eligible
41.60935694534959,97963.79124964352,salaried,5.068823496408868,5805.820854620253,0.7722628515154093,medium,not_eligible
19.06221874221547,55905.37396382908,student,13.92314029125895,3853.1444743052043,1.0,medium,not_eligible
19.25128075643098,79543.64534022576,unemployed,10.757177439060406,3985.5463380939696,0.6969538590256623,low,approved
54.20986735903679,27602.225184247924,student,6.109089756611895,1693.63699827064,1.0,low,approved
41.0,25708.0,self-employed,11.0,7291.476346789225,0.8127324416048025,high,not_eligible
16.71294463412216,102380.30764083708,salaried,10.814802476024568,5313.293968381637,0.8257301252174718,high,not_eligible
60.08117969013214,20360.74205010319,unemployed,10.311193000576386,4840.958611294585,0.6609989828817057,medium,not_eligible
21.368986890141137,63576.92635791434,salaried,5.962539232425426,6765.549463154513,0.8045205282622306,medium,not_eligible
44.28772064580369,63811.754439968594,self-employed,1.9399897836335205,5650.546225598249,0.7460193468973115,high,not_eligible
46.0,82991.0,student,3.0,5688.461860133784,0.7892353654626527,high,not_eligible
52.6850653003221,46677.1819690412,salaried,11.101037829045907,8093.426448589526,0.836268903421112,high,not_eligible
48.76218950882684,60800.411041505125,unemployed,11.375805043083696,9344.330221792643,0.9457791614472906,high,not_eligible
44.31038995740506,24302.15756425324,salaried,7.103299334524553,5787.244939379198,0.8707603351400626,high,not_eligible
57.28813003428834,92021.91337541916,salaried,13.455291904100433,2349.808356852276,0.8807676653401113,low,approved
27.144180614986368,61949.32303031044,self-employed,2.85939112168752,6407.182167353503,0.7404480611154437,medium,not_eligible
42.27423883513679,25152.212042982857,self-employed,10.703049695155611,11934.226824266862,0.761924591039727,high,not_eligible
24.63093655128806,37272.36247299798,self-employed,10.780398550242031,776.8711117042195,1.0,low,approved
59.71136222662894,16928.17667186327,salaried,5.19347158206468,6972.458128164981,0.7764798965236753,high,not_eligible
23.0,87575.0,salaried,7.0,5716.745252724057,1.0,medium,not_eligible
38.25908999919983,65372.236009692286,self-employed,1.964329563888084,6905.795669061844,0.8256938801119134,high,not_eligible
60.94960054202788,86520.66435556205,salaried,12.549980608714382,4838.070475732609,0.8502287936143503,medium,not_eligible
37.34502259646727,40072.52636786261,unemployed,11.822598064772295,1998.246576913494,0.957036516022993,low,approved
26.0,55236.0,salaried,5.0,1233.7637406381662,0.9771892421938656,low,approved
40.73768897362457,42520.57489330528,student,12.508705716187556,407.8983556103556,0.8389187439720912,low,approved
20.51066090391071,69595.59838169251,salaried,5.234085340920195,6139.490330101275,0.8111756946478461,medium,not_eligible
58.03740328291647,13261.95884981028,student,7.316133480308545,5960.828913877844,0.8444079551477787,high,not_eligible
36.88724411472135,66828.37154423347,student,12.984050840204585,3655.2798408606204,0.8837957528232118,medium,not_eligible
45.56441982759073,59029.049100599645,salaried,5.017044818221627,8210.274032639985,0.9391303686869756,high,not_eligible
22.146216653020588,57355.1444424373,salaried,8.455612608120592,4686.108505197957,0.8504229858994151,medium,not_eligible
62.68940337753348,74417.23121584702,self-employed,5.412517898266954,2106.3453543444484,0.9118886298023152,low,approved
27.077712333677063,59811.189902765946,student,12.006930775307769,2265.286973594097,1.0,medium,not_eligible
57.21027782285907,13523.664366862557,unemployed,2.0406957652838624,1199.7925508824985,0.8881309612264785,low,approved
50.97828865623314,57364.373175738256,self-employed,8.27556355463871,3888.790674105263,0.8811652856004778,low,approved
51.142426891962,64551.81396912954,self-employed,0.940058738663046,4963.509424643244,0.6981089174909931,medium,not_eligible
32.0,88657.0,salaried,7.0,9346.224536482952,0.5869269863170936,high,not_eligible
46.50398468628162,33109.406506713094,self-employed,14.391528408618692,9311.445353792216,0.8888375729230168,high,not_eligible
18.185337443442965,10868.991594024705,unemployed,5.960327837265118,4071.999383347699,0.8405175768719128,medium,not_eligible
45.085668379710704,39928.21176771727,student,14.333751274841909,6381.726553535101,0.7985217325085258,high,not_eligible
41.120816124470274,38756.892832549456,student,14.026027181171765,3556.171967752391,0.8743530204186345,medium,not_eligible
27.17926442273969,47079.7355666549,unemployed,1.81420179080537,5473.962286086325,0.8439596270803091,medium,not_eligible
35.667839162009486,72395.63868659257,salaried,5.8667609894487285,3754.077092661444,0.9627780250633898,low,approved
25.19983516301252,80660.87389574299,salaried,7.115521667858814,11633.97345647741,0.8586110868258978,high,not_eligible
26.74710984237713,35823.61904269615,unemployed,1.830168520275094,9869.035633024178,0.7753076714929832,medium,not_eligible
43.21471950277776,28148.858503132305,unemployed,3.083757925505836,2216.2507194897794,0.9490166238959288,low,approved
18.61736529027721,97303.59088837673,salaried,10.915885220690337,7005.399208214634,0.8282868925053797,high,not_eligible
20.613359948636457,69499.52071270009,salaried,5.7756035281727245,5614.6316750747155,0.9026536683672308,medium,not_eligible
39.99233446931208,69178.01596805923,unemployed,5.013422000992148,2858.0753395719094,0.80225892938072,medium,not_eligible
17.83793176628489,95536.04760238966,salaried,10.765526031377805,11890.784404116263,0.7850173114502563,high,not_eligible
41.0935118225357,43177.14801220945,student,9.055866395469492,7104.205974147991,0.8584168230185696,high,not_eligible
51.31153444233898,68513.31749313226,self-employed,13.08666089718171,6423.4046967541335,0.8512828643543685,medium,not_eligible
58.61842749604689,43743.94207060682,salaried,5.645839318165719,5589.874002216659,0.8979827035366833,medium,not_eligible
36.154712292516166,18200.913306198283,unemployed,8.427391782595755,6106.939490998396,0.8231354246690257,medium,not_eligible
53.72710970183901,16352.15629582291,salaried,5.084121478334386,2957.695881310519,0.6663640216229603,medium,not_eligible
19.03009329007548,11948.857163489554,unemployed,5.887046724095225,3736.6987240516587,0.8067226116411611,medium,not_eligible
28.13055621793584,24976.26778658143,salaried,4.331620715772069,3465.520886890172,0.9293818467143816,medium,not_eligible
44.09764882840293,106673.9945822128,unemployed,11.1655177296375,7586.455940753216,0.8202623920756893,medium,not_eligible
46.912713696985165,32001.871617130248,salaried,9.77341622114298,3089.5540283765677,0.8253616597485451,medium,not_eligible
47.33084727355845,96608.3373588829,student,12.261069211975318,1427.8769341252096,0.9486376505905936,low,approved
31.32477196083136,68970.21527191871,self-employed,10.134307705679262,11499.63723725974,0.7788026772741077,medium,not_eligible
35.213069672782446,60442.03212525254,self-employed,10.841137581813658,1142.8398464147122,0.69571967817571,low,approved
25.647541700406872,15709.8776153906,unemployed,10.618217360611007,3854.0519381334343,0.8339368880474506,medium,not_eligible
21.003499841504684,19305.11745934697,unemployed,8.065232289289485,7098.400641803444,0.8015826048751262,medium,not_eligible
37.782182858014586,54807.02872374397,self-employed,2.148987341476494,2156.6030746008,0.7533753680246745,low,approved
25.30222833554224,50887.12757951534,self-employed,12.02757003879644,4807.028868391065,0.8324621544101309,low,approved
34.29693348996746,58416.48210883771,self-employed,12.599282879956448,3941.582397624906,0.8991505647246784,low,approved
19.079155060881664,43138.51417627711,student,13.668042798558286,1381.4966879323315,0.8490711438432184,low,approved
20.181175961560548,37913.413337078775,salaried,13.668099811717102,7918.399679501151,0.8806981072686237,medium,not_eligible
35.69833081894867,66706.8378047649,student,0.0,1523.0143903511985,1.0,low,approved
54.90205099894591,64711.01122453751,self-employed,12.600996946696084,3226.1757792171156,0.8157121138442436,medium,not_eligible
20.626976613061963,76994.8825963952,salaried,4.818737684031019,4883.058235962584,0.8778348634644669,high,not_eligible
58.26813597338597,24920.85122405301,unemployed,3.015365759446384,8549.82138313308,0.7990786637400865,medium,not_eligible
32.70411536484774,17225.229401211764,salaried,11.750128662887883,5399.288897535409,0.7653640280113027,medium,not_eligible
23.26493412014384,79222.77966476894,self-employed,12.800111417336964,6961.492711391606,0.791509234658223,high,not_eligible
43.23561710401625,45116.23664309143,salaried,0.0,5654.700380477961,0.8021241428478312,medium,not_eligible
28.960819240735177,92972.95118812786,unemployed,10.198041142914384,4267.389660485761,0.8859475797547125,high,not_eligible
49.09298988452528,56675.01803522092,student,12.611405915519189,2796.391598664707,1.0,medium,not_eligible
37.673709108914856,51383.436423708976,self-employed,1.9583706121154487,13898.019478904318,0.7783956563724159,high,not_eligible
41.911683833726514,25989.77134143929,self-employed,11.097952044618358,7784.078704327926,0.8083374694384537,medium,not_eligible
52.15132314419851,85473.79515330323,self-employed,5.006804776945309,3998.6289166235965,0.8436876986888752,low,approved
19.44226931726282,12847.579444019975,student,4.133736110760173,3700.963761054885,0.8895798848709747,medium,not_eligible
44.18273901158421,93274.93111345053,self-employed,14.59453623896755,4934.453120860879,0.8763550811954784,medium,not_eligible
49.94890180576062,68239.40070592995,salaried,1.902155975814639,1200.4405675986227,0.9784095793948118,low,approved
41.0497760255878,49260.8230465704,unemployed,10.684776484302647,5342.750605864637,0.6073607929464792,medium,not_eligible
55.33606536001174,54811.12412793452,self-employed,9.33247014180888,11037.053489139722,0.6113070129804327,high,not_eligible
47.28306746956062,46558.470801041294,unemployed,12.5636726376894,6813.496657954598,0.8004121827989851,high,not_eligible
19.46521162780915,71222.91530881905,salaried,0.0,3366.327022899019,0.9597300187543708,low,approved
35.4471154913301,38386.19893325454,unemployed,11.9398423251387,6072.677083830955,0.6934351968394403,medium,not_eligible
56.72370856881887,21752.528599384703,self-employed,14.36163590717194,7726.801302461788,0.5492367660306242,medium,not_eligible
33.15723663059475,31925.401676073867,salaried,11.672452791260008,5923.839652151284,0.9071179406219207,medium,not_eligible
54.26787865849468,25750.99529698573,unemployed,9.0904655907727,6788.433201299227,0.8743657223702714,medium,not_eligible
23.48100113688101,42416.01651347528,salaried,11.828916130697229,4053.0141613285805,0.740979159320057,low,approved
17.81871468808726,42159.35525160451,student,14.317420878423022,6084.548347432312,0.751446039927907,high,not_eligible
47.2177270438599,62421.00804094791,unemployed,6.003457138923229,4295.644613779323,0.7530256280365325,medium,not_eligible
26.88992601102812,35706.97446593283,unemployed,2.188102826408337,2313.4040738558633,0.861053531747394,low,approved
42.47428350841528,28624.21316116108,salaried,13.92261817044549,7209.939281260505,0.7873684723816993,medium,not_eligible
18.354403800539345,78317.22491108978,salaried,0.0,3011.28438960153,0.8994063918975519,low,approved
19.46262120462565,57690.00985178275,student,12.794266904052655,5433.523612864456,0.5645373337095609,high,not_eligible
47.35460395129654,57480.06363679535,unemployed,10.897134425855098,5638.541383773286,0.7643148134872201,low,approved
58.35351929569578,98260.9098825787,self-employed,4.003006960237531,8575.639340511229,0.737394603908895,high,not_eligible
35.84648073895795,70407.19519789782,salaried,6.048753839461254,9084.29782988837,0.8243659321627508,high,not_eligible
49.916304049756654,13993.30069003405,salaried,2.0456323746347995,7099.149537524982,0.7961952241509861,medium,not_eligible
51.412011807539386,32513.964614900207,self-employed,0.0,9194.854824689124,0.9297843779895768,high,not_eligible
35.15521832531114,80441.95958421267,salaried,11.855522271272577,4891.87607903489,0.6640663228339942,medium,not_eligible
19.097102408106124,54562.74780055248,salaried,7.707871187587647,6475.157808510629,0.8545491476330752,high,not_eligible
58.80004495333337,44806.92550717969,salaried,11.06230103482284,8702.577846230484,0.9058336423211706,medium,not_eligible
19.044177737617208,61865.42931909574,student,12.607190128211016,7070.239988628923,1.0,high,not_eligible
55.57389874055542,12559.722571283995,student,3.92727546254097,644.9205631577935,0.8018234028906525,low,approved
36.48855899670489,86638.94952101329,salaried,13.028006920169226,4652.808394226162,0.8824458604352516,medium,not_eligible
41.36546717586189,73111.33319543817,self-employed,11.77047831672881,9528.44833372553,0.6696137207437635,high,not_eligible
60.87003488514072,99761.58876043404,self-employed,2.900698358137064,8062.083553957893,0.6108043795686976,high,not_eligible
42.0,60993.0,self-employed,2.0,6874.324335856381,0.93447743757817,high,not_eligible
54.466827786592965,38097.024753419326,salaried,6.286099931073,2946.862147313897,0.849443970635193,low,approved
37.18569410849928,99683.39556989884,salaried,7.982346903094712,2623.0215201129067,0.9678512689798424,low,approved
27.15310148428138,91808.84048025738,salaried,6.519086622687407,7134.718387924872,0.7126597111030251,high,not_eligible
57.198497799345645,65912.47917133676,unemployed,14.365885790985647,11398.209912462109,0.9019902139528752,high,not_eligible
44.12073896914797,61207.68170848546,self-employed,1.9371017080888056,7962.057425854322,1.0,high,not_eligible
22.460689771588072,73950.64059162258,student,10.651097920576552,2371.9345866930403,0.8919705608357266,medium,not_eligible
30.21797397355204,59133.79343368047,unemployed,9.165686192243,5063.375167320683,0.8776581505591049,medium,not_eligible
58.49014427215241,65270.90690371167,self-employed,10.362596922532749,7138.370428951859,0.850855608082435,high,not_eligible
19.62798035466106,65988.30581561521,student,9.463704103224233,5650.662317225553,0.6929118542874088,high,not_eligible
38.22616168184895,83987.87421338448,unemployed,8.645579018961726,6028.077547244951,0.9855572935710348,medium,not_eligible
40.35245670530472,56901.58651714842,unemployed,1.0719398840188814,5407.719427094878,0.7889142360194934,low,approved
34.99010821267782,58492.90937859944,self-employed,5.103463361381177,6980.18602733179,0.9004483256383017,low,approved
44.72442300766875,86152.10387637549,student,2.013836960947589,1846.3596239667168,0.6936965693428746,low,approved
50.16800831508282,63999.81634016823,salaried,1.8395901646735136,9311.490785355923,0.7320540335492219,high,not_eligible
22.45035292398289,53281.5663598385,salaried,9.401703546906676,5303.840518061488,0.9935087399222235,medium,not_eligible
35.81309228537742,85871.73607718149,student,3.627572179402329,3063.906882438608,0.8152697711042157,medium,not_eligible
25.13729493250304,42110.30578893443,unemployed,12.246096137922454,5200.63320207717,0.9953275476042543,medium,not_eligible
16.60561053641131,43394.563607809934,student,15.129960963479078,819.4867506411412,0.8421769340941482,low,approved
32.69945284639196,68129.62050199098,self-employed,10.313466952151725,11986.528746293352,0.6658102227042142,high,not_eligible
24.23711176053562,44949.65677583371,salaried,7.907109129631606,6189.1685795238245,0.939206759973172,medium,not_eligible
59.67641610272426,88205.64429796937,salaried,11.724728187544946,6348.975434109491,0.7910107682244392,low,approved
56.50575284050472,59983.51953003149,self-employed,0.0,6222.5984434816255,0.9198688813517044,high,not_eligible
51.711116491855776,29632.81604405165,unemployed,2.7946561394246783,7071.14101338921,0.8525210867540082,medium,not_eligible
48.3972049086708,17361.56495802429,unemployed,2.113573496434117,11679.996489958554,0.695688177205713,high,not_eligible
23.60074464744666,16612.854153674438,unemployed,11.293652846691018,5415.171832431742,0.8664294765370569,medium,not_eligible
56.10580014782491,50955.837506998665,self-employed,0.0,5248.56712078415,1.0,medium,not_eligible
34.10434391603545,11929.701911267985,unemployed,1.0386581093062626,536.8452649022407,0.8992986458514459,low,approved
48.91214303393807,61839.11041803436,salaried,3.2721305487021377,11634.138620928417,0.8442482246994537,high,not_eligible
25.029960821238262,48380.80728447746,salaried,8.268543823141744,9649.3315002472,0.9575343401956896,high,not_eligible
22.6517348176835,43472.75018925725,salaried,7.638195683563459,4101.836743711583,0.8710668465203111,low,approved
52.0,82694.0,student,14.0,797.5911635806527,0.8709534230262794,low,approved
60.76012157127764,51695.75176562424,self-employed,0.0,8928.934372869688,0.7408374827840897,high,not_eligible
45.903065002524016,32219.52450114729,self-employed,14.314943996431335,5904.195240678932,0.8733848025789598,low,approved
36.598207035557024,85254.73305338409,salaried,4.22902914917137,6058.860747912849,0.9535443416416944,medium,not_eligible
58.36804915746325,21619.964351930947,self-employed,14.174867830477352,6086.124287540901,0.7663937847899975,low,approved
46.708872579559525,38151.49818191044,student,13.284276611587172,3194.4301386826337,0.9924495821246948,medium,not_eligible
45.703322885087125,93378.92466867735,salaried,13.71664293246755,4097.106431399452,0.8408293975854874,medium,not_eligible
22.19620097922483,91119.33568725784,unemployed,0.9553726398168254,2952.1897379742713,0.7612230488461459,low,approved
26.86465341983759,61220.191894840274,student,11.496187333154456,659.1067498720928,0.9497632076920244,low,approved
31.251736102519885,36677.77320841341,unemployed,1.998908197984872,2430.5354186022396,0.8213205764261731,low,approved
40.443142533922696,70436.46733666214,student,9.769649251610508,5559.164129218903,0.9259514887486108,high,not_eligible
53.06873313584372,13894.44038486666,student,6.993292859009323,1258.7280348552874,0.8208241367741462,low,approved
26.58395976572832,87949.58824475044,salaried,7.656475763553522,4466.480700404254,0.8440173856470096,low,approved
42.51102684902844,75841.2074099631,unemployed,4.772344858513281,5601.801766351066,0.8993560204334291,low,approved
49.776112482239576,26241.007669338163,student,6.189492351482447,1558.3977631991866,0.8790897057590006,medium,not_eligible
27.08642367460712,43233.51109730386,unemployed,11.601998478038697,3923.2172197866166,0.6504468219548261,low,approved
26.468538468942885,18019.785194933724,unemployed,11.381390492485368,1802.0609490616425,0.7378756259905608,medium,not_eligible
33.932774714389446,80272.12266932754,salaried,12.325265561674446,3599.638881029759,0.9429409984790816,low,approved
59.89822118329296,91625.28021884924,unemployed,9.295358310530078,4075.3413236898123,0.8367863411098453,low,approved
36.32645583180961,80714.30270591672,student,4.145440118932105,3679.274695520224,0.7976268697228578,medium,not_eligible
43.73255691231516,87893.84800348505,salaried,5.061852637376552,4673.361098266607,0.7141425984742525,high,not_eligible
54.17960213337196,95392.76706869736,unemployed,13.047255399770693,8292.250377454937,0.7420263678724152,medium,not_eligible
24.9218661881899,61625.66221312205,self-employed,1.933753432101144,8499.289746764147,0.6478201360038052,high,not_eligible
33.75725938436315,59056.8944816096,self-employed,11.305169977248363,9906.251772294036,0.8398719281298467,high,not_eligible
42.85800012120499,47190.31512484851,salaried,0.0,2372.5320315782446,0.7901562419418953,medium,not_eligible
29.99152280230365,91479.94784541856,unemployed,11.823742367433768,2423.151694255125,0.7533412109014684,low,approved
29.09917851143125,96466.4219195845,unemployed,9.318055093721254,13446.385554637385,0.8431876574832047,high,not_eligible
18.74732715788076,55298.85131948018,student,1.957193755281627,2532.548553837087,0.8863970630852738,medium,not_eligible
35.37500840616727,58982.99562004512,student,11.331485851395962,2281.0172228776037,1.0,medium,not_eligible
61.23724074864834,63810.27005235311,self-employed,10.642487995127366,11683.059222275937,0.6988116580436786,high,not_eligible
20.34862781677815,76014.12889770341,salaried,0.0,3159.4557369833506,0.9659381043300522,low,approved
34.14569453403152,87205.92523315355,salaried,3.7843257990491934,12168.874090283167,0.9473101561015072,high,not_eligible
18.55818007757509,19759.057280653706,self-employed,7.964410265417279,8474.213990879804,0.77209072606233,high,not_eligible
18.85317983866756,74070.43484962524,salaried,2.9434880700822736,6407.718925262549,0.870323595458603,high,not_eligible
31.72079235682982,30689.7092085417,unemployed,8.69499906729787,7470.737126495427,0.8042366750662384,medium,not_eligible
57.183918212521306,96018.16933339578,self-employed,4.1009462056942345,2791.518130276778,0.8685688580418739,medium,not_eligible
38.06237994227587,42634.46335785272,unemployed,12.918752823187171,8604.733529231442,1.0,high,not_eligible
38.69867830579737,15824.575890453432,unemployed,3.3317204874626807,5308.540734126425,0.9105606232631313,medium,not_eligible
50.19070423270183,98882.95364645786,student,11.755154461617884,1515.323800380965,0.9008608373233442,medium,not_eligible
19.33626141215061,15405.448618785127,student,7.868366659592006,6248.441341660339,0.8069690680045357,high,not_eligible
23.89324195757441,46276.81538644737,self-employed,12.142394187254078,3420.6188409559877,0.7015943335075665,medium,not_eligible
40.36670070659636,29027.79933853421,salaried,0.0,10327.320169308565,0.8291531789459592,high,not_eligible
57.24932471063377,57302.992336073,self-employed,0.0,760.3439452835717,0.9706608154863916,low,approved
36.08472123212832,77455.29603894618,student,9.821999296047547,6434.653136355986,0.6972832143410352,high,not_eligible
53.97563438318585,13251.555298556665,student,4.123987154677388,1263.4007523161142,0.7444910631823305,medium,not_eligible
51.8768958109588,79923.76326985293,unemployed,7.746333556041055,3023.303460025102,0.8626267736234068,low,approved
56.83016034151625,14778.142221361724,salaried,2.088566356346604,7009.059964070091,0.7515345215152738,high,not_eligible
24.991383856341184,31608.84467488811,self-employed,2.7223778979979585,2467.1996892316547,0.7707476552884787,low,approved
53.19884430389188,97000.06742483858,salaried,8.406139299370656,3614.1890751420424,0.8076401418271822,low,approved
36.950564944342425,45162.157908807465,self-employed,10.558417803736129,3654.7778561448076,0.7134382595809851,low,approved
31.17669912151437,53861.01828811062,salaried,12.708972962495588,4194.442322870096,0.7525878153783632,medium,not_eligible
23.621465707922653,49696.30746783504,salaried,3.4715157674809016,6308.534601142752,0.9203427916787308,high,not_eligible
55.22693426452178,23207.866249004324,unemployed,2.723134939473916,2493.922431438356,0.7192630217769036,low,approved
27.915845417427747,30941.856354860025,self-employed,5.149416473056431,5102.6377981622245,0.6902127865505162,low,approved
37.42791303405385,83229.6112175419,unemployed,8.69008939917624,5935.070389756751,0.7869975020466106,medium,not_eligible
21.0,44584.0,self-employed,4.0,15355.023400424878,0.9231955502509844,high,not_eligible
61.04032112887296,62109.35309135466,self-employed,10.77333914061493,6575.364953471928,0.830307819200311,high,not_eligible
57.42603099736825,94709.10814498282,salaried,7.552532989664842,3062.3280302370567,0.8035418921884382,medium,not_eligible
49.4450463741515,63537.21331596659,self-employed,1.0274207605675714,9961.322172241293,0.8544358797515607,medium,not_eligible
37.43346373896564,18942.526188852265,unemployed,8.116619991805171,9686.115273113353,0.6754292567140348,high,not_eligible
33.33317958061614,87070.56367200857,salaried,11.7355539153142,6796.020461978447,0.8994705653775033,high,not_eligible
32.750945049789145,103869.83378348804,salaried,6.019222923081999,10742.73269548721,0.8883435031403644,high,not_eligible
38.93487523849142,75795.66105399185,unemployed,1.817636504723609,6400.991769844783,0.8090691525904279,medium,not_eligible
29.636373995171983,86049.48779972857,salaried,6.765423083469056,4859.523083638609,0.9505924511796416,low,approved
18.180727988809867,40700.65300227593,student,13.984678622188069,1967.838661185768,0.7372503901046961,low,approved
53.39652667357053,13807.798565185009,salaried,1.9171660844226608,3948.986964772384,0.9627908993253568,low,approved
55.13608369550664,60187.29630206528,self-employed,10.107521253107183,4765.586565086267,0.8654493665595251,medium,not_eligible
53.54152232909321,11941.781984143412,salaried,10.783736462729523,4661.8131124296,0.8163447410121827,medium,not_eligible
20.98596991377168,65299.7715421234,student,10.541916345761765,5928.8683918423885,0.8480126364631688,high,not_eligible
42.50244290294449,93399.6076568795,unemployed,11.242745872232094,6180.868285865389,0.8392735234189058,low,approved
54.766166904143496,13713.832105977934,salaried,2.045234521104303,2422.315791324925,0.9720282896417716,low,approved
54.90890401413001,12202.168249569451,salaried,11.683714075950952,971.9232471415952,0.7423320872528987,low,approved
19.15638802346542,74628.53891618822,salaried,12.21820360903022,3113.573170363822,0.7737480760853401,low,approved
52.048544960019015,29662.652884357845,self-employed,0.0,4707.685373860743,0.953630289207248,medium,not_eligible
37.11670017742941,59012.27870555271,student,0.0,658.7901931032809,0.7904465064816141,low,approved
54.148994497068216,44660.79714805695,student,9.850461874618148,2536.7625467370817,0.9400533077331592,medium,not_eligible
41.94391051964639,76980.96711615192,unemployed,0.0,6035.446934073461,1.0,high,not_eligible
44.0,80031.0,self-employed,4.0,6850.468613600987,0.8098204973058366,high,not_eligible
56.00872736361359,13580.30424054645,student,7.563854025706393,2538.218261559126,0.9181362326575304,medium,not_eligible
37.187245550713136,42461.63159955625,student,11.670058377734575,3519.5251992988424,0.7346307718660141,high,not_eligible
49.59508108548591,54022.21973891908,self-employed,9.333355084773912,7141.194953185044,0.9254733298067808,medium,not_eligible
47.28562615005368,88608.52928153462,unemployed,8.859722399466017,2894.0646740150078,0.8699423985986767,medium,not_eligible
25.71955705976137,28594.7043286433,unemployed,11.741846398869605,9227.069092329402,0.8973038282160215,medium,not_eligible
43.132271706153766,87471.99195121435,self-employed,1.994554532398637,3741.8916916250923,0.7854427927964605,medium,not_eligible
20.50530153005148,39887.728005310506,unemployed,2.9693318238578,4342.169866771725,0.6838916584432827,medium,not_eligible
52.000009061190006,28002.30683492576,self-employed,0.0,10829.456487012942,0.9003252064749505,high,not_eligible
19.081929635987034,71569.97015738298,salaried,2.870452314943821,4599.603031159709,0.6436596847520545,medium,not_eligible
43.5461587718375,75863.668588471,student,8.935154154575871,3984.9941236921536,0.8182649507757465,medium,not_eligible
18.233689324735312,73437.96177101252,unemployed,11.09526244806814,2711.257736662019,0.944118186641997,low,approved
45.0,90135.0,unemployed,8.0,13141.145656377616,0.8691897735873035,high,not_eligible
49.17207347322335,21138.94569771859,salaried,3.0122486997597537,5449.8720498623,1.0,medium,not_eligible
29.095302101624,97381.77342258842,unemployed,8.46359828545193,13841.812961857422,0.9525109152581772,high,not_eligible
26.877305264036107,63336.38322396098,self-employed,2.1210358313812665,4372.024737136602,0.7846101611674423,medium,not_eligible
21.080293441128774,76430.60885173484,student,11.655673413934814,276.4321008970423,0.8527313379851439,low,approved
26.21922313547796,71706.56047640888,salaried,0.9139276582892176,7720.260010426877,0.8452629297455564,high,not_eligible
31.33299407388009,73270.94581428704,self-employed,10.121812265618892,4347.003299826604,0.6917823236653873,low,approved
42.733348329904686,57809.56419587802,self-employed,2.033873120028296,8280.962700660999,0.7559601083515647,high,not_eligible
19.57037520150755,44892.01813041093,self-employed,3.9000816350778313,6645.626374901223,0.793923909302014,medium,not_eligible
17.445503394284042,85278.02956134731,salaried,0.0,8139.426462091032,0.6463779497144063,medium,not_eligible
43.7753545333328,15497.431666058132,unemployed,2.007394508491061,2257.590668809927,0.8547493468251642,low,approved
58.52722335052682,88716.56980083678,salaried,13.18167271439945,8852.316679007108,0.8250928155346959,medium,not_eligible
20.315617752611413,58998.195413555295,student,11.147486048099664,3716.775707811756,0.6827106098688426,medium,not_eligible
55.19548544992127,32529.72165507968,unemployed,5.116207370587266,2982.7774854859745,0.8904212865277332,low,approved
42.415823334273945,30792.39031713204,salaried,0.0,10222.948766556656,0.921587274469096,high,not_eligible
56.77180630422989,22722.536073317617,self-employed,15.461061320771346,2303.1178744974122,0.8727034478864889,low,approved
51.91949253092909,104371.04596321395,salaried,9.245222589739322,7528.2884569812595,0.817593182479103,medium,not_eligible
27.28865101489188,45901.64031729133,student,11.7055741507398,5541.20630927204,0.9091442151751856,high,not_eligible
51.245322005015446,70535.46708747461,self-employed,12.534815588447032,13661.125972027128,0.9180220360476692,high,not_eligible
25.70265980097909,53994.19996283713,self-employed,2.848132378774171,9195.534951943962,0.8807403569719688,high,not_eligible
42.6081268602693,22736.62442470648,salaried,7.26355808601655,9615.928499519043,0.7675387749565239,high,not_eligible
36.83980253379647,46125.05877300866,student,9.802351579753054,6282.155983831574,0.877660076551118,high,not_eligible
46.47187597686049,69482.01003312651,salaried,2.171294031072613,5332.084296540923,0.969548065082548,medium,not_eligible
19.95703030689653,13214.923931277328,unemployed,6.371910755831733,6274.009890610187,0.7903370941388269,high,not_eligible
48.70729667277089,62036.31695184344,salaried,3.028614739653764,6823.980847804274,1.0,medium,not_eligible
38.93758518871832,13034.534536137471,student,0.0,5793.6353858236125,0.7974369066014615,high,not_eligible
18.897249834288857,79979.00842526506,salaried,5.011248894148583,4416.340523511139,0.8532407013340136,medium,not_eligible
25.08497998525637,41952.49784896196,self-employed,9.845127589966369,6128.259020466495,0.7827514403993664,high,not_eligible
48.0834831538237,33047.7500397573,self-employed,14.444083394782336,2400.963665260747,0.872327083592026,low,approved
22.690950444153977,43080.38337412799,salaried,11.474435409635824,3955.609880778734,0.6757778307364725,medium,not_eligible
51.5662168541525,27668.17731846987,unemployed,2.742273700151133,2728.0977885303073,0.7953958201183279,medium,not_eligible
51.27314532017697,12290.448552817992,student,4.144922646056664,1623.976942171063,0.7407878799651433,medium,not_eligible
24.77684038584425,72454.47656576257,salaried,0.9483435017506984,5125.806488641628,0.8635338347892291,high,not_eligible
25.117319118069787,58152.31905430984,unemployed,0.9688692062252944,5144.590607654615,0.9494447375508908,high,not_eligible
59.47534180310016,65128.70432000347,unemployed,15.345805145948564,9698.992404275436,0.9146006187114551,high,not_eligible
22.11622449355075,42989.951288709584,salaried,13.00297941119312,2435.0940170157564,0.6128340639141108,low,approved
38.92728124122412,30463.0591505238,salaried,0.0,5136.672928576283,1.0,medium,not_eligible
31.537210077619413,95364.27963057994,unemployed,11.283631852159578,7850.790210250518,0.8795279940620868,medium,not_eligible
62.09197231845525,90769.31672436716,unemployed,12.284634034041034,2916.0848762372757,0.7723500859507,low,approved
38.59636285796456,45945.13157118916,unemployed,10.57125279088566,1302.2897971543284,0.8657127918990941,low,approved
21.41685491938956,59046.07945086891,student,10.135870513299638,2672.200160886624,0.8676189822502692,medium,not_eligible
37.27230014516688,60330.75165087584,student,0.0,2654.1408230797224,0.7833151283048436,medium,not_eligible
31.548575730901568,91019.8307998238,unemployed,11.72482110686407,14834.374938090596,0.8697916667342075,high,not_eligible
35.65357088185656,56610.69878767557,self-employed,11.42391790549451,7850.474672945088,0.7892527712379692,low,approved
51.76624185503472,31124.074392660783,self-employed,0.0,10114.442895591576,0.8095638007309977,medium,not_eligible
28.84131561003645,88930.77324392778,salaried,6.894087648576978,6955.378431889396,0.7813720864244915,high,not_eligible
46.64456999359898,68792.00317216627,unemployed,5.889047792712407,3959.2700311317253,0.7067328710260347,medium,not_eligible
61.39466367890784,65442.55707205431,unemployed,13.607586194524524,5820.050756560191,0.8645836470215383,medium,not_eligible
41.41748910712055,41358.02776905141,student,9.295255332758328,2212.26029172003,0.9085299436516338,medium,not_eligible
53.523221344118994,87911.91169674392,student,14.446577649895968,755.2689984724328,0.9014883596076372,low,approved
40.88733114337368,42508.76510503446,unemployed,11.414969740643368,3974.95990046017,0.9319925252635234,low,approved
50.11064312231517,91215.58866264657,student,7.555058977342524,1539.6561721684031,0.8824340210014868,low,approved
19.17234203360636,78895.78281510851,salaried,0.0,4003.229932283508,0.7967274501783096,medium,not_eligible
37.02204659693361,85574.56375606397,unemployed,8.184151221972959,13741.734297196803,0.9339663864431188,high,not_eligible
32.59643000247464,55771.56323382456,self-employed,10.815233026878264,9361.84073713364,0.7142482460158065,high,not_eligible
56.55314743298345,60642.2476833604,self-employed,12.343008296205872,7266.911525305934,0.759932861748752,low,approved
25.36967603025752,55961.14568294879,self-employed,3.0096007455548444,4187.117057570847,0.7535799928576755,medium,not_eligible
46.93103490422244,39959.85638943339,student,13.477955983897113,1274.4647066602822,0.958005605913931,low,approved
48.47063763550115,14438.017573697713,unemployed,3.719681499840501,2577.5479382059975,0.9442788514140076,low,approved
57.57183708013474,86014.49309375466,unemployed,6.894063598907941,3233.8454360066944,0.8987305237044995,low,approved
28.675903630352,27576.536135768954,self-employed,5.008511301074293,5416.183362359554,0.9571929865211796,high,not_eligible
44.936316145110624,55134.67107597175,salaried,4.917681831869095,3716.9883188796766,0.7620717217588011,medium,not_eligible
24.809630407447063,83780.27785698118,salaried,7.481475956957527,3264.8960675079534,0.884859511986098,medium,not_eligible
32.25327545830373,16810.59106765235,unemployed,8.214338144376837,2946.3189314946094,0.8374825571616835,low,approved
47.49068007976025,15860.2936302003,unemployed,2.040716167503151,6480.398305667332,0.9346882103884914,high,not_eligible
52.50907950132777,56206.14657196793,self-employed,10.536209469567304,4659.911863604815,0.8384775767447802,medium,not_eligible
60.74628088390718,100623.76804726834,self-employed,3.149717867971913,5397.822090841819,0.8115057111589918,high,not_eligible
38.90663648613853,28754.78827866317,salaried,0.0,8085.850770287779,0.9040908518560988,medium,not_eligible
38.74824503041682,80513.57560835425,student,4.215435812909726,5593.55499672375,0.9376169167191232,high,not_eligible
40.9051049577761,77224.50547086523,unemployed,1.911052063270069,1610.2655000284387,0.7831654805153199,low,approved
29.328519872850315,34206.85954807912,unemployed,2.0077159631255435,4789.211715993941,0.8438924328647623,low,approved
19.25014985546307,12967.9681080411,student,3.962071451149024,4004.590866179274,0.7441559366358347,medium,not_eligible
23.18134719320985,14535.248026418232,self-employed,12.620786445739988,5189.526737247286,0.600193898250706,medium,not_eligible
17.537287197927974,18473.73782174701,salaried,9.836506515097204,1380.4165098786093,0.8700459631413728,low,approved
54.64373189784068,72825.83865303642,student,10.161881767824392,1379.366715298127,0.9108905356254632,low,approved
53.70420881101651,29323.842990905385,self-employed,0.0,5354.871316027444,0.8762066809086725,high,not_eligible
45.93793872616829,22027.55226144091,self-employed,13.50983140395364,8535.29448332239,0.6550438282245632,medium,not_eligible
41.76562282839584,85151.16157884266,self-employed,2.0346572022339102,2278.8491357855514,0.8149150569923526,low,approved
19.446160528878945,83734.08115837631,salaried,0.0,9498.920495508633,0.6281652239948918,high,not_eligible
41.45150404345022,22514.21717558301,salaried,3.075031104821916,6758.483213612382,0.9869701107654184,high,not_eligible
45.52842338895972,54993.657625586784,salaried,5.125928864448398,11264.333694058741,0.7413945417881913,high,not_eligible
41.53088662475134,69134.5892167367,self-employed,0.9660657829969532,6586.220781179319,0.9755403609459896,low,approved
55.13460461127972,13861.15406093432,student,7.115759172245049,2761.0391714145194,0.9445869643684146,medium,not_eligible
31.543397247202563,54728.03068539732,self-employed,11.4032310632967,4777.348025472675,0.7599409647463938,medium,not_eligible
55.63130494516629,85009.22569772326,salaried,13.789845153629528,2811.4650831029257,0.7367215048732254,medium,not_eligible
64.78875932413082,59565.72782853684,self-employed,0.0,4797.1936979157335,0.8850370216386338,high,not_eligible
40.372645368798445,25100.467333359105,self-employed,10.37220469356905,3296.7713086854064,0.7655675962816929,low,approved
41.95529939969279,90224.77752069412,salaried,13.52217745676798,2751.7410078484486,0.8602484642158207,medium,not_eligible
59.54704760663809,56159.72570240573,self-employed,0.0,3287.7554021202977,0.8017172409193082,low,approved
28.88094458742863,99172.1323579104,unemployed,8.892835207581296,8585.84715538002,0.6718841585534366,medium,not_eligible
65.59553649037555,60731.75381244087,self-employed,10.847937581417414,3772.969078899312,0.626953198087554,medium,not_eligible
61.30274281512397,15463.967614030593,salaried,4.652702786185398,2903.09003314703,0.8726684248494597,low,approved
31.51553435083085,46834.87532706645,student,4.046761004078435,5638.951563967514,0.7938442253669374,high,not_eligible
42.83258591809077,94656.71622068823,self-employed,14.37582223289604,2360.267979451446,0.7946910183085868,low,approved
41.304572931576,84421.9134826127,self-employed,4.017199865165282,5165.314429219556,0.9195863839093784,medium,not_eligible
22.5269376870076,28115.76261133793,self-employed,5.299852632872771,1878.6729961693934,0.9673442276632443,low,approved
25.4892543084789,74818.99264246342,salaried,1.0202967550306816,7635.198100509704,0.822745527863819,high,not_eligible
46.90301597011587,37236.33709280421,student,13.842729922129696,2548.0072429897505,0.8159401293090138,medium,not_eligible
25.96722829390814,61062.75485625391,self-employed,1.9636960878559275,10569.041688142319,0.9000143033113883,high,not_eligible
18.03414907154308,24458.81276482523,unemployed,14.113406272029442,9683.280797099163,0.7143064430300424,high,not_eligible
31.84757957233508,39461.59874089072,unemployed,11.883040592776895,2442.734209507874,0.8723153054747697,medium,not_eligible
23.841292311935103,25493.107002533103,unemployed,11.710677462084952,7019.870466304923,0.9051885971822152,low,approved
55.74525124982801,93313.39521234336,self-employed,3.7007625355648894,6854.214735306452,0.9180230208417628,medium,not_eligible
25.74939425630956,30299.58278675884,salaried,9.84248261118002,7711.700966693993,0.6563247297497534,high,not_eligible
18.681254143134684,58367.42918240393,student,13.433387316422444,6343.871598792582,0.7738644730191059,high,not_eligible
52.21911510385441,13927.748296530695,salaried,2.059087793805221,1330.6181250208963,0.7621736747176533,low,approved
47.07780423646381,58411.47100113889,salaried,13.367916850568523,1924.5766945119717,0.8599886954409213,low,approved
51.69425951618901,97066.27635119406,student,7.554440406196506,3960.5014890559855,0.8980744579767984,medium,not_eligible
20.54836268463181,17886.89959392154,unemployed,8.035109764431773,1443.207321374867,0.999671040744598,low,approved
24.37856637215088,35424.00742907689,salaried,7.49509292233267,7894.381997680725,0.8005034519631926,medium,not_eligible
17.31584583975305,18382.10172482016,salaried,10.152937126759536,5672.241430355989,0.8002427501690785,medium,not_eligible
42.04057664026829,58066.384355891954,salaried,2.966509787054964,3917.1712951316363,0.9649672018878748,low,approved
40.362818605450855,61641.377804559066,student,0.0,441.66308943683094,0.8796576938530305,low,approved
50.192663042914496,90836.27106960918,student,12.62726786240052,2025.7851747977488,0.9767651511187974,medium,not_eligible
26.983873849286187,54582.1568446889,self-employed,13.661044473163978,6435.565299596001,0.8788728003009836,medium,not_eligible
49.4958938927757,13986.247820908791,student,4.212325339376664,6469.503908746596,0.7342883381286729,high,not_eligible
35.97236480663068,78031.67493719253,unemployed,7.671815977837485,3022.3989307846173,0.7166871645222193,low,approved
57.30628556600269,13385.078417489272,student,6.638851611187038,6290.174475433474,0.694848775094107,high,not_eligible
28.07361722530921,57161.74286621794,unemployed,1.015310383501005,14769.394905117446,0.9162051834758472,high,not_eligible
40.5943575927234,83519.83807117722,unemployed,8.439721144766688,8633.624448029606,0.9688596823087008,high,not_eligible
58.90923519636667,14088.625378409091,salaried,2.001342192360549,2769.821031944692,1.0,low,approved
41.12608384392868,25908.77084345677,self-employed,8.979586731059262,8026.271957389094,0.934310533232324,high,not_eligible
51.43180536090796,59642.931317586175,student,12.363634440546484,626.5530480977853,0.9662838577534986,low,approved
44.1142624341876,63207.52652977222,self-employed,1.9599805199893392,11159.601817394696,0.7919983667346315,high,not_eligible
35.604361727806776,95240.85900160378,salaried,7.838396114865052,7652.717526270442,0.7343584183256143,high,not_eligible
46.08827033814906,89430.06269848636,student,1.9618557392852816,2915.1289529945807,0.9350079332417554,medium,not_eligible
46.14870201841001,43427.64031737878,self-employed,4.834969049253528,8402.502887862565,0.8917680752239401,medium,not_eligible
29.43692629661094,21162.213747894904,self-employed,2.0208287941476524,6247.259618687802,0.8607444374340892,high,not_eligible
39.27636324305693,12891.606948419636,self-employed,14.402545635733446,10807.780433070699,0.888737148063299,medium,not_eligible
53.13898583851464,13229.578125587916,salaried,1.8723130037199724,9625.36719673366,0.8823185482458206,high,not_eligible
16.84994222155894,64091.697999136006,unemployed,7.950498873909177,5414.590292331066,0.978381685985356,medium,not_eligible
61.05006290372055,14018.31238589206,student,3.833168218469233,1652.3428463734706,0.9794985584816956,low,approved
35.15276470554567,43543.77425636476,self-employed,11.814653543418595,1876.9165670887019,0.9044220352340346,low,approved
17.373837049116418,17568.241653259956,salaried,10.19887709107458,3455.784271772574,0.9345802872562928,low,approved
47.50848521769171,62144.88629792569,salaried,2.143934393078464,9859.272100214255,0.9014062552424776,high,not_eligible
31.58862858553506,11957.293904359218,self-employed,5.810926237845655,6111.571194331883,0.8038830267965381,low,approved
19.81361443925603,73086.25468351248,salaried,3.251949901003,2935.663348591215,0.925656467491314,low,approved
41.15808495783397,18770.27821436413,salaried,2.910232353406929,2323.1716983654424,0.7105504931140738,low,approved
52.79579498993931,15718.17468326148,self-employed,10.32624963575978,13392.099963476317,0.9553891552295884,high,not_eligible
55.32290684620949,14189.999001024264,student,6.978451905058527,3427.418982102566,0.7305477060233965,medium,not_eligible
56.17034797884117,54729.74750436957,self-employed,9.386709978586133,9251.089809924764,0.8785803286794732,medium,not_eligible
51.40753697114934,57620.471450052486,student,12.570275159443856,2950.147942075633,0.7654846041573841,medium,not_eligible
29.99419455802735,64409.56293655057,self-employed,4.898428914341801,4586.29301350849,0.9053388983074426,low,approved
28.715909055050865,98790.88731230472,unemployed,9.401909174828535,5552.7335574696735,0.8466074774072091,low,approved
25.22874650405408,40644.8377477418,unemployed,11.92366778857308,4345.260619908969,0.6905244041836667,low,approved
22.704321704514864,57725.92502928317,salaried,8.991977009415164,5330.149298571052,0.8920699631018478,high,not_eligible
48.17561720047539,44096.66148642538,self-employed,5.163691429726232,6712.795196836159,0.7922079223167289,high,not_eligible
49.8654280968713,96926.50477519709,salaried,2.0827208592942394,12576.264381473633,0.9381146720813368,high,not_eligible
54.10937385659648,74543.54117235473,self-employed,5.057329512895491,12926.186778184408,0.8501325688734407,high,not_eligible
52.86212720529355,18662.90812262725,self-employed,10.253065855567272,13010.203441899306,0.8895420985388038,high,not_eligible
53.592177219713285,46632.567922368726,salaried,11.104753709529582,5269.981101028226,0.7542431044984788,high,not_eligible
43.69460146294531,82817.45387043571,self-employed,3.9037747548472033,11166.360917593229,0.7910667768572638,high,not_eligible
23.53843543921593,31399.90521081484,unemployed,12.18243964938171,3278.7535690953578,0.8041361363898916,low,approved
26.951765794348496,88735.9270378951,salaried,6.894096506675059,6122.089169193469,0.9356702480242556,high,not_eligible
30.81105448876081,32739.43527921999,salaried,10.421117398864007,5950.485571933962,1.0,medium,not_eligible
22.516256793753342,17545.134506903687,unemployed,11.153739133064624,7974.868029445409,0.7694828248257124,medium,not_eligible
35.418148850296646,68256.5074269803,self-employed,4.863307331069252,7544.872697148867,0.957684814465768,medium,not_eligible
30.94670518315392,45696.85184741205,student,4.01153574477338,4930.16315871046,0.6330322582274297,high,not_eligible
51.53625433128735,32458.414337925897,salaried,3.833465162865588,5472.3930542334865,0.730581059890771,medium,not_eligible
52.33310008083844,66867.18881980403,unemployed,10.832295069124356,4836.492213971856,0.7541221543813225,medium,not_eligible
51.71101687255083,85465.52021499719,student,13.205993915454156,356.3992354961931,0.7147491310559277,low,approved
22.28441650668324,94630.54151488264,salaried,7.077326414718328,3366.5772454919334,0.691641161021242,low,approved
46.61073428548599,56774.40157912997,self-employed,9.078943425935243,9804.833635527564,0.8912998912137797,high,not_eligible
26.811215864937743,57619.60503985038,self-employed,14.850888313055876,2306.435850766824,0.8285932302272139,low,approved
24.91178699393241,55478.55234405245,self-employed,14.213043098497076,6579.057294491138,0.8879405397605109,medium,not_eligible
51.153060844790765,13978.9377716974,salaried,1.912960773968022,1475.1420006477583,0.9190472686121512,low,approved
48.618500798732,77811.65277918936,self-employed,4.483247041757082,7231.270930349767,0.8765616993172534,high,not_eligible
20.542599529858155,43500.694446335154,salaried,12.201338311797546,5550.000237462098,0.9157763176150372,medium,not_eligible
20.095151545575888,64404.52911776354,unemployed,8.275018670770903,4612.445676094478,0.843046771375773,low,approved
53.0,52642.0,self-employed,9.0,6857.312481655019,0.7313006611694255,high,not_eligible
32.081425054649934,76631.58451439766,salaried,3.750636241429004,2169.8190061608175,0.9557814180820796,medium,not_eligible
21.83918914561556,83823.55964625726,salaried,6.644937957862132,5108.450115499974,0.7910887867218873,medium,not_eligible
37.21731055983738,13510.753702951695,student,0.0,1317.5547491533932,0.7564403701237574,low,approved
25.226156675099563,24704.784172185937,salaried,3.660005200170296,1147.2505765512963,0.8322082124195601,low,approved
28.617381953027103,26739.22621335131,self-employed,4.599492607053951,3489.0815030654126,0.7587189080703487,medium,not_eligible
30.30418844209592,52619.18271179916,student,12.302983355933703,2617.7008661906652,0.8082569618010568,medium,not_eligible
60.01129630097852,61423.15440004545,unemployed,5.98886647379569,3099.6960547871563,0.8844053921563466,low,approved
22.692717073197983,54956.45152321494,salaried,9.498303657604234,1210.6670340934681,0.8848341739246126,low,approved
25.260986208248404,36555.991574613385,self-employed,10.453831825784697,6707.386626618104,0.760216993357437,medium,not_eligible
55.13300955386629,23876.273708043434,unemployed,3.193306984996279,2619.1526948569935,0.8012294627051255,medium,not_eligible
56.74058519971083,84318.64060797525,unemployed,12.68586437428482,6583.231489725867,0.9574333004770244,medium,not_eligible
40.0,29508.0,salaried,0.0,3350.34547369042,0.899640011773394,low,approved
40.24509698847193,85575.58058270588,student,12.617071899021802,6659.11625141472,1.0,high,not_eligible
40.51945070050061,75594.78062038319,student,3.857906803306681,511.1142294527334,0.9680128173741528,low,approved
20.88835960438085,44394.19717054624,self-employed,3.917929196858778,4343.073177619729,0.964429306855994,low,approved
21.05108469629185,72230.15649065054,salaried,6.095673980908833,5169.994018980862,0.7112131449544198,medium,not_eligible
49.18753369639593,13527.354558549076,student,4.327138819764553,3595.816503869049,0.9263860351633424,medium,not_eligible
63.46275159494899,12584.51430181382,unemployed,1.86356648322395,3090.9212014785953,0.8446893198303089,medium,not_eligible
27.07888354979625,16077.621440651414,salaried,7.394047785657015,970.5894408442915,0.794901819646175,low,approved
39.7834974725621,12094.377007070789,self-employed,14.856534139705888,8117.514086701125,0.8668015340532528,medium,not_eligible
42.80726380720655,61688.45833493336,self-employed,1.9408895732642395,2772.7311492892636,0.9445211534611484,low,approved
57.68359603360295,100768.89954005022,student,8.028540373608337,3649.0387855710946,0.9000831591004211,medium,not_eligible
21.45651970293757,77493.76444351733,self-employed,13.64135903726925,8600.074956004974,0.762152619865794,high,not_eligible
60.32752494722018,12417.7226426724,salaried,10.971297487700005,4636.492809200192,0.924245891359262,medium,not_eligible
49.64922591649032,69624.13046719335,unemployed,11.47823770427112,10190.87080450002,0.7862412457924036,high,not_eligible
17.066242845029535,13664.769663378263,student,4.255886280812163,2385.448847946374,0.8716683118964286,medium,not_eligible
21.72079513449216,84627.49569061238,salaried,6.761326342684929,2433.4592717456353,0.8196649932522866,low,approved
43.347643790677445,83418.47354308813,self-employed,9.522642066387538,14284.063631321445,0.8281133748264374,high,not_eligible
55.69021195153584,21396.125138652355,self-employed,14.769049574656872,5051.6394486221125,0.926624297504051,medium,not_eligible
59.600029934708274,21788.12950367823,unemployed,11.196243966101145,3589.5278251804752,0.7459806280184101,low,approved
25.945555482696264,52208.181651277744,self-employed,13.78764538763044,8510.606133342582,1.0,medium,not_eligible
22.452094823525105,75793.6640769506,self-employed,12.111688461990768,2718.1220003916815,0.6678913930705503,medium,not_eligible
44.11965653981443,76365.49940147148,self-employed,4.120085993678397,13145.823994588258,0.7902332316745143,high,not_eligible
60.986941919496175,46639.85646891666,salaried,6.071576823850491,10072.356012918573,0.887021188994174,high,not_eligible
43.60605546741254,91687.539436625,self-employed,13.133422876216333,3507.236613548859,0.908431416643531,low,approved
58.61543791845025,60858.90790994059,self-employed,10.371864757351435,9988.926558172696,0.8399524279428294,high,not_eligible
40.7991068631899,76376.11561753832,unemployed,5.333840195883674,4390.058237566747,0.8442609296998458,high,not_eligible
41.13962345212456,24436.94373342791,salaried,6.42865241584725,1843.8652779520428,0.8910550085327616,low,approved
41.28332086044668,24287.88972931329,salaried,14.437243867149084,7493.990841736011,0.8268930522542319,high,not_eligible
58.66530525749926,57536.52437026241,self-employed,10.600868471436211,3966.948416533232,0.9893181257934904,low,approved
24.262319822619475,89802.0771706833,salaried,7.533709139159955,5978.683651806777,0.9339349114231602,high,not_eligible
58.826506638787606,20177.06153257537,unemployed,11.0122993473079,8148.991393804473,0.9372824351005634,medium,not_eligible
28.75103447412941,96687.1348327301,unemployed,12.26479635706206,5837.633353838058,0.7533843276629583,medium,not_eligible
37.96587204873238,99110.43024104727,salaried,4.923914294325559,12873.76652394074,0.8420611575594297,high,not_eligible
45.00343313439404,16184.723760933584,unemployed,4.3733256294950245,13970.111931590583,0.8199534051279296,high,not_eligible
54.8626839522186,45554.921569634345,salaried,10.920868123960648,8578.29792222534,0.7494398624310534,high,not_eligible
30.990216066664964,93975.33354594382,unemployed,9.004778094104408,5611.311681801022,0.8860164183945767,high,not_eligible
18.082865634843195,81465.10048543134,unemployed,11.070925608641195,7426.600271407287,0.7962354242220183,high,not_eligible
49.200545113987765,58988.88073181473,student,12.109978111515836,3419.0906929610164,0.9155403829850236,medium,not_eligible
17.22055126920356,13198.252858745063,unemployed,6.1429225106404655,1884.5885973028655,0.7429808437105668,low,approved
41.82374782083919,83287.71666801868,self-employed,4.04410996057806,5775.2807706878,1.0,high,not_eligible
50.72735877350387,26169.389830381195,self-employed,0.0,3442.3835367262045,0.7603667341407938,low,approved
39.84048197945382,53905.237452606176,self-employed,1.78952687952176,6205.610179919,0.8719302337200436,medium,not_eligible
35.48209661880148,79698.33655409368,unemployed,8.164326127402676,4333.911052934277,0.9291859310388068,medium,not_eligible
30.627815512542952,92441.88158551043,unemployed,8.800869707915737,7175.629056032159,0.7929359569799888,medium,not_eligible
34.064253653804855,62664.6092958049,self-employed,4.9394375357243065,11076.831241069689,0.9352468643432952,high,not_eligible
44.42062536303697,86979.1118592478,self-employed,9.387756633109747,4319.097802244882,0.7270816402199584,low,approved
39.47150263163216,12206.336099836572,student,0.0,3479.476431758123,0.995211769918256,medium,not_eligible
55.22135281802019,61221.6320247164,self-employed,11.637520194622372,9283.033043105046,0.8514149264965758,high,not_eligible
46.30505937139213,38330.05003137828,salaried,0.0,4493.657330060401,0.790358859203112,low,approved
62.64619440905496,61280.72609799336,unemployed,5.778221171837679,1634.2826633534703,0.8200818227572565,low,approved
41.42289891059435,26663.82867128537,self-employed,11.22792625297494,4459.80414026008,0.930891926939272,medium,not_eligible
55.006932317334766,13302.326268915123,student,7.22125417077934,1691.411275664998,0.7915544708149561,low,approved
24.0,45777.0,salaried,8.0,2247.039256424499,0.7750642310577223,low,approved
24.568028193903203,44597.35489582142,salaried,7.782879325422269,2883.1427390667386,0.8278463402416262,medium,not_eligible
19.17975557331296,69694.74630746667,salaried,5.984362347881583,4544.303664843443,0.7323037887230032,high,not_eligible
54.54573033135118,92767.8589777375,unemployed,9.064209856851203,4901.051163168948,1.0,low,approved
42.355773525968345,35624.87161483643,student,13.370175744079706,357.18824590616845,0.7933605408785277,low,approved
55.95635870744639,35526.75601063308,unemployed,4.848103291080637,2415.528538041666,0.9331616786180404,low,approved
54.65567280434976,82432.74567271973,student,13.091966803365596,2662.578972459194,0.8709470083647772,medium,not_eligible
49.789574185550485,20654.164265795185,student,8.321706964799391,2014.1734223711014,0.7515465949518032,low,approved
48.91549280827599,90520.65354585346,unemployed,11.704409826582287,10924.073170142728,0.849404529078727,high,not_eligible
57.57232263132956,63854.37466155619,student,4.1489849762998725,4668.820352412359,0.9284002779310748,high,not_eligible
24.256234123778995,48643.88273211084,salaried,8.648382935246994,3473.346611563801,0.8311738664913694,medium,not_eligible
21.87345109638946,54808.393444423455,salaried,4.947774452839775,7984.142202361458,0.9693112945851028,high,not_eligible
51.10951417427204,29905.317819685835,self-employed,0.0,3781.0964020257748,0.9521515392781864,medium,not_eligible
58.39675745444192,103314.556024097,salaried,6.646022409967844,3761.4128067939632,0.9418914854658328,low,approved
20.657867859212185,58051.045893267845,salaried,8.017143110553654,4441.6536379796435,0.8040343227727003,medium,not_eligible
50.72427632763908,79527.85898687971,salaried,6.235963089158421,6219.749789341558,0.7420157552218513,high,not_eligible
26.59025505369882,45905.048122183936,salaried,4.397446657540181,8638.231301689251,0.7886412394637206,high,not_eligible
59.7695396415356,62469.28761346391,self-employed,12.375165586154996,12072.711896445187,0.8696240940666721,high,not_eligible
25.66597895346613,41313.98676480044,self-employed,10.353088444344245,10786.28701363479,0.9045786713532356,medium,not_eligible
39.98863406926506,81670.82823624874,self-employed,2.0599112512710827,14759.955134780725,0.6328428595239552,high,not_eligible
45.52980782398959,77986.47864455395,self-employed,5.352172685969267,2454.0954631137774,0.849188679838825,low,approved
29.35529135767964,32961.62436901498,salaried,8.000379429619786,9146.047858886146,0.8658089225323184,high,not_eligible
20.07254528582469,38841.89587998391,salaried,12.572875523265491,6276.107747127919,0.8222455743684448,high,not_eligible
50.15699877814326,59823.26921097664,salaried,11.791607595770287,3215.0092397392664,0.979127383901588,medium,not_eligible
20.518666560359804,62795.51333895789,student,10.75334090903949,3973.6786999300807,0.8921780074250871,high,not_eligible
23.1614992693448,36840.19912135746,self-employed,9.09055230382831,1917.2213571718369,0.9810191908080896,low,approved
24.56601321822011,28971.038007032315,self-employed,4.424309140356926,8818.169781574717,0.8284039479649767,medium,not_eligible
47.8044517273279,96524.5265252095,unemployed,11.202850972342109,9593.797911079348,0.9437477492506924,high,not_eligible
38.29203105711408,72570.05316528732,unemployed,0.0,8273.54356554233,1.0,high,not_eligible
35.938657767348325,72273.74534888807,salaried,6.361913927060262,2749.3117187973567,0.981169344927266,medium,not_eligible
55.16892613140042,92229.97590224484,salaried,10.10396546115176,1859.6865165106756,0.7407858406571266,low,approved
20.51698877740627,83934.42048623953,self-employed,12.59601307582754,4809.442972462466,0.8246323922457619,high,not_eligible
18.6232365075775,14867.429017735383,student,7.573761689253549,1839.3079002262657,0.8154835294550203,low,approved
45.38023875575977,45679.092376846864,salaried,8.971552224563961,10939.11146937275,0.8989254535076328,high,not_eligible
55.583041789429615,92654.544272357,unemployed,8.593141479668269,2003.0487508199196,0.9186353555014533,low,approved
22.04398963551652,86461.56949310524,unemployed,1.0863684487982384,4108.329667916656,0.7661107325974263,medium,not_eligible
37.52767024220059,96771.5668727121,salaried,8.39529351970788,6947.304961067467,0.8567838513916938,medium,not_eligible
32.62746414215312,81860.0823674835,salaried,12.386837359433802,7710.246605847933,0.6480072667843864,high,not_eligible
17.895820708482532,99118.70924893024,salaried,10.659580685916628,1094.3877954153186,0.994194500580189,low,approved
41.17824258255465,12095.004517925989,student,0.0,1918.5219857151274,0.7987625759323306,low,approved
24.627992396834124,61847.16528503702,unemployed,0.9975735762735596,4207.664861970533,0.8555863939844497,medium,not_eligible
35.77701425768117,67019.98867450685,salaried,6.22424087133604,4511.095846738918,0.8190350286011938,low,approved
17.169152803906773,79180.22161691243,unemployed,9.46649119242302,4627.332906410272,0.9646027575013416,medium,not_eligible
30.010830761892866,88751.31467637344,unemployed,12.793954196327917,6253.619573882446,0.5662493558602621,high,not_eligible
58.56517380363793,19677.684507339807,unemployed,12.1601594834596,6428.5402789092095,0.8483389657674091,medium,not_eligible
17.97794767890175,94446.41853243498,salaried,11.211872086967588,12003.113773272598,0.8394181242502302,high,not_eligible
30.863431183565044,56278.482145357695,student,12.561249561625536,2358.7232851272047,0.8046363612408317,medium,not_eligible
35.905896182010544,39171.466784332966,student,12.32366147552418,5575.729819913894,1.0,high,not_eligible
44.39083439900393,92659.94526534108,salaried,2.001561719073391,11659.157505606905,0.7612670541144229,high,not_eligible
53.95608152552364,98302.65280822683,student,7.869695896340697,1484.23214791573,0.927179617723566,low,approved
30.76056548822094,57687.86105929871,salaried,13.46914415481926,6342.465479166155,0.8856252788706084,medium,not_eligible
20.165135949280263,47391.6602279478,self-employed,4.164524061699395,6371.128585958757,0.9761519252535515,medium,not_eligible
46.99025647277956,22302.539880945867,self-employed,12.76868228130854,7072.877052211904,0.7832810915222495,medium,not_eligible
59.02679805597161,13343.901140615746,salaried,10.780243418722591,9197.277730826901,0.776703110087624,high,not_eligible
41.54932668870556,15677.22491220358,unemployed,3.023684104950429,7205.587094669386,0.9596069907477398,medium,not_eligible
33.10232976697241,64392.04067378458,self-employed,4.748581176349806,5999.525217903862,0.892532130833011,medium,not_eligible
45.59204605506908,87490.94324241819,salaried,14.263359674443846,3740.7411996737387,0.6955062653323241,medium,not_eligible
17.97314023086788,36396.248568539006,salaried,13.14301877255938,4754.161190900757,0.7960694985536729,high,not_eligible
20.7495868188539,40333.926632826704,salaried,13.984151719464318,6411.292755864566,0.8886382653848061,high,not_eligible
34.906891475183464,91970.45217327002,salaried,12.646532535633304,8910.88644868016,0.933776422154659,high,not_eligible
41.56897232266011,76243.43757408061,student,10.390344660739409,1333.1189299713562,0.7820769346807045,medium,not_eligible
21.52027517269166,83845.59383700932,unemployed,0.9857802882539362,8108.064652668528,0.5585744010183058,high,not_eligible
45.68391603904116,35519.3420089573,student,13.719303801043576,3857.4363716803277,0.9023223185737032,medium,not_eligible
17.937412952699077,17948.9090551635,salaried,9.840327664867948,9282.266429802035,0.7279679310056024,high,not_eligible
41.88829506631015,73828.69243161113,self-employed,12.565162142766006,6788.4740542110885,0.6482661201877589,medium,not_eligible
21.23450475141412,62410.390533986974,student,13.413366351882932,3634.540631255099,0.5667674075015858,medium,not_eligible
56.94140006000396,31265.55978673456,unemployed,5.158205087387443,2208.1055937879955,0.931398086019774,low,approved
17.32180045719826,87032.46136177596,unemployed,10.890412883386658,4249.502184153469,0.8628617450404966,low,approved
52.78708810193953,81679.29029637654,student,14.534422232642182,3674.9690007306926,0.8274343619287748,high,not_eligible
21.2109009800104,45299.99123357966,self-employed,4.251684543864093,16111.489592376403,0.9889024362962762,high,not_eligible
30.773512640394724,101123.81252103868,salaried,5.612066431593428,5829.705096338215,0.9137324683023073,high,not_eligible
48.86476522909258,22525.43250694348,self-employed,13.164414947444412,5240.692909975631,1.0,high,not_eligible
43.98409981950836,68541.03931538953,self-employed,12.637936694380928,4274.783511232129,0.7107264527833004,low,approved
27.08039904631765,15142.630488769624,salaried,7.657910226535052,3236.1652228159614,0.8465449376046036,medium,not_eligible
57.0,66835.0,unemployed,14.0,1952.9413829730547,0.6883286625051985,low,approved
48.80041981856173,16377.946870788955,unemployed,1.851510966355001,3923.804869836442,0.8270617668144532,low,approved
32.56199105383533,86504.51593113098,salaried,4.076874124577067,2815.521030888076,0.8251384146233323,low,approved
43.70348832065981,14945.297204690669,unemployed,3.981605180658143,3687.9881109229295,0.912661363726307,low,approved
57.1161364339479,19732.576936893733,unemployed,10.291011434724297,5547.621237911885,0.8545563881141898,medium,not_eligible
49.681519770466494,16485.428543442733,self-employed,10.179913795957926,3492.744323653484,0.9123407138279916,low,approved
19.846123511447843,79577.94750281562,salaried,14.290671748414454,5021.766936812774,0.9203440133138894,medium,not_eligible
19.24699499623311,75582.31289639144,salaried,5.36411788744709,3353.353617236965,1.0,low,approved
51.50235875250949,62169.74132965521,self-employed,9.179619114910553,2555.0240709336335,0.8184703344713875,low,approved
40.567507333087526,74570.18943961861,unemployed,1.932884872978501,9408.295839775587,0.755897729933362,high,not_eligible
39.66277776117822,56082.82445615899,unemployed,1.0120646049677695,9726.76083781989,0.8746083615316409,high,not_eligible
21.24685002326922,14819.955272896956,self-employed,11.7576432044545,5361.574116974135,0.7697719972860456,low,approved
19.02787746029822,14852.43836091494,student,7.9597751228696225,807.9877382708386,0.9981960768436536,low,approved
20.712714057177777,88545.3286007783,unemployed,1.0351413118774055,11216.84128003422,0.8216781961054768,high,not_eligible
56.78205660508502,16572.730732726624,self-employed,10.072191775354124,6634.5562354225485,0.793442363212601,high,not_eligible
50.68422948544554,95126.11881078203,unemployed,12.310723288374524,3138.5853465352634,0.8028684278848882,low,approved
32.0,64240.0,self-employed,5.0,10639.405909303105,0.921841742347164,high,not_eligible
35.36089663288466,37560.16832744628,unemployed,12.073648348597295,10709.779289578342,0.8342253016768515,high,not_eligible
50.0,93763.0,salaried,2.0,8742.089387106837,0.7858333179869618,high,not_eligible
54.58306841007651,27335.078285048094,self-employed,0.0,5252.836753890698,1.0,low,approved
62.28998298950807,49145.03700918528,self-employed,0.0,2939.606637902879,0.764383015933825,low,approved
17.475072268766816,19259.12542230233,salaried,9.077856101300736,2740.9094503531073,0.8535566074032993,low,approved
24.746977446009133,53053.91712494945,self-employed,2.910762552957563,2289.0825632194246,0.915230615161023,medium,not_eligible
31.45678868555963,57548.5463463963,unemployed,8.707877310040274,6829.6512421082425,0.6868664889582926,medium,not_eligible
20.198736793484603,44260.276950873,unemployed,3.003526776160302,6954.431049740165,0.8980260501405924,medium,not_eligible
39.97195699055755,78571.12443742507,self-employed,2.046968913331763,4231.688038929754,0.744489232451955,medium,not_eligible
59.78484762369318,12308.514042847444,salaried,10.40181095317719,8117.936289906336,0.9322782780834002,high,not_eligible
21.302376994527187,53420.6467780498,salaried,7.953279645566417,3998.847372452566,0.7537348988081023,medium,not_eligible
31.492129787875907,17121.458407507245,unemployed,8.173505145666498,835.7708859262236,0.919276903184886,low,approved
36.99691235882176,76519.59070166187,student,4.012555869637218,2711.953532449903,0.9605833066294712,medium,not_eligible
19.37992685733328,74682.96588139293,salaried,0.0,4473.829010777592,0.9361436525632804,low,approved
41.1322856283046,94288.93220314952,salaried,3.082386468820564,11364.249347031711,0.8751316648238102,high,not_eligible
24.73808330127811,41854.41804880029,unemployed,12.440991317742943,9416.939344335173,0.82686990570703,high,not_eligible
51.806351710641465,26886.01912086904,student,6.208813867711692,3867.3223423711793,0.7923580423665156,high,not_eligible
47.47121991841136,75269.7934273729,salaried,2.137787188746729,2196.242023836152,0.9971034690817104,low,approved
43.51877206631931,57433.17917689109,salaried,3.3933253938816867,6111.153272974461,0.7800504779832357,medium,not_eligible
24.20454783806731,42796.85431363289,self-employed,9.876901265216333,5973.23825561924,0.7462933926430003,medium,not_eligible
18.0,80271.0,unemployed,11.0,5666.59239723007,0.9165368935032828,low,approved
25.881767812212345,56875.96940084508,self-employed,12.90568655482752,2064.245688068848,0.7703863196813504,low,approved
45.96441465466691,12836.852791951029,student,0.0,1656.8945286526882,0.7549936502533873,medium,not_eligible
61.75547793874392,17320.129154564667,salaried,4.810072016575862,8896.092054071269,0.7056395737830234,high,not_eligible
20.470316904475464,72821.35045387279,student,10.976466227847622,5135.045548914313,0.8017090160539482,high,not_eligible
51.03346048557998,96128.26816070692,unemployed,9.419603992151789,2936.1300771246792,0.8417284976103506,medium,not_eligible
46.47474524101917,37950.407855692734,student,13.362445505961674,7310.557895247056,0.8743091727660699,high,not_eligible
19.82762280752289,72507.2317336066,salaried,2.99875018751184,5621.852283184948,0.9451306244299484,high,not_eligible
40.6702865900007,99771.68717543282,salaried,7.665506969270853,3112.0175419326656,0.9026897923665792,medium,not_eligible
16.307165294597986,18618.92443719408,salaried,9.324031680850254,1845.9246488831952,0.830912778044682,low,approved
20.52488754404202,55688.99982089538,salaried,7.809619558676556,6705.8095456886995,0.830180432362028,medium,not_eligible
39.232133391089256,93218.31569595072,salaried,7.261255686909395,4976.846628308982,0.9010157468915184,medium,not_eligible
20.6136317224474,57022.10654278284,salaried,8.013551342595283,3877.937924917687,0.9772570162928568,low,approved
53.42877779906083,70377.39143436123,self-employed,13.601387653978854,4198.4938093558385,0.86263141994832,medium,not_eligible
50.73605087778043,38317.20693098627,student,15.433793753190272,3856.8450715775134,0.8030869145789591,high,not_eligible
57.69563462783776,67147.27039242465,unemployed,14.247695647556352,4560.234141301478,0.7507133998914455,medium,not_eligible
55.3838039395479,76514.62817113784,student,9.111755545180335,1634.4443485542863,0.7054794735587774,low,approved
52.207434525949466,80670.66569910297,self-employed,4.68295638848318,9548.407749253274,0.9166269672043524,high,not_eligible
21.686308390539736,20551.28815147838,self-employed,7.224789986037122,1851.1163295193733,0.9077978523639556,low,approved
41.0787017607127,91878.14323694412,salaried,2.8268529463940646,6922.1581280061955,0.907736352510666,medium,not_eligible
41.03579420893029,13877.261391634263,student,0.0,1808.1477867217495,0.8371340553647943,low,approved
51.87008358386762,91947.11932894852,salaried,1.831741047084011,4724.886328005865,0.9906934745891752,medium,not_eligible
41.248113984068176,81359.08200395941,self-employed,10.135443487320709,6236.755156444904,0.8015881505415182,medium,not_eligible
58.60628185388499,57934.47161725655,self-employed,0.0,8992.938256509251,0.9455269237207206,medium,not_eligible
43.60963348640979,53182.8323634483,student,10.957706590246238,5555.304969788679,0.8461257105010457,high,not_eligible
49.46201438618313,60240.29183692599,salaried,12.866391181182207,7546.425094834869,0.7891649235320662,high,not_eligible
29.0,18680.0,unemployed,11.0,6668.358171404449,0.909253030731776,medium,not_eligible
49.27660136665487,92516.40128594948,salaried,2.0521164062290578,5189.621820812776,0.8909636118683993,medium,not_eligible
47.797422392518286,22623.80921937522,student,9.051744153137184,1309.79871343067,0.8856972759266926,low,approved
49.410458036430406,65064.7412425181,student,4.244511210627429,2036.2251190992815,0.8581278422056199,medium,not_eligible
44.40159992254491,12771.039611709824,student,0.0,1531.622009057543,0.8462106918283169,medium,not_eligible
33.17889367084709,77905.23654263734,unemployed,4.233284132833636,3602.5957678959394,1.0,low,approved
30.55151107680547,52510.934584751696,salaried,13.173848134081076,7636.636944419977,0.9684256645196172,high,not_eligible
29.990433294099503,29626.261845940306,unemployed,8.739250453786054,3161.021392796803,0.9222826894985512,medium,not_eligible
23.96766306036376,39071.32892562671,unemployed,12.394415118268396,10585.984570196297,0.8611799158203388,high,not_eligible
39.03499046327803,80689.89632698313,unemployed,0.0,8249.289448219046,0.9507157200596668,medium,not_eligible
40.15686075979977,102066.7308965962,salaried,5.276794573028147,2128.8148714708923,0.9017994776391453,low,approved
18.803370630187008,59045.67935267179,salaried,8.270549353845185,4928.897095499051,0.8526204752774036,medium,not_eligible
27.728511935907804,48836.40993167527,student,11.615358402142256,1264.300372554625,0.8196435674734085,low,approved
18.257234915599536,24978.26350204024,unemployed,15.512929776588972,1356.4175594901433,0.8419082662337312,low,approved
40.8094774900505,71037.20488063345,student,4.265671573325416,559.4745116028386,0.5329574264121943,low,approved
20.566342845891803,80819.72704363237,salaried,5.337416389735043,7278.718612729147,0.8710600839297642,high,not_eligible
32.279958273563395,66152.45364596178,self-employed,10.053392094854525,6210.018885352216,0.801152391988964,low,approved
44.24747701500424,79116.81651218199,self-employed,4.970577720491466,8663.300962596637,1.0,high,not_eligible
40.31677390905951,90504.85444299276,student,11.416005391473597,413.38512818913915,0.8519344070811754,low,approved
37.55061105597413,53262.20778376176,self-employed,10.381497130402716,8391.129241864863,0.7311036580465038,high,not_eligible
58.21106543435051,96808.95131442916,student,7.769575020398058,4503.576152657744,0.8450119845871882,high,not_eligible
42.5728852109572,48650.70858202082,unemployed,11.349150146821898,4834.779687866621,0.7453878914937495,low,approved
21.66420790921465,44336.23562404857,self-employed,3.9668755554916566,7776.420066204417,0.8973407415712467,medium,not_eligible
40.56973203121704,44466.45756696337,salaried,0.0,11238.600026077052,0.8790947364339485,high,not_eligible
53.4701071452012,94440.83018066351,unemployed,12.3094317797968,4649.353908188217,0.9457839631108268,low,approved
57.749719896645445,87965.26255842148,self-employed,5.829864770021006,4030.5254761072506,0.7709118208305434,medium,not_eligible
38.22992219476802,60949.16114872299,unemployed,0.9634258359807,8762.96249840296,0.8534008096228146,medium,not_eligible
27.003564938416385,60714.42259956039,salaried,5.097447416215078,1939.5613331230302,0.7134978204573365,low,approved
31.388424107727705,52263.90856426129,student,10.059031829307855,271.2471206916779,0.9201494781924714,low,approved
18.51822469432957,11369.545742402146,unemployed,6.112637600837031,1512.609592433857,0.9018871180440122,medium,not_eligible
17.971672368823754,13382.250115587874,student,4.169160905010656,6109.504854958969,0.8995805021027571,high,not_eligible
42.50496082721258,46775.197542443006,salaried,0.0,1876.6672051927974,0.8501619031356941,low,approved
60.78780976162265,93856.66753517128,self-employed,4.03420255081268,3029.489973315476,0.8914772890788791,medium,not_eligible
29.698206320830504,91527.76252779666,salaried,6.071791995486992,11372.967925210509,1.0,high,not_eligible
41.562442955249615,21835.5363247518,salaried,2.907239900480775,3251.597313074166,0.8214905742957985,low,approved
19.11056386347288,74653.53118974245,unemployed,7.561412768268911,2825.9941904817024,0.8638645183710084,low,approved
42.28323678419149,98915.56242008018,unemployed,10.0924292101967,10996.023755227765,0.741387370081859,high,not_eligible
21.180867689958497,55686.90465025805,salaried,7.671159457057729,8549.647958511812,0.7631739038401667,medium,not_eligible
33.630372538722995,17127.074106039407,unemployed,8.232092410432868,3152.4616329997175,0.8597813293093307,low,approved
18.31652233595529,85714.4660244275,salaried,5.134129202300405,6669.047426732561,0.9603933546701908,high,not_eligible
22.83184323770677,42498.21808744759,salaried,11.810465424569124,7511.322783938161,0.8243719175748427,medium,not_eligible
49.08421697918078,29459.24005601148,self-employed,0.0,4152.64396221815,0.8264083470687876,low,approved
43.20938196629925,30303.96248780631,salaried,10.029252069372683,11124.47934830535,0.8093114755495625,high,not_eligible
47.9462528082632,65925.0999220474,salaried,2.153585693876848,7037.039351697447,0.7965243329155677,high,not_eligible
29.25073176033844,50669.44153777925,student,11.504476487556612,1420.0779206335587,0.8794971455708821,low,approved
42.04532438307979,79603.15111295234,self-employed,4.148013262299306,10447.233845997165,0.7002742354821355,high,not_eligible
54.51412598882633,36662.40042913195,unemployed,4.94188354138727,7472.202472167265,0.9780939576666728,medium,not_eligible
52.81135843044927,63523.96960515805,self-employed,10.837902577436218,8288.953443148517,0.783457770187054,high,not_eligible
39.82267219576973,69367.77652160132,self-employed,1.023274646288422,13790.006917833953,0.922190348543814,high,not_eligible
32.40133124134418,59949.32667540081,salaried,12.923156943623098,4903.870918102641,0.7230001402606123,high,not_eligible
45.7869515257942,95541.31871526736,self-employed,14.525802572387192,3250.007571323599,0.9168840130546216,low,approved
41.68576554373034,65702.7702503126,unemployed,0.9781079062312332,2053.6843650552014,0.9171944607814496,low,approved
27.274332939777924,32169.023682616626,salaried,7.596876934932286,8544.241608585884,0.8884202072005897,high,not_eligible
18.156465716142737,23938.654913063565,self-employed,7.76709775333818,3112.723275209618,0.7505571478200208,low,approved
23.0,14499.0,self-employed,12.0,8514.599920284407,0.8749548189598076,high,not_eligible
46.41218944067179,59065.60422217912,unemployed,11.048600298699515,2684.634745019009,0.7316943815265611,low,approved
50.864621113044365,98289.2826010725,student,11.925844615195434,6332.832595418464,0.8247236744903814,high,not_eligible
21.393745469314062,74163.45899536085,self-employed,12.252470956173983,6190.947935298977,0.9529413100955326,low,approved
19.79783274423396,55550.271542186376,student,13.777607228565664,5652.312480947383,0.9296701927070742,high,not_eligible
37.69915988370087,42424.39461752814,student,12.627974770292818,1686.9005998680195,0.8515182942540432,medium,not_eligible
56.11701528684879,24233.00303416853,unemployed,9.717738592497096,5312.165657337318,0.7525193424077158,medium,not_eligible
25.210464117152785,59576.82949047044,unemployed,1.067381444352984,11765.118643912823,0.9145587712174194,high,not_eligible
50.3872206366506,41210.23845791559,student,9.037405258532235,4012.5807488463997,0.8519381237698025,high,not_eligible
58.71242991626494,14310.10220462839,salaried,2.034097239613617,2998.5531449887203,0.6179684401769576,medium,not_eligible
19.76039976621124,59903.67252821563,student,12.234623856426843,3335.0488139456425,0.9282629826316516,medium,not_eligible
38.49184149757783,76410.03066226187,unemployed,7.438316434677956,2617.7965110512,0.8475767166130308,low,approved
46.475949968546814,93357.14885698112,unemployed,7.378113241141335,5399.7729958786995,0.9702451247983072,medium,not_eligible
47.10622590245693,31514.32762055072,salaried,10.73234957934398,7137.680196965666,0.7404729481157195,medium,not_eligible
48.799515837803554,66864.04299864157,self-employed,12.857615193783367,3117.3246460783407,0.5323296186803999,low,approved
41.98745238378076,10522.857782037723,salaried,0.0,8882.153256286845,0.8779083858345185,high,not_eligible
44.64240483916033,22317.966921855343,self-employed,13.060924134743887,7361.542658811475,0.8791563676681973,high,not_eligible
45.64661772811021,19789.39376121987,student,9.416353073441066,508.8390158479592,0.6809328372393548,low,approved
43.59865719917896,90375.58116666232,salaried,13.024834628548806,1830.9452753282171,0.7521500454133393,low,approved
22.225681426172297,72825.99849550516,student,12.08836233408162,5874.861220741812,1.0,high,not_eligible
27.595539807884947,26878.715444134574,unemployed,8.227639053691052,13287.129335525235,0.8194389385846197,high,not_eligible
42.04908494625192,86497.43370862676,unemployed,7.736906831486806,9930.958102862993,0.9230958976376216,high,not_eligible
50.88234610629208,100426.10047333904,student,11.416636582778391,1608.7470125430254,0.7849340172631616,medium,not_eligible
60.89051672299583,56058.22367891286,self-employed,0.0,8464.979905496268,0.6409697101146843,medium,not_eligible
22.103753527147244,65766.25565607671,student,11.8566951275627,4282.553035862489,0.8329741753204094,high,not_eligible
25.67103749338913,39738.24638012131,unemployed,11.861590947497184,3968.0505978967612,0.8234395439713894,low,approved
46.21427524913855,41963.304119133136,self-employed,4.663801820810222,4687.000772437648,0.8100121761331628,medium,not_eligible
44.248325024739394,58802.721608108586,unemployed,1.0150186101427032,4150.608601957758,0.8385359164493608,medium,not_eligible
50.2287580982434,31759.899073490586,student,6.331133262750193,1506.0862749005673,0.8764268271645637,medium,not_eligible
25.043358067915538,66780.5909232221,self-employed,1.8810935627962844,4128.482493417592,0.8349883048746193,medium,not_eligible
34.30877457191628,46883.70814382994,student,3.672651005834598,4468.315468051605,0.7235993832052636,high,not_eligible
19.331345241610464,70256.37432673684,salaried,3.1359842991152904,3065.5581737063585,0.8986184791561939,medium,not_eligible
39.85102360609904,44649.9762577134,salaried,0.0,7298.975687824059,0.6550628244677577,high,not_eligible
50.3800231735564,36059.96203545847,student,13.79435520546821,5196.406443105926,0.6449642542715799,high,not_eligible
54.19477758104775,95651.4550026996,salaried,6.773377067268454,2438.672159397888,0.9239180494701568,medium,not_eligible
53.43283663352288,13783.83025005131,student,6.99662126202886,4092.8793363408267,0.9007020272135356,high,not_eligible
50.812028708779735,94401.33009432924,student,8.162688404578152,5777.398268949303,0.8442604634925964,high,not_eligible
18.43476941226401,13089.814583709243,unemployed,5.785847825040638,1209.7260286175524,0.7104551495244927,low,approved
38.09306368092579,58800.92419350109,unemployed,3.716917317579464,4243.843946315539,0.7792089059325924,low,approved
40.541972968745526,12471.06629791601,unemployed,3.905184574384608,6727.789598491243,0.8237253252313496,high,not_eligible
37.54409386711139,56265.24833125739,unemployed,1.0683586089385029,13769.293988442425,0.6904106031425886,high,not_eligible
41.86439023147626,19078.08964201882,salaried,2.8344120409483624,4834.643725538539,0.7760971341976767,medium,not_eligible
51.83237246288674,85679.79019894922,self-employed,4.661610873621165,7894.690243689302,0.915233033817668,high,not_eligible
33.4194951449802,17774.74487033689,unemployed,8.058536822942994,12005.60536107204,0.9927305364289216,high,not_eligible
19.94543111733532,70925.44087719932,salaried,6.494310912302547,2851.854856280525,0.8080565247341449,medium,not_eligible
56.2196265029363,66426.56054141819,self-employed,12.443084985627118,4823.075470102882,0.9256488354316098,medium,not_eligible
19.94235667936939,78504.13048150319,salaried,4.846961149169166,5582.59518673879,0.6585939929412532,medium,not_eligible
54.44639340198773,62020.93875017798,self-employed,12.374049134705947,2457.6254865855312,0.9159451241113612,low,approved
28.60328423233953,50678.02497349348,unemployed,2.1195996152199927,4222.277999130662,0.7696051585272519,medium,not_eligible
31.0,53525.0,salaried,13.0,3854.193211002239,0.880734561670797,medium,not_eligible
24.737584680437774,58002.25844639875,unemployed,0.9604428376795552,5860.250524544847,0.825224758176029,medium,not_eligible
19.15042995326264,42611.754537180816,student,14.239367900646258,4047.2020401432155,0.9820414009783834,medium,not_eligible
44.3358489125055,12239.948022187487,unemployed,3.9934475996543335,2893.538834095956,0.7625564351660081,low,approved
28.45761846925627,50473.43009967684,student,12.634422653648954,3352.0286711524827,0.9127606297561832,medium,not_eligible
22.12343786761832,45940.77897968608,salaried,8.116071749673477,3258.6086748228004,0.8220492536703466,low,approved
21.81206986106335,58646.88583988437,salaried,9.683144003854684,4416.728766524622,0.8341694521990336,medium,not_eligible
54.40522798724781,78206.18664490935,self-employed,4.835661464275416,2321.3844881367286,0.831614610684079,low,approved
52.36416363395996,20709.592628926894,self-employed,14.08183601462486,7731.855946574736,0.7654326895505887,medium,not_eligible
41.278086663033726,91383.170721441,salaried,5.281673948683098,3043.5668560701774,0.8485901034093328,medium,not_eligible
30.631994468268623,50108.20486838306,salaried,11.237258629519571,11554.12078814541,0.8437351777878178,high,not_eligible
35.48706485350019,64445.47014202955,unemployed,4.2366020077147,13288.483972660842,0.8741240248406729,high,not_eligible
36.29825174860138,88913.89187663367,student,12.694064628958964,1304.1163495394442,0.8584505145692862,low,approved
57.21676252667819,14422.667782181396,unemployed,1.8236177936718008,8450.553158390945,0.9297994549612236,medium,not_eligible
31.803829682592443,64898.69595898864,self-employed,5.073869647935233,4785.770174012921,0.9423508616047368,low,approved
52.57639783563126,64928.69310682571,self-employed,0.9850465525533922,5673.570164218875,0.7449376678172198,high,not_eligible
42.2960971193857,43854.46106936018,student,8.985863184528748,2171.533668008925,0.9368772500590772,medium,not_eligible
39.34088088329296,13157.285999174006,student,0.0,503.19993764779383,0.7313663572890146,low,approved
19.363143770982983,54479.96363632799,student,2.118433541241802,2341.7012565293912,0.9087855888137736,medium,not_eligible
52.16177463886186,26994.803301881188,student,5.7715058263684185,3036.4275739961213,0.9119738784702868,medium,not_eligible
24.87864188782273,25719.873546595307,salaried,4.042387072324322,6765.841059712133,0.6588683108337495,high,not_eligible
24.69726640004655,33644.249688544005,salaried,9.2637479401994,4377.003357087276,0.859297924652941,low,approved
23.14657044767107,76241.15677378987,self-employed,13.678432345849991,6752.188057359718,0.8031503886639684,high,not_eligible
45.27796757537376,21294.3717525185,salaried,2.7744725459738646,5529.40905022786,0.7741234742064624,high,not_eligible
60.45681935136723,23266.298609767106,unemployed,2.8787340686579364,6744.096264878274,0.9850852330699004,medium,not_eligible
18.978906929590337,78615.04365860744,unemployed,10.792331929190254,2979.335090901727,0.7846320859362581,low,approved
43.77445034918316,45166.432453418856,unemployed,10.460697379636123,5517.131054962026,0.769362307088195,high,not_eligible
19.639000500989603,72691.86901794032,salaried,0.0,3982.39747568269,0.8575694940005093,medium,not_eligible
48.89683043516151,47599.74723585816,unemployed,12.279579588695071,4276.5011774682935,0.9185589746298416,medium,not_eligible
20.116154673203976,23047.810580457364,self-employed,8.043267431251381,3692.9356122906734,0.8358351413989873,medium,not_eligible
36.84756173935936,71016.61495815041,student,4.0081732567987824,3868.371176950784,0.9666370545669252,high,not_eligible
49.78604854233001,82297.82883718141,self-employed,4.917083969879443,1888.0220610182578,0.903097566196409,low,approved
36.52435359746574,90089.31234780652,salaried,10.957810388687614,8279.576345765263,0.632178868026857,high,not_eligible
20.283297079804395,78295.26949888478,salaried,12.382431030602188,8999.64971650766,0.7970533036492992,high,not_eligible
24.73250747731436,58654.69062241024,salaried,5.130706742495393,5050.936156550948,0.79381579006483,medium,not_eligible
44.76935606631386,19927.56803752792,salaried,2.8517207539404508,3450.415120145704,0.8979360953429422,low,approved
60.56281804299461,13083.27716463239,unemployed,2.1326486406917264,8385.543777857129,0.5875182943625887,high,not_eligible
54.106784854084914,60762.52464305386,self-employed,1.0587794792101333,2671.047105937164,1.0,medium,not_eligible
22.69623051479172,45316.009622042766,salaried,8.454284472254665,8998.909873334504,0.903102609489421,high,not_eligible
25.5374401702092,15383.939311212876,salaried,8.253063197555191,903.8272249101467,0.8648876803917691,low,approved
46.965365993961065,95572.69349236113,salaried,2.0748675734259634,7106.425229049418,0.9681567716419146,high,not_eligible
45.81237287972456,64336.56582318615,salaried,11.470220372189356,8364.75150661518,1.0,high,not_eligible
54.21173427701199,18159.27416681474,self-employed,9.835037816648937,3709.201731198724,0.9370746644588404,low,approved
18.568644443020915,20784.79276039044,self-employed,7.887361515960071,8066.405357901552,0.944881309647162,high,not_eligible
52.37976858400221,49576.8975907737,salaried,8.8043067822201,2591.3578483752503,0.8630690024464382,medium,not_eligible
22.944289020613787,62659.87331381827,salaried,8.571249274204993,8832.775596654148,0.8358474246633052,high,not_eligible
57.46512691376152,31685.517900129616,salaried,4.001925096173101,4400.195364981108,0.8024204555995098,medium,not_eligible
29.1923645526218,89088.54870695127,unemployed,11.75667638968854,8691.920281017701,0.7673888008285458,high,not_eligible
20.756366909563454,83342.67114450598,salaried,0.0,6195.267223573551,0.7812985900300502,high,not_eligible
20.77649398018428,83480.73001045844,salaried,4.624072350563816,7503.695996775763,0.7149444035657017,high,not_eligible
39.01893833064187,16083.78663682933,unemployed,3.4199200826328866,6848.361087478152,0.8424128549314976,medium,not_eligible
19.39551189630123,64758.600583409454,unemployed,8.409421966168859,2546.8101072962672,0.6815332422773612,low,approved
40.57898440657481,77705.60948255927,student,8.646660167435687,6456.467103082765,0.869091652414371,high,not_eligible
45.91790928338139,58213.88163856399,salaried,5.077745748344139,10160.426821627465,0.8463669391957658,high,not_eligible
38.71299034881563,64092.53583326991,student,0.0,6989.548824532871,0.8646935298386688,high,not_eligible
19.260115086394496,68013.95784887201,salaried,3.098172318359359,13161.922729594036,0.7977868429980007,high,not_eligible
25.34744225006672,31774.09426866504,salaried,10.177170046083075,2574.7177399206494,1.0,low,approved
22.26978629613696,39292.67189928135,salaried,13.975249174007615,4582.614276458762,0.9860115900180312,low,approved
27.760332133338324,34577.02624097127,unemployed,1.9567245559759383,4135.383109911969,0.7255457499915277,medium,not_eligible
50.44885539286703,92880.41892562556,unemployed,9.225248026249076,6538.411641672005,0.8732868087426898,high,not_eligible
31.263443725438496,94357.7907582282,salaried,5.565868789758795,2193.2399494131528,0.7891993857062676,low,approved
31.437098622999283,21910.96909714013,self-employed,2.1187221667263167,4483.139887263765,0.7485520273292585,medium,not_eligible
33.840246990283426,72294.89484927269,unemployed,4.113164399128555,10432.628258332836,0.7159927928876064,medium,not_eligible
52.80506774914912,89390.9566826134,unemployed,6.714868086875447,3683.374711436723,0.8932216690759254,medium,not_eligible
51.483816821346736,16709.813940294986,self-employed,9.201617790921144,4541.604942801691,0.7818619764930426,low,approved
19.919969182826904,78465.61055524007,salaried,0.0,6248.3905312134375,0.9467826024025204,low,approved
22.891415552915515,42293.53438716543,salaried,11.63158436588382,12175.558995930456,0.9493782214530438,high,not_eligible
27.92356592158765,15848.3818757699,salaried,12.743883040236108,7549.523675328177,0.987391438521145,high,not_eligible
55.40451326982864,84664.88291552915,unemployed,11.31231878849203,9121.030058357528,0.7647613233925896,high,not_eligible
27.50057715568694,20808.153304862462,self-employed,1.976008948285005,3810.7179697768397,0.897536561069201,medium,not_eligible
59.71089453306361,81556.76513017928,salaried,5.555119908273883,3981.7580436281633,0.91324542166423,medium,not_eligible
35.553088490031314,31809.93354221668,unemployed,7.202059462529719,2514.790067611886,0.8025821824896034,low,approved
26.05267068461377,33408.556628882856,self-employed,3.003944714548557,6044.912446975128,0.7728228042607125,medium,not_eligible
53.514556644605904,12902.72272452331,salaried,10.116016404563272,6101.528625544697,1.0,medium,not_eligible
54.86531438378718,99863.4806268676,unemployed,12.2299357161591,4733.473833068748,0.8727495875732053,medium,not_eligible
39.07434878506152,58270.67726360272,unemployed,3.863434200303814,5343.923545289384,0.9135967750711738,medium,not_eligible
31.23373325572672,103499.05068055916,unemployed,8.661842346490927,6179.415014124072,0.7677923988172073,medium,not_eligible
31.30575946885664,55657.34180254932,unemployed,9.616131618420866,6908.938594501097,0.7280715533477806,low,approved
43.68729854889544,80243.9192607469,student,3.079580399087664,7171.851493704185,0.793055022550789,high,not_eligible
50.02472317413707,17305.611191135435,unemployed,2.0405301190822978,6593.1298641635485,0.8375978612610002,medium,not_eligible
34.28612833900891,73912.46332088106,salaried,6.061605043226013,8940.718161410447,0.7435779993182651,medium,not_eligible
22.15830188469454,54573.48437394858,salaried,8.863667231166607,3779.984378989193,0.8490155191349616,medium,not_eligible
57.32466695091137,65342.716637983925,student,4.043280667071037,5635.438570772485,0.68114948119315,high,not_eligible
42.80969277236245,21996.179653909363,self-employed,13.958017522391115,1406.5996795909298,0.7379952577530128,low,approved
42.86867311460691,66726.06629210958,self-employed,13.167043527202852,6810.184014704942,0.9170911248276876,medium,not_eligible
49.16449144607409,57036.41040741106,salaried,12.290035545740183,3822.0308284250636,0.9103790520277892,low,approved
32.67268079124732,90849.9610036465,salaried,6.262418248971953,2748.590585529613,0.8108123234613134,low,approved
52.71935044061528,76370.97444134581,student,11.23158956379785,667.4626229400534,0.7482235690923047,low,approved
38.75247148830651,78580.97457318193,unemployed,1.949993581833202,7704.782714702264,0.7472596448473989,high,not_eligible
48.64656558949702,19153.83915540017,student,7.449422309896298,676.5043535389647,0.8126731754058686,low,approved
62.11058994254745,25817.467072192187,unemployed,2.831095560121524,13230.89156376347,0.9144518491645292,high,not_eligible
43.20826371500756,23060.90721351993,salaried,7.27389379742598,2884.8399495677522,0.9428245691344324,low,approved
43.355978655476,28052.30273972692,unemployed,2.8996459576828126,1456.0409825134018,0.8003468264518031,low,approved
22.178302253715227,75772.59044030367,self-employed,12.228353062086956,8014.425817943986,0.7346507574015215,high,not_eligible
47.47843079037615,50895.047642075166,unemployed,12.219155661378531,4486.625100063592,0.8767843637866333,medium,not_eligible
26.95635946032785,30790.699213772405,self-employed,4.941139498542759,3478.9499486282534,0.767646502937415,low,approved
32.73809356208742,15785.605912385305,unemployed,7.849947155478958,10798.294383550625,0.7981747361138798,medium,not_eligible
55.23524197756945,97121.78316084707,unemployed,8.761324915013866,7133.5185516152205,0.9825276090437036,medium,not_eligible
40.53352191166521,24149.347227311395,self-employed,10.881650252845,6493.157737198091,0.9327115428565768,low,approved
44.736893479116986,65309.16648486144,unemployed,6.14057582007961,14504.205317009575,0.8657974312251452,high,not_eligible
41.34979488811199,26493.41930968637,self-employed,10.84720427027584,5057.871819833808,0.7228080998887276,medium,not_eligible
17.98109354066386,12404.69789267056,student,7.774990398976177,5617.367553772358,0.8711396567470658,high,not_eligible
32.81692027902868,90179.87109770835,salaried,7.005282293187285,6946.804608595874,0.9562657290787526,medium,not_eligible
49.138968869002746,65742.35925735986,salaried,2.0930973713129504,6029.974543824399,0.8124366334234464,high,not_eligible
62.36866825703829,66791.34464865972,student,3.886813699459152,827.8206294135446,0.9851114089986714,low,approved
56.90220496663516,25218.657067436,unemployed,8.514110254452811,6827.322384012284,0.9792745289518208,medium,not_eligible
20.38832706771226,91002.6538686324,unemployed,0.987882691831771,4305.463838306501,1.0,medium,not_eligible
56.431813454262894,45403.96979536606,salaried,11.95391016821466,5638.213822224433,0.8805243126531352,high,not_eligible
28.95604058194862,53257.681292443456,self-employed,3.009904446726212,8284.254011726181,0.9087391699806012,high,not_eligible
26.331100775337426,93143.5145214444,salaried,7.163476537748911,6377.817122404003,0.991418728833109,high,not_eligible
57.43700672974343,79075.46732149721,self-employed,5.09473298783928,4912.265997361832,0.8947393937068976,low,approved
25.561338234219804,47067.80571390492,unemployed,1.908498653199298,2997.8012776855444,0.7998765892209787,low,approved
53.00376927261701,84863.41347448359,unemployed,7.5109103020824,3073.746403287191,0.8051457163472139,medium,not_eligible
25.67355341095406,16081.038386501334,unemployed,10.562691077207813,5904.918449191575,0.873855495377374,medium,not_eligible
19.845078642899225,53886.80565703856,salaried,9.256503907112275,4148.983218784377,0.7209438578053781,medium,not_eligible
45.523239790481206,81794.36756928566,self-employed,4.158729835371956,3118.7833962025616,0.8356741084635807,low,approved
51.14027981866954,66014.52794250597,salaried,2.1032538568727768,8144.110391726866,0.9596547118230254,high,not_eligible
26.159141645363,54340.0945880432,self-employed,2.927343854205257,2311.036640359185,0.6308746148834719,medium,not_eligible
25.99051840431272,29147.43488038497,self-employed,5.036465574957422,803.3595446251645,1.0,low,approved
33.06236806820727,79541.78070176342,salaried,12.446847545872266,2908.082693633927,0.962237421870316,low,approved
44.10553117795348,45779.60788320824,salaried,8.070422620557789,6455.171017287768,0.8040235384169523,high,not_eligible
25.60659707848179,54105.16200671766,self-employed,14.971461507266248,7791.502212370162,0.9043390827871808,high,not_eligible
56.58400982887112,66864.10181728537,student,3.790149049608032,6509.137031600571,0.8503147726906326,high,not_eligible
26.67512415903808,29350.89869301128,self-employed,4.969741247607678,3050.3488506565172,0.9729990368438683,low,approved
54.01266273216064,65940.26694617786,self-employed,13.086891737345418,2037.272668015129,0.948268314276994,low,approved
38.33824421004529,72171.50754520751,self-employed,1.020155711687564,7090.309852543459,0.7099929276816991,low,approved
33.0,31357.0,unemployed,7.0,4846.010677501975,0.9087262413464176,low,approved
43.580431075281766,81653.44412287073,student,1.9080847517607689,1194.2550820345944,0.8294372146356752,low,approved
54.67654632665343,14601.340615029592,salaried,2.0313320851174907,5898.26806112196,0.85828325705181,high,not_eligible
18.958914857427963,59617.66071054291,salaried,8.26729003579141,10210.607134939451,0.7771828099030185,high,not_eligible
38.86343058776698,103049.8428256246,salaried,7.803126547126898,8339.959986973914,1.0,high,not_eligible
30.334489566918524,29822.424574174853,unemployed,8.412863214711576,12230.25806047604,0.9540061819902576,high,not_eligible
54.80454320517429,65832.46809293819,student,4.175787228881176,1568.2439776473784,0.7760228836027032,low,approved
49.25551977944309,26058.16155062897,unemployed,3.139635592005991,3903.2551970820814,0.7165389393089767,medium,not_eligible
44.698072360583645,77382.84734195263,student,2.9320619247201067,3750.9898020291257,0.8114327369022152,high,not_eligible
29.452816454460454,48413.62378821194,unemployed,1.9696198805130964,4085.832801164037,0.8934502646091306,low,approved
49.092200471176255,57543.85382493711,salaried,3.051536759573537,11515.328815771289,0.8740205843946223,high,not_eligible
53.54199836000124,96912.8571964212,salaried,9.237385767344923,1787.3226213628218,0.9753132824768244,low,approved
57.92914853871676,13076.13303433113,salaried,12.013994462392969,9658.915257429484,0.9289919722180852,high,not_eligible
15.289555691544235,43029.47292647812,student,13.231923966132324,3382.52303531484,0.9469569025752906,medium,not_eligible
56.7432639608576,22274.75210554374,self-employed,15.239463846664885,13171.956998489846,0.8826855400610437,high,not_eligible
21.32280708983248,55463.13712394373,salaried,8.022903301954106,3671.3016374627314,0.7110701269789009,low,approved
26.67500199228384,33253.51030393118,unemployed,2.0454628714786725,6557.214451790815,0.8304301468853098,medium,not_eligible
26.21137359147452,22644.265366144184,salaried,3.910168361404659,9521.752103362183,0.9560089739908666,high,not_eligible
50.76587352779608,68210.16286493572,self-employed,1.0452714732372332,5787.442805364872,0.8448477071475353,low,approved
22.18693209705977,43017.7924169298,salaried,7.4748667067636285,7777.1916592551415,0.9003090368623746,medium,not_eligible
22.535564208242228,85174.33277877014,self-employed,12.139563631877644,10537.641041839917,0.8181251684753866,medium,not_eligible
33.011096071046815,57937.6037783665,unemployed,8.261970074769543,3268.386479170644,0.7470188151458155,low,approved
53.96159250210755,52863.62844561358,self-employed,9.72752868459097,10162.678425645692,0.837665593595389,high,not_eligible
19.490870820412447,12832.98552078124,student,3.841587984457132,1328.9858234209119,0.8809047443032654,low,approved
41.59302626401513,77590.0342915412,unemployed,2.1215082610645664,4722.372134902547,0.7844312280538556,medium,not_eligible
24.03277617632778,48041.10862255102,self-employed,12.044376714930848,3924.042477378766,0.8264288755143331,low,approved
46.67533875529978,46810.4241014545,unemployed,10.720677662560568,4434.5781933534745,0.7560536758014017,low,approved
53.69165672845784,36817.198820584206,salaried,6.269984241873923,6718.040181180239,0.9619244917564096,medium,not_eligible
25.255241787767684,28915.1255040651,self-employed,2.818454301773983,2933.7346687796617,0.8205544242411966,medium,not_eligible
41.336618271399786,86854.07953441537,student,11.975756536521253,1702.4637926208811,0.9952755545126184,medium,not_eligible
28.861870680333425,28168.372896166293,self-employed,5.025663705220817,2911.538328369898,1.0,low,approved
39.50421206266128,67111.28743270718,self-employed,11.175017671613986,5095.4363434712905,0.8418954035278255,medium,not_eligible
24.00977185868149,31136.338519448043,unemployed,13.298587237721462,3160.5998632319734,0.749155126745265,medium,not_eligible
60.15374345454784,23234.595166872423,unemployed,2.823258223584572,1387.575241487111,0.6414102122266663,low,approved
28.008142611657508,61428.782829964985,student,11.506748391264264,1341.116036590683,0.7027962926973208,medium,not_eligible
54.92500530961946,96686.61387033132,self-employed,4.07937487777791,5513.34169760222,0.712616517510134,medium,not_eligible
24.21106354538839,30048.3871340527,self-employed,5.087063812787115,2030.8482774982463,0.9878469627461504,low,approved
31.546693859336177,66641.22085084893,self-employed,4.891039543232458,10815.761032632363,0.8615824587226946,high,not_eligible
32.87279104010653,32452.01937719508,salaried,10.727223615344627,6813.075017306739,0.8889604524091987,high,not_eligible
53.57923530834041,89242.02250507526,unemployed,7.45335043138955,5988.293797711537,0.6279578991064874,medium,not_eligible
17.30476997560605,44327.6881123663,student,13.218764480717253,885.6543303978303,0.7302033570782738,low,approved
39.87525203393644,13435.845289043533,unemployed,2.799358491912282,1490.499912648534,0.9387079776446288,low,approved
46.75428021256079,21889.693965048496,student,8.689434449814922,1558.9991570873267,0.8786774112382586,medium,not_eligible
27.33339283335271,16520.69414960147,salaried,7.742750702712325,7926.365955321782,0.8352794721314403,high,not_eligible
44.51125655008885,29628.21299494589,unemployed,2.7333379556239685,3036.040089738266,0.9064842358600124,medium,not_eligible
18.32194821331945,78475.23839612515,unemployed,10.813649938377752,4883.16277182715,1.0,medium,not_eligible
37.06541827138624,27407.29108549096,salaried,14.46989551150578,2445.8553459658997,0.827895753646295,low,approved
42.09981301440829,73868.83139668335,unemployed,4.977281631513285,7546.015672859191,0.8569369802658069,medium,not_eligible
42.69132454211559,73692.95820544736,unemployed,5.497415182378233,3800.3481415510755,0.8692596918731305,low,approved
45.38902489828399,69962.064238483,self-employed,11.037011151205078,10390.407650510479,1.0,medium,not_eligible
51.1248880396544,42014.600279300765,salaried,10.821935364005022,4084.0430654502784,0.6400643735580974,medium,not_eligible
27.37616972186484,33566.78771728648,unemployed,1.9290093833882924,6304.8110896220405,0.9183223014788808,medium,not_eligible
48.17771122114022,21685.78647451373,student,7.3818629961675395,1629.4216084632556,0.8385197751240936,low,approved
51.96585511855992,61510.90146592769,self-employed,1.0256784531846013,5398.850353796819,0.906677172618418,low,approved
45.33915184120667,83510.66592941858,self-employed,9.949525957970309,3868.384047285124,0.7842627446005276,medium,not_eligible
41.64821742004535,15091.342669407131,unemployed,2.192561311326278,6781.842778739342,0.845103496914155,high,not_eligible
21.470802596799658,40793.18447008044,salaried,12.16000939184762,5625.7900672619835,0.9211410579465495,high,not_eligible
20.252411107708777,79830.6503962102,salaried,5.09448034919568,6969.210641299991,1.0,high,not_eligible
42.56072280069719,67457.70923178528,self-employed,12.701544838435463,4607.3471451493815,0.9308036189402072,high,not_eligible
56.64115020789835,65925.94563670493,unemployed,6.002824868377304,3855.6119730059963,0.7651934401969491,low,approved
38.5795737423743,78578.61456402468,unemployed,8.189935994970712,8368.737783027605,0.8076240317977297,medium,not_eligible
57.5557748274639,102209.45749841566,salaried,6.895583289644595,4074.7680216534172,0.8046585891616146,medium,not_eligible
20.62367929959625,97908.23955847789,unemployed,1.0295606915180229,4732.313569276434,0.6704356827369985,low,approved
18.53104244502769,12388.84059774209,student,4.298912610879436,4114.211656278906,0.8169909808298562,medium,not_eligible
45.60926355308485,45519.12156689518,salaried,0.0,4566.264962047113,0.9232829081821744,low,approved
43.062108037298586,44932.39699538989,salaried,9.61993264214001,6786.337898111247,0.7225767880923204,medium,not_eligible
40.36039120735818,13977.616577713845,student,0.0,1632.9684016999327,0.9548482651050592,medium,not_eligible
56.5374025861613,15427.955353229816,self-employed,9.943761719445272,5356.430572016874,0.8987774821084338,high,not_eligible
34.48531183570113,56539.64616954417,self-employed,10.749027559248317,6967.228492284714,0.7765766678028962,high,not_eligible
54.86298837471658,80613.15808132174,self-employed,5.094028759869884,976.004334274839,0.8358470362662153,low,approved
53.93565975920946,36556.85104909001,unemployed,4.712315076714151,3801.231708592886,1.0,medium,not_eligible
40.403592099218656,16019.570778302032,unemployed,3.0385723863028096,11603.075919696354,0.9233547813505866,high,not_eligible
41.69771898960117,82487.91950712817,self-employed,2.037323403064978,7349.279841973465,0.8508783654898148,low,approved
